//SPDX-License-Identifier: (GPL-2.0+ OR MIT)
/*
 * Copyright (c) 2024 Sima ai
 * Generated 01/10/2025 01:27:31 by nilesh.r
 */

#include <asm/arch/firmware_ddr_modalix.h>
#include <linux/kernel.h>

/*
 * QB IMEM (PMU code) — Synopsys lpddr5_quickboot_imem.incv verbatim
 * (12878 apb_wr entries spanning PHY 0x50000..0x5324D, zero-padded to
 * 12880 u16 to match Qboot_debug_4's array size). The QuickBoot firmware
 * is a SEPARATE, smaller build from training firmware (training:
 * lpddr5_pmu_train_imem.incv is 32186 u16). Per AN §3.2.4 the QB IMEM
 * load is the same operation as PHYInit's training IMEM load — different
 * code, same mechanism.
 */
extern firmware_value_t firmware_ddr_modalix_2D_2_values[11664];
extern firmware_value_t firmware_ddr_modalix_2D_3_values[32256];

static firmware_value_t qb_firmware_ddr_modalix_2D_0_values[] = {
    0x01fc,0x0000,0x017c,0x0000,0x017c,0x0000,0x017c,0x0000,0x017c,0x0000,0x017c,0x0000,0x017c,0x0000,0x017c,0x0000,
    0x017c,0x0000,0x017c,0x0000,0x017c,0x0000,0x017c,0x0000,0x017c,0x0000,0x017c,0x0000,0x017c,0x0000,0x017c,0x0000,
    0x0050,0x0000,0x0050,0x0000,0x0050,0x0000,0x0050,0x0000,0x264a,0x7000,0x264a,0x7000,0x264a,0x7000,0x264a,0x7000,
    0x2069,0x0040,0x0000,0x0000,0x0000,0x0000,0x0000,0x0000,0x0000,0x0000,0x0000,0x0000,0x0000,0x0000,0x0000,0x0000,
    0x1cf8,0xb348,0x1c04,0x37c0,0x0a69,0x02f4,0x4738,0x232f,0x07c7,0x244a,0x7200,0x4468,0x20a8,0x00c0,0x7c9b,0x7b85,
    0x244a,0x7400,0x4368,0x2053,0x807e,0x20a8,0x0140,0x232f,0x12c0,0x0018,0x0021,0x4508,0x1d01,0x17d2,0x2553,0x907e,
    0x07f8,0xffe2,0x2242,0x0042,0x795d,0x2305,0x02c3,0x793d,0x240a,0x1340,0x2142,0x8041,0x07fc,0xffe2,0x1c04,0x10d0,
    0x226c,0x0043,0xbac1,0x0a15,0x0031,0x63bb,0x0019,0x0000,0x0a15,0x0030,0x230a,0x0000,0x2242,0x8042,0x07fc,0xffe2,
    0x1b01,0x07d2,0x1404,0x301f,0x7fe0,0x1408,0x340d,0x78e0,0x230a,0x9080,0x2005,0x004a,0x20e0,0x07c1,0x2244,0x90fe,
    0x230a,0x0000,0x0038,0x0002,0x222f,0x1082,0x222f,0x1282,0x242f,0x9282,0x001c,0x0001,0x1104,0x040a,0x1104,0x040b,
    0x2442,0x104c,0x1b04,0x0290,0x1b04,0x02d0,0x0ced,0x9011,0x0020,0x0005,0x2244,0x80cb,0x20e0,0x07c1,0x1101,0x048a,
    0x2342,0x104b,0x1b01,0x0292,0x0bf5,0x9011,0x2020,0x07c0,0x1104,0x040a,0x1b04,0x0290,0x07dd,0xffcf,0x220a,0x0f80,
    0x8000,0x0000,0x230a,0x0f80,0x1234,0xdead,0x1a00,0x00c0,0x7444,0x23aa,0x0010,0x1a00,0x00c0,0x7444,0x23aa,0x00d0,
    0x1a00,0x00c0,0x7444,0x1a00,0x0000,0x7444,0x1a00,0x0040,0x7444,0x1a00,0x0700,0x7444,0x1a00,0x06c0,0x7444,0x230a,
    0x0f80,0xabcd,0xdead,0x1a00,0x00c0,0x2069,0x0040,0x78e0,0x2253,0x8142,0x7ce0,0x224e,0x8803,0x0016,0x000c,0x2801,
    0x00cc,0x2900,0x0081,0x2800,0x0080,0x7fe0,0x7985,0x234e,0x0003,0x2800,0x00c1,0x7fe0,0x7802,0x78e0,0x700c,0x702c,
    0x704c,0x706c,0x704d,0x706d,0x708d,0x70ad,0x70cd,0x70ed,0x704f,0x706f,0x708f,0x254a,0x3000,0x264a,0x3000,0x70ef,
    0x44db,0x8001,0x0000,0x42db,0x8000,0x5400,0x706f,0x78e0,0x2022,0x0f80,0x0000,0x2850,0x2069,0x0040,0x78e0,0xf1fe,
    0xc2e2,0x256f,0x1943,0x8d80,0x4348,0x0837,0x0324,0x4220,0x15ef,0x9080,0x082b,0x011f,0x40c3,0x9018,0x0064,0x1800,
    0x0205,0x0d1e,0x02e0,0x1802,0x0005,0x0cfe,0x02e0,0x4040,0xeb07,0x0cf6,0x02e0,0x1302,0x1500,0x238c,0x0f7f,0xc6c2,
    0xc3e1,0xc2e1,0xc1e1,0xc0e1,0xc0f1,0xc1a1,0x7014,0x4020,0xf205,0x7487,0xc0d1,0x7fe0,0xc0a4,0x226f,0x07c3,0x41c3,
    0x8000,0x5b4f,0x8a63,0x8920,0x238c,0x8fc3,0xaa20,0xf20c,0xc184,0xc140,0x0cf2,0x02e0,0xc184,0xd91b,0xd8ff,0x0c6e,
    0x00a0,0xb910,0x0c6e,0x02e0,0xd8ff,0x700c,0x20ab,0x00c4,0x7fff,0xf000,0xc2e2,0x41c3,0x8000,0x5b4e,0x8940,0x8921,
    0x229f,0x0b01,0x215f,0x0d81,0x6058,0x6119,0x08f2,0x0020,0x89a2,0x2079,0x0080,0xbdc3,0x209f,0x0e04,0x255f,0x1681,
    0x6038,0x2032,0x0f80,0x8000,0x5724,0xc6c2,0xc0e6,0xd972,0xb99f,0x11f0,0x8083,0x1124,0x008b,0x89e0,0x2b41,0x01c0,
    0x236d,0x018d,0x1120,0x008c,0x236d,0x118e,0x78a5,0x714c,0xbf25,0x236d,0x1101,0x78c5,0x7ae6,0x7825,0x246d,0x1143,
    0x7845,0x246d,0x110c,0x7865,0x7c05,0x788f,0xc4c6,0x78e0,0x40c3,0x8000,0x5454,0x7fe0,0x1800,0x0005,0x700c,0x1e00,
    0x7004,0x9004,0x0040,0x7ee0,0x4200,0xe08e,0x710c,0xf707,0xd941,0xb98e,0x2111,0x8080,0x7de0,0xe2a8,0x7ce0,0x7fe0,
    0x700c,0x78e0,0xc2e4,0x45cb,0x8000,0x5d84,0x9511,0xe804,0x1d28,0x1045,0x0876,0x0020,0x40a1,0x4608,0x40c3,0x8000,
    0x5454,0xb0c0,0x702c,0xda20,0x0cda,0xffef,0x40a1,0x700c,0xb514,0xb513,0xb512,0xb511,0x40c1,0xc6c4,0x41c3,0x8000,
    0x5454,0x9103,0x9120,0x7110,0x700c,0x7ce0,0x07b9,0xffcf,0x40c3,0x8000,0x5454,0x9000,0x7fe0,0xb822,0x40c3,0x8000,
    0x5466,0x7fe0,0x8800,0x78e0,0xc0f1,0x0c56,0x0060,0x700c,0x0c5e,0x0060,0x700c,0x0ada,0x0060,0x700c,0x0f56,0xffcf,
    0xc0d1,0x7fe0,0x700c,0x78e0,0xc2e6,0x1cfc,0xb6c8,0xc1ba,0x1600,0x7082,0x8000,0x545c,0x214a,0x0000,0xc146,0xea09,
    0x6a29,0x2204,0x8042,0xc106,0x7124,0xc146,0xf5fa,0x1600,0x7101,0x8000,0x545a,0x1600,0x708b,0x8000,0x5457,0x1600,
    0x708d,0x8000,0x5464,0xc144,0x9020,0x904f,0xc54b,0xc152,0x9034,0x2379,0x100d,0xc550,0xc153,0x9032,0x226d,0x030b,
    0x6af4,0xc14a,0x9028,0x1012,0x011e,0x906a,0xc156,0x9031,0x1002,0x011f,0x1004,0x011b,0xc145,0x9030,0x90ce,0x9086,
    0xc158,0x9025,0xbec3,0x7ee5,0xc159,0x9024,0xbcc3,0xc654,0xc148,0x9023,0xde7f,0xbe07,0xc14e,0x902d,0xc149,0x902c,
    0xc147,0x902b,0xc14f,0x9027,0x216d,0x030d,0x6954,0xc10f,0x7a85,0xc257,0xb9c6,0xc14f,0x2e40,0x3141,0xc14c,0x6b37,
    0xc155,0x2f40,0x3141,0xc14d,0x2b40,0x31c1,0xc151,0xc10b,0xc305,0xc418,0x7034,0xc110,0xbb0c,0x2304,0x0f83,0x0000,
    0x7000,0xb033,0x1c04,0x3344,0xc007,0x1c0c,0x32c4,0xc113,0x68f7,0xc009,0x2704,0x139e,0xb90b,0xb80e,0xc047,0xc00e,
    0xbc08,0x2484,0x100c,0xb8c6,0xc04e,0xc008,0x1428,0x301b,0x68b7,0xc019,0x7ea4,0x2b40,0x321b,0xb80e,0xc049,0xc005,
    0x2384,0x300c,0x2840,0x01cb,0xc016,0x2304,0x1f8d,0x0000,0x7c00,0x2104,0x0f8b,0x0000,0x0800,0x6854,0xc012,0x2244,
    0x0402,0xc248,0xb804,0xc20c,0x2044,0x041f,0xc00d,0x2284,0x0801,0xc24c,0xc215,0x2084,0x0801,0xc04d,0xc011,0x7a4f,
    0xc245,0xc210,0x7f0f,0xc014,0xba0a,0xc10f,0x1c0a,0x3004,0xc017,0x7a65,0xc307,0x1c02,0x3004,0x2105,0x0781,0xc00e,
    0x7965,0xc309,0x78c5,0x1c08,0x3044,0x7b05,0xc008,0xc10c,0x7ca5,0x7885,0x7905,0xc005,0x2305,0x309b,0x2305,0x16cb,
    0x7825,0x4283,0xb207,0xc00d,0x2705,0x32df,0xb260,0x2705,0x301f,0x2705,0x17cf,0xb2e3,0xf20d,0xc00b,0x0897,0x0051,
    0xc106,0x1600,0x7000,0x8000,0x5460,0x792f,0x6119,0x096d,0x0212,0xc004,0x244a,0x7200,0xc180,0x781b,0xb88d,0xb893,
    0x20a8,0x0280,0x1102,0x0502,0x2005,0x0f83,0x9000,0x0000,0x7204,0xb340,0xc004,0xe008,0xc044,0xc00a,0x2053,0x807e,
    0xc004,0x1e00,0x7004,0x8000,0x545a,0xf209,0xc00a,0x712c,0x7906,0x1e00,0x7042,0x8000,0x5465,0xc00b,0x41c3,0x8000,
    0x5da4,0x0833,0x0071,0x1900,0x0005,0xc106,0x1600,0x7000,0x8000,0x5460,0x792f,0x6119,0x691a,0xb83d,0x6119,0xb9c2,
    0x4910,0x1e00,0x7003,0x8000,0x545c,0x1e00,0x7000,0x8000,0x5460,0xc004,0x7810,0xc0ba,0x1404,0x341b,0xc6c6,0x78e0,
    0xc2e6,0x1cfc,0xb6c8,0x4358,0x4628,0x4708,0x45cb,0x8000,0x5d84,0xf048,0x0e1d,0x1114,0x0b19,0x3071,0x2753,0x90be,
    0xf21d,0x700c,0x77c5,0xa507,0xa506,0xa505,0xa504,0xf028,0x2753,0x90be,0x706f,0xf229,0x0e79,0x1050,0x1d1c,0x16c0,
    0x1d18,0x16c0,0x1d14,0x16c0,0x0cde,0xffef,0x1d10,0x16c0,0x0e73,0x10b0,0x4708,0x77c5,0xf024,0x702c,0xda20,0x09c6,
    0xffef,0x40a1,0x268c,0x9048,0x0068,0x0025,0x732c,0xd8ff,0x2600,0x1f8e,0x0000,0xfe00,0xb511,0xb532,0x0caa,0xffcf,
    0x4708,0x716f,0xf00e,0x0e5d,0x1070,0x702c,0xda20,0x0996,0xffef,0x40a1,0x0e49,0x1090,0x0c8e,0xffef,0xbe62,0x4708,
    0x262f,0x9388,0xf5b8,0x40c3,0x8000,0x5454,0x90e0,0xf023,0x1d1c,0x16c0,0x1d18,0x16c0,0x1d14,0x16c0,0x1d10,0x16c0,
    0xf018,0x700c,0x74e5,0xa503,0xa502,0xa501,0xa500,0xf013,0x202f,0x8382,0x7704,0xf793,0xb532,0xb511,0xe708,0xf00b,
    0x1d0c,0x16c0,0x1d08,0x16c0,0x1d04,0x16c0,0x1d00,0x16c0,0x74e5,0x78f0,0x1404,0x341b,0xc6c6,0x262f,0xf008,0x21ca,
    0x0021,0xb511,0x0c22,0xffef,0xb532,0x702c,0x68e4,0xa523,0xa522,0xa521,0xa520,0xf1ef,0x0813,0x0072,0x706c,0x42c3,
    0x9004,0x0042,0x9220,0xe908,0x716c,0xd909,0xb912,0x02f5,0xffef,0x4060,0x08f7,0x8092,0x9220,0xe9f8,0x08ef,0x80f2,
    0x682a,0x9200,0xe8f2,0x218c,0x0fff,0xf1f1,0xc2e2,0x082f,0x0052,0x45cb,0x8000,0x5454,0x8d42,0x9560,0x0913,0x027f,
    0x2804,0x0080,0x8d31,0xe985,0x7910,0x714c,0xf003,0x7910,0x704c,0x0e92,0xffef,0x4060,0xb500,0xc6c2,0xc2e6,0x1418,
    0x301e,0x4328,0x70ad,0xe2af,0xb0a2,0xb0a1,0xb0a7,0xb0a6,0x02bc,0x002d,0xb0a0,0xc704,0x4160,0xdc7f,0x21ad,0x0203,
    0x2024,0x0080,0x00d7,0x0000,0x00e7,0x0000,0x0109,0x0000,0x012d,0x0000,0x0151,0x0000,0x016b,0x0000,0x0175,0x0000,
    0x0225,0x0000,0x00a7,0x0000,0x0285,0x0000,0x00a5,0x0000,0x0169,0x0000,0x0171,0x0000,0x0275,0x0000,0x016d,0x0000,
    0x0179,0x0000,0x017d,0x0000,0x0089,0x0000,0x0261,0x0000,0x025d,0x0000,0x0259,0x0000,0x0255,0x0000,0x0251,0x0000,
    0x024d,0x0000,0x0249,0x0000,0x0161,0x0000,0x016d,0x0000,0x005b,0x0000,0x0173,0x0000,0x0199,0x0000,0x020b,0x0000,
    0x0195,0x0000,0x0041,0x0000,0x0133,0x0000,0x0157,0x0000,0x018f,0x0000,0x0197,0x0000,0x019b,0x0000,0x0029,0x0000,
    0x01a5,0x0000,0x019b,0x0000,0x01a3,0x0000,0x01a3,0x0000,0x01a3,0x0000,0x01a3,0x0000,0x01a3,0x0000,0x01a7,0x0000,
    0x01b5,0x0000,0xbbc6,0xb064,0xf0a2,0xd978,0xbfc3,0xf004,0xd938,0xbfc2,0xb023,0xb0e4,0xf0ea,0x264c,0xb000,0xf2d7,
    0x7c64,0xbb24,0x2384,0x0e01,0x2345,0x00c1,0xf074,0x6b93,0x797d,0x6fd2,0xbfc3,0x2444,0x1c03,0x2144,0x0701,0x2444,
    0x120c,0x2684,0x1001,0x7be5,0x7c25,0x7e65,0xbc80,0xb0c4,0xb083,0xf0ce,0x6b33,0x7b7d,0x6f92,0xbfc3,0x2144,0x0c1f,
    0x2344,0x0603,0x2144,0x0201,0x2484,0x1001,0x2705,0x33df,0x7965,0x2405,0x17cc,0x2145,0x0141,0xf04e,0x6b33,0x7b7d,
    0x6f92,0xbfc3,0x2144,0x0c1f,0x2344,0x0603,0x2144,0x0201,0x2484,0x1001,0x2705,0x33df,0x7965,0x2405,0x17cc,0x2145,
    0x0181,0xf03a,0x7e7d,0x6b33,0x6f92,0xbfc3,0x2644,0x1603,0x2144,0x0c01,0x2484,0x1001,0xbb82,0x79e5,0xb063,0x7985,
    0xf031,0xbb23,0x2384,0x0c01,0xbfc6,0x2345,0x0301,0xf089,0x0e1d,0x3011,0xb0e4,0xf088,0x6b35,0xdc68,0x2184,0x0801,
    0xb083,0xf021,0xd928,0xf082,0x0efb,0x3010,0x797d,0x2184,0x0001,0x7c64,0xb983,0xf010,0xb0e4,0x1806,0x0605,0xf078,
    0xdb38,0x2753,0x1081,0xf00d,0x797d,0x2184,0x0001,0x7c64,0x2145,0x0c01,0xb084,0xf06b,0xdb78,0x2753,0x10c1,0xb063,
    0xb986,0xb024,0xf064,0x6b33,0x6f92,0xbfc3,0x7b7d,0x2144,0x0c1f,0x2484,0x1001,0x2344,0x0703,0x2144,0x0201,0x2705,
    0x33df,0x7b25,0x2405,0x17cc,0xbb81,0xb084,0xb063,0xf050,0xd958,0xf03b,0x797d,0x2184,0x0001,0xb983,0xf035,0xbb23,
    0x2384,0x0c01,0x2345,0x0301,0xf02f,0xbfc6,0xb0e4,0xb0e3,0xf03e,0x797d,0x2184,0x0001,0x2145,0x0c01,0xf025,0x0e6d,
    0x3030,0xd940,0xb0a4,0xb0a3,0xf032,0xd960,0xf02e,0xd920,0xf02c,0xd950,0xf02a,0xd938,0xf017,0x2753,0x1081,0xb986,
    0xf013,0x7c7d,0x6b33,0x2444,0x1703,0x2144,0x0201,0x7965,0xb980,0xf00b,0x6b33,0x6f92,0xbfc3,0x2144,0x0c01,0x2484,
    0x1001,0x79e5,0x7985,0xb024,0xf011,0x2b41,0x01c1,0xbb2b,0x2184,0x0c01,0x2384,0x0e01,0x7f25,0x2345,0x01c1,0xb0e4,
    0xf005,0xb024,0xd958,0xf003,0xb0a4,0xb023,0x0b0f,0x143f,0xc305,0x0a0f,0x0a11,0x0e0b,0x3010,0xb0a5,0xf004,0x2353,
    0x0041,0xb025,0x0b33,0x153f,0xd90d,0x0b37,0x157f,0xdcd0,0x0ba7,0x15bf,0xd90d,0x0ba9,0x15ff,0xd908,0x0ba7,0x163f,
    0xdc80,0x0ba7,0x167f,0x752c,0x0ba7,0x16bf,0xd911,0x0bab,0x16ff,0x702c,0xf003,0x180e,0x0345,0xb98c,0xf004,0xd9d0,
    0xb98c,0xb087,0x0b07,0x14de,0xb027,0x0a15,0x0775,0xd918,0xb99c,0x0937,0x00af,0x762c,0x090f,0x008f,0x2242,0x0841,
    0x0923,0x00b5,0x702c,0x2b41,0x1082,0x722c,0x2351,0x9080,0x2344,0x130c,0x7946,0x0c19,0x1330,0x21cf,0x0021,0xb026,
    0xf006,0x0a0d,0x0a51,0x742c,0x180c,0x0105,0x0b0b,0x149e,0x2145,0x00c1,0xb026,0x0b0b,0x13de,0x1804,0x0045,0x0b0b,
    0x133e,0xb983,0xb026,0x0b0d,0x119f,0x0b09,0x005f,0xc6c6,0x1800,0x0045,0xc6c6,0xb908,0xb027,0xf1c1,0x180e,0x0205,
    0xf1bd,0xd980,0xf1be,0x248a,0x1010,0xb90a,0xf1bb,0x248a,0x1004,0xb908,0xf1b7,0xd909,0x248a,0x1008,0xb909,0xf1b3,
    0xc2e2,0x0c22,0x0020,0x4528,0x0cde,0x00e0,0x760c,0x0826,0xffcf,0x7704,0x0c9a,0x0020,0x7810,0x0c7a,0x0000,0xed09,
    0x40c3,0x0000,0x61a8,0x0bb6,0xffcf,0x0f96,0xff8f,0xc6c2,0x40c3,0x8000,0x5467,0x7fe0,0x1800,0x0043,0xc2e6,0x1cfc,
    0xb6c8,0xc1ab,0xc412,0x46cb,0x8000,0x5454,0x47cb,0x8000,0x5da4,0xc44a,0xc411,0x43db,0x8000,0x5d84,0xc346,0xc448,
    0xc410,0xc244,0xc145,0xc447,0xc043,0xf03b,0x8e10,0x081d,0x0051,0xc005,0x0f56,0xffaf,0x8e68,0x7114,0xd9f0,0x21ca,
    0x0c22,0xbb24,0x6178,0xae08,0xc003,0x080d,0x021e,0x9700,0xb881,0xb700,0xc003,0x080d,0x035e,0x9700,0xb880,0xb700,
    0x9620,0xc00a,0x0899,0x0031,0x2153,0x0082,0x7454,0x700c,0xf47f,0xc203,0x0a13,0x025f,0x8e44,0x8e63,0x0b0b,0x0081,
    0x9742,0x7054,0xf2ba,0x1b1c,0x3000,0x1b18,0x3000,0x1b14,0x3000,0x1b10,0x3000,0x6904,0x0f0e,0xffaf,0xb600,0x8e13,
    0xc049,0xc005,0x0889,0x8191,0xc009,0xe842,0xc206,0x40c3,0x8000,0x5d58,0xc108,0x232f,0x1082,0xc207,0x96e0,0xdb58,
    0xb044,0xc206,0xdc7f,0xb9c1,0x8ea2,0xb063,0x7a84,0xb02d,0xb025,0x793d,0x2384,0x1001,0xb04c,0xb028,0xb020,0x234f,
    0x10c2,0x4f98,0xb04b,0x0f46,0xffaf,0xb620,0x2753,0x90be,0x78bb,0x25ca,0x1001,0xc004,0x78a2,0xf0b2,0xc009,0x45cb,
    0x8000,0x5d84,0x7014,0xc004,0x20c0,0x0061,0x0a19,0x0131,0xc044,0x700c,0x7424,0xa507,0xa506,0xa505,0xa504,0x0e8a,
    0xffaf,0xb620,0x8e03,0x8e24,0xc205,0x7014,0x20ca,0x0041,0xae03,0xc008,0xc103,0xc306,0xc041,0xc007,0x706f,0x1c08,
    0x36c0,0xc040,0x0aba,0xffef,0x40a1,0x0e42,0xffaf,0xc005,0x7114,0x4d28,0xf488,0xc108,0xc205,0xc306,0xc141,0xc107,
    0x1c08,0x3041,0xc140,0x0a9a,0xffef,0xc103,0xf084,0x7054,0xf4a7,0x8e23,0x8e44,0xc306,0x7034,0x21ca,0x0081,0xae23,
    0xc042,0xc008,0xc103,0xc205,0xc041,0xc007,0x45cb,0x8000,0x5d84,0xc040,0x0a6a,0xffef,0x40a1,0xc009,0x9640,0x8e22,
    0x7014,0xc004,0x20c0,0x0061,0xc044,0xc003,0xb8e9,0x6a04,0xb600,0xf205,0x9702,0xb881,0xb702,0xc004,0x4837,0x0dce,
    0xffaf,0xc005,0x082b,0x0051,0xc107,0xc008,0xc205,0xc140,0xc103,0xc306,0xc041,0x4d28,0x0a26,0xffef,0x1c08,0x3041,
    0x9600,0x7404,0x0dfa,0xffaf,0xb600,0x8e02,0x7f02,0xc103,0x09de,0xffef,0x40e1,0xf060,0x0d92,0xffaf,0xc005,0xc107,
    0x4508,0xc008,0xc140,0xc103,0xc205,0xc306,0xc041,0x2340,0x3400,0x09ee,0xffef,0x1c08,0x3001,0xc009,0x9620,0x7014,
    0xc004,0x20c0,0x0061,0xc044,0x6904,0x0d9f,0x1030,0xb600,0x0d76,0xff8f,0xc008,0x8ea2,0xc103,0xc041,0xc007,0xc205,
    0xc306,0xc040,0x4063,0x09ba,0xffef,0x1c08,0x3041,0x9640,0xc004,0x8e62,0x48b1,0x6a04,0xb600,0x4970,0x0972,0xffef,
    0xc103,0xf02c,0x1d1c,0x16c0,0x1d18,0x16c0,0x1d14,0x16c0,0x1800,0x06c0,0xc00a,0x8e42,0x9620,0xb701,0xc004,0xe108,
    0x2017,0x008d,0x0d2d,0x1072,0xb620,0x0d1e,0xffaf,0x1f04,0x1085,0x8e42,0x6558,0x6829,0x2904,0x0081,0x9600,0x704c,
    0x0fe2,0xffaf,0x7930,0xb600,0xc003,0xb88b,0xc043,0xf004,0x1f04,0x10c5,0x8e04,0xae03,0x0ae2,0x0120,0xc003,0xc0ab,
    0x1404,0x341b,0xc6c6,0x8e22,0xc004,0x4835,0x0d11,0x1052,0x0cd6,0xff8f,0xc103,0x08fa,0xffef,0x40a1,0xc003,0x08dd,
    0x82de,0x9702,0xb880,0xb702,0xf1e8,0x78e0,0x41c3,0x8000,0x5454,0xb100,0x7fe0,0xb103,0xc2e6,0x1cfc,0xb6c8,0xc1a4,
    0x43db,0x8000,0x5454,0x4548,0x1300,0x3102,0x4728,0x4608,0x2253,0x0081,0x700c,0xc043,0xc042,0xc041,0x091f,0x0131,
    0xc040,0x41c3,0x8000,0x5d58,0x7444,0xa112,0xa111,0xa110,0xa10f,0x0c76,0xffaf,0x1b00,0x3084,0x710c,0xed84,0x1302,
    0x3080,0x781b,0x780f,0x70d5,0x4100,0x21c8,0x03c1,0x2905,0x0002,0x7849,0x7810,0x2139,0x0000,0x621a,0x6a09,0x252f,
    0x1008,0x258c,0x9004,0xf795,0xd81f,0xb80a,0x4183,0xb107,0x2059,0x0800,0xb103,0xc080,0x0baa,0x02a0,0xd908,0x2500,
    0x1f80,0x0000,0xff01,0x7d10,0x258c,0x9fc3,0xf72e,0x262f,0xf008,0xf213,0x2d40,0x1301,0x2104,0x0f81,0x0000,0x7000,
    0xb988,0xb989,0x6d17,0xb98b,0x2004,0x0f80,0x0000,0x7c00,0x1c06,0x3044,0xf004,0x700c,0x1c06,0x3005,0x1c0e,0x3004,
    0xc080,0x0b62,0x02a0,0xd908,0xc0a4,0x1404,0x341b,0xc6c6,0x41c3,0x8000,0x5454,0x1902,0x0043,0x7fe0,0xa912,0x78e0,
    0x1e00,0x7004,0x9004,0x004e,0x7ee0,0x78e0,0xc3e6,0xc1a8,0x4648,0x4528,0x4708,0x2440,0x3080,0x702c,0x08a6,0xffaf,
    0xda1e,0x6e13,0xd97f,0xbfc6,0x2653,0x1043,0x7abd,0x2044,0x0400,0x7d24,0x6f37,0xbb0e,0x226c,0x0142,0x468b,0xb60b,
    0xb603,0x7f25,0x2305,0x0f81,0x0000,0x2c58,0x224f,0x00c0,0xb620,0x2305,0x0001,0xb807,0x6d97,0x7825,0x7ca5,0xb608,
    0xc080,0xd910,0xb6e4,0x0ade,0x02a0,0xb68c,0xc7c6,0x78e0,0x710c,0x1e00,0x7004,0x9004,0x0040,0x7ee0,0x5004,0x793b,
    0x2105,0x0f81,0x9004,0x0044,0x7fe0,0xb100,0x5004,0x793b,0x2105,0x0f81,0x9004,0x0046,0x7fe0,0xb100,0xc0e2,0x70ad,
    0x706d,0xdb6c,0x7bac,0x235f,0x1d8c,0x7175,0x716d,0x631b,0x639b,0x633b,0x8b80,0x7c44,0xab80,0xf5f5,0x71a5,0x0de5,
    0x9094,0xc4c2,0x7ee0,0x78e0,0xc2e4,0xc1a3,0x4308,0x730c,0x4668,0x4548,0x0ba6,0x0060,0x260a,0x3040,0x40c3,0x8000,
    0x5a64,0x8820,0xc006,0xe914,0x1600,0x7081,0x8000,0x0001,0x091d,0x00ff,0x4161,0xc042,0xd80f,0x220a,0x0780,0x43a1,
    0xc640,0x08aa,0x02a0,0x1c04,0x3001,0xf00b,0xc041,0xd80f,0x4161,0x220a,0x0780,0x43a1,0x0f0e,0x0260,0xc640,0xc0a3,
    0xc6c4,0x78e0,0xc2e2,0x0eaa,0x0040,0x0f12,0x0060,0x4508,0x0e4e,0x0060,0x651d,0x60b8,0x2044,0x0041,0x6038,0x780f,
    0x2089,0x0701,0x1a01,0x3002,0xc6c2,0x78e0,0xc2e6,0x1cfc,0xb6c8,0x2482,0x3106,0x256f,0x1243,0x1582,0x1482,0x740c,
    0x41c3,0x0265,0x0001,0x0e06,0x0020,0xbac3,0x8d00,0x702c,0xda80,0xc044,0x8d08,0x2400,0x3f8f,0x0000,0x0104,0xc055,
    0x8d10,0x70ad,0xc55d,0xc054,0x2400,0x3f80,0x0000,0x0104,0xc55c,0xc55b,0x0f2e,0xff6f,0xc55a,0x2455,0x3840,0x702c,
    0xda80,0x1c80,0x3340,0x0f1e,0xff6f,0x2455,0x385b,0xc559,0xc558,0xc557,0xc556,0xc55f,0xc015,0x1204,0x360e,0xc749,
    0x2053,0x807e,0x1c34,0x36c0,0xf213,0x4d48,0xc19a,0x78c5,0x79b6,0x0e9e,0x0220,0x714c,0x40c3,0x8000,0x5b4e,0x88e3,
    0x40c3,0x8000,0x5b4e,0x8882,0x1204,0x360e,0xf02a,0x40c3,0x8000,0x5b4e,0x8882,0x40c3,0x8000,0x5b4e,0xc309,0x88e3,
    0x2540,0x191e,0x6c14,0x2605,0x339e,0x4181,0x631b,0xf016,0x2940,0x0302,0x2205,0x0782,0x234a,0x1000,0x20a8,0x0340,
    0x2205,0x02c0,0x781b,0xb891,0xb89c,0xb89f,0x9000,0x2356,0x180b,0x1b02,0x0014,0x7124,0x0fd9,0x9065,0x244a,0x7200,
    0xc00d,0x6c34,0x2540,0x1982,0x603b,0x7ac5,0xf014,0x2c40,0x1300,0x2205,0x000b,0x700c,0x20a8,0x0340,0x2305,0x1001,
    0x793b,0xb991,0xb99c,0xb99f,0x9120,0x2056,0x0800,0x1b02,0x0054,0x7185,0x0fdb,0x9325,0x244a,0x7200,0xc014,0x0815,
    0x013e,0x4d58,0xc196,0x78c5,0x79b6,0x0de6,0x0220,0x714c,0xc00d,0x71a5,0x2054,0x081b,0xc009,0x0d21,0x90b4,0x2054,
    0x080f,0xc004,0xd930,0xb99f,0x2044,0x0400,0xc05e,0xc00d,0x1600,0x7082,0x8000,0x5b4e,0x716f,0xc053,0xc009,0x7054,
    0xc052,0x493b,0xc04a,0xb86a,0xc045,0xc00a,0x20ca,0x0041,0xc04a,0x2142,0x0280,0xc105,0x21ca,0x0001,0xc145,0xc00d,
    0x71ad,0xc046,0xc009,0xc047,0xc09f,0x2014,0x06c0,0xc04c,0x2455,0x3800,0x2014,0x06c0,0xc048,0x7573,0xf2a9,0xc01e,
    0x706c,0xe884,0x700c,0xf08c,0x40c3,0x8000,0x5b4e,0x8822,0x40c3,0x8000,0x5b4e,0x8803,0x69d4,0x141c,0x301f,0xc050,
    0xc09f,0x78b4,0xc04b,0x2455,0x3800,0x78b4,0xc04f,0x700c,0xc044,0xc006,0x2700,0x339f,0x60d8,0xc04e,0xc013,0x60d8,
    0xc051,0xc012,0x661e,0xf060,0xc015,0x2053,0x807e,0xf217,0xc09a,0x2016,0x06c2,0x78b6,0x22f4,0x0042,0x20f4,0x004c,
    0xc008,0xba26,0xbc26,0xb040,0x7a6e,0xc00f,0xb080,0xc008,0x9000,0x7882,0x2208,0x0003,0xf018,0x244a,0x7200,0x260a,
    0x37c0,0x43c9,0x20a8,0x0480,0x1302,0x1502,0xc008,0x1602,0x350c,0xba26,0xb040,0xbc26,0xc00f,0x7a6e,0xb080,0xc008,
    0x9000,0x7882,0x2208,0x0003,0x244a,0x7200,0xc40e,0xc711,0x20a8,0x0800,0x1402,0x1500,0x1702,0x150b,0x206c,0x0142,
    0xb8c5,0x621a,0xc00c,0x236c,0x115e,0x2353,0x114b,0x2300,0x178b,0x1800,0x02c4,0xc00b,0xb040,0xc00c,0x1000,0x010b,
    0xc004,0x262f,0x3006,0x2302,0x1080,0x2608,0x3000,0xc044,0xc00e,0x2740,0x341f,0xe610,0xe010,0xc04e,0xc011,0x7124,
    0xe010,0xc051,0xc010,0x0845,0x8065,0x6b16,0x0aa6,0x0020,0x780e,0x4300,0xc004,0x0a9e,0x0020,0x780e,0xc105,0x4263,
    0xa960,0xc10a,0xa900,0x780e,0xc043,0x786e,0xc040,0x740c,0x41c3,0x0277,0x0006,0x43a1,0xc542,0x0b32,0x0020,0x1c04,
    0x36c0,0xc005,0x7104,0xc045,0xc00a,0x7104,0xc04a,0xc006,0x70b5,0x77a5,0x2080,0x003f,0xc046,0xc007,0x2080,0x003f,
    0xc047,0xf54d,0xc013,0x7077,0x7767,0x2080,0x003f,0xc053,0xc012,0x2080,0x003f,0xc052,0xf533,0xc01e,0xd92c,0xb99f,
    0x2079,0x0000,0xc04a,0xc00d,0x1600,0x7082,0x8000,0x5b4e,0x71ad,0xc045,0x493b,0xc047,0xb864,0xc046,0xc007,0x7054,
    0x20ca,0x0041,0xc047,0x690c,0xc106,0x21ca,0x0001,0xc146,0xc00d,0x2455,0x3801,0x71cd,0xc050,0xc09f,0x78b4,0x79b4,
    0xc04c,0xc14e,0xc00a,0x2639,0x1341,0x704c,0x7906,0xb9e0,0xf4c2,0x40c3,0x8000,0x5b4e,0x8882,0x40c3,0x8000,0x5b4e,
    0x8803,0x6c34,0x1440,0x301b,0xc051,0xc09f,0x78d4,0xc04b,0x700c,0xc044,0xc005,0x2300,0x305b,0x6038,0xc048,0xc009,
    0x6038,0xc04f,0xf09b,0xc015,0x2053,0x807e,0xf22f,0xc09a,0x78b6,0x20f4,0x0300,0x244a,0x7200,0x206c,0x0141,0xb8c5,
    0x6119,0xc00e,0xb020,0x4063,0x20a8,0x0300,0x1002,0x0503,0x7a4e,0x236c,0x014f,0xbbc5,0x63fb,0x4977,0x2208,0x03c2,
    0xc014,0xb8e4,0xc00b,0xb060,0xf22e,0xc096,0x78d6,0x20f4,0x0300,0x7a4e,0x206c,0x0143,0xb8c5,0x6078,0xc30b,0xb300,
    0x4910,0x2208,0x0002,0x0041,0x0000,0x244a,0x7200,0xc30f,0x230a,0x16c0,0x20a8,0x0500,0x1302,0x150f,0x1302,0x0501,
    0x262f,0x3086,0x276c,0x115f,0xbfc5,0x216c,0x0142,0xb9c5,0x77e3,0x6159,0x49f2,0x40e1,0x2608,0x3082,0xc30b,0xb300,
    0xc00e,0xb020,0x0e85,0x1360,0x244a,0x7200,0x1420,0x300b,0x260a,0x36c0,0x20a8,0x0680,0x1602,0x3500,0x1302,0x1501,
    0x206c,0x0143,0xb8c5,0x631b,0xc00c,0x216c,0x014f,0xb9c5,0x61f9,0xb020,0xc00b,0xb060,0xc00c,0x9020,0xc004,0x7962,
    0x780e,0x2008,0x0040,0xc044,0xc014,0x0841,0x013e,0xc096,0x2016,0x0341,0x78d6,0x20f4,0x0300,0x21f4,0x0303,0x206c,
    0x014f,0xb8c5,0x671f,0xc00c,0x236c,0x0141,0xbbc5,0x6179,0xb020,0xc104,0xc00b,0x7bee,0x792e,0xb0e0,0xc00c,0x9800,
    0x7862,0x2108,0x0000,0xc044,0xc008,0x2340,0x341b,0x7185,0xe010,0xc048,0xc00f,0xe010,0xc04f,0xc011,0x7410,0x06ca,
    0xffee,0x784e,0x086e,0x0000,0x4200,0xc004,0x0866,0x0020,0x780e,0xf003,0x700c,0xc106,0x43c1,0x1901,0x0092,0xc146,
    0xc107,0x1901,0x0012,0x780e,0xc043,0x784e,0xc147,0xc040,0x740c,0x41c3,0x027a,0x0006,0x42a1,0xc642,0x08ee,0x0020,
    0xc541,0xc010,0x70d5,0x77c5,0x2080,0x003f,0xc050,0xf51c,0xc005,0x70b5,0x77a5,0x2080,0x003f,0xc045,0xc009,0x2080,
    0x003f,0xc049,0xf506,0x2480,0x3106,0x1404,0x341b,0xc6c6,0x1600,0x7081,0x8000,0x0008,0x0811,0x0072,0xb907,0x6038,
    0x7704,0x7fe0,0x2804,0x0040,0x7813,0x2804,0x0040,0x7fe0,0x7813,0x78e0,0x1600,0x7080,0x8000,0x008a,0xb8c1,0x7fe0,
    0x2078,0x0040,0x1600,0x7080,0x8000,0x0096,0x7fe0,0x206d,0x0100,0x78e0,0xc2e6,0x40c3,0x8000,0x5424,0x88e0,0x264a,
    0x3000,0x706c,0x45cb,0x8000,0x5a66,0x71ef,0xf027,0x235a,0x048c,0x704c,0x64b9,0x1900,0x0784,0xf01e,0x2205,0x02c0,
    0x781b,0x2005,0x0f80,0x9002,0x0100,0x9000,0x7e0f,0x0a15,0x03a1,0x2f00,0x338e,0x8900,0x200f,0x0080,0xa900,0xf00b,
    0x8901,0x7104,0xa901,0x780f,0x2414,0x1000,0x60b8,0xa841,0xa8c0,0x7144,0x0ac9,0x8214,0x7164,0x0bb7,0x83e4,0x2b40,
    0x030b,0xc6c6,0x7ee0,0x78e0,0xc3e1,0xc2e1,0xc1e1,0xc0e1,0xc0f1,0xc1a1,0x1600,0x7082,0x8000,0x0012,0x4320,0xc184,
    0x080f,0x00a4,0xc140,0xc100,0x085e,0x0260,0x4060,0x7487,0xc0d1,0x7fe0,0xc0a4,0x78e0,0xc2e6,0x1cfc,0xb6c8,0xc1a4,
    0xc043,0x41c3,0x0207,0x0000,0x0fc2,0xffef,0x740c,0x47cb,0x8000,0x598c,0x0946,0x0060,0x40e1,0xd90b,0x0ba2,0x0220,
    0x40e1,0xd911,0x0b9a,0x0220,0x40e1,0xd912,0xdaef,0x08d2,0xffef,0x40e1,0xd912,0x0b8a,0x0220,0x40e1,0xd929,0x0b82,
    0x0220,0x40e1,0x254a,0x1000,0x70cd,0xd86c,0x265f,0x1d81,0x78ac,0x6038,0x0a0a,0x0220,0x60f8,0x71d5,0x71cd,0xf5f7,
    0x71a5,0x0de9,0x9094,0x8f0d,0x1703,0x10cb,0x702c,0x44cb,0x8000,0x5b7e,0x43c3,0x8000,0x5b84,0x714c,0xac20,0x1e00,
    0x7044,0x8000,0x5b4e,0x0817,0x017e,0xa3e0,0x0b0f,0x1032,0x714c,0x8f16,0x2044,0x0402,0xba24,0x0b11,0x119f,0x8f16,
    0x2084,0x0001,0x2841,0x018e,0xee97,0x2252,0x803e,0xf415,0x706c,0xd86c,0x235f,0x0d82,0x782c,0x7174,0x716c,0x6058,
    0x671a,0x8a03,0xb886,0xaa03,0xf5f5,0x7124,0x09e5,0x8094,0x0d32,0x0220,0x710c,0x0fba,0x0000,0x0fc2,0x0020,0x4508,
    0x4100,0x0b1a,0x0220,0x40a1,0xc804,0x43c3,0x9004,0x0082,0x266f,0x10c3,0x791b,0x7965,0x1900,0x0005,0x1bd2,0x8045,
    0x8e00,0x8e38,0x42c3,0x001e,0x8480,0x43c3,0x7735,0x9400,0x4548,0x2044,0x8080,0x25ca,0x10c1,0xe908,0xd941,0xd80a,
    0x0eaa,0xffef,0xb913,0xf01d,0x7014,0x41c3,0x0beb,0xc200,0x22ca,0x0041,0x702c,0x085a,0x00a0,0x4040,0x1600,0x7080,
    0x8000,0x000d,0x080b,0x00be,0xd840,0x0e8a,0x0200,0x702c,0x1e00,0x70c5,0x9004,0x00c0,0x0836,0x00a0,0x40a1,0x1600,
    0x7080,0x8000,0x000d,0x080f,0x001e,0x1e00,0x7045,0x9004,0x00c0,0x700c,0x0b16,0xff6f,0xd9ff,0x40c3,0x0000,0x0bb8,
    0x086e,0x00a0,0x702c,0x252f,0x9007,0x706f,0xf20f,0x700c,0xd907,0x704c,0x706c,0x1c08,0x36c0,0x1c04,0x30c1,0x0ae2,
    0xffaf,0x1c00,0x36c0,0x258c,0x1d7f,0xd880,0xd907,0x704c,0x706c,0x1c08,0x36c0,0x1c00,0x36c0,0x0ac6,0xffaf,0x1c04,
    0x30c1,0x700c,0x0a7e,0xffaf,0x712c,0x45cb,0x8000,0x5a64,0x8d00,0xe812,0x8e00,0x0821,0x00df,0x0b6a,0x0000,0x700c,
    0x0aaa,0xff6f,0xd9ff,0x8d00,0xe80d,0x8e00,0x714c,0xb823,0x7a06,0xf00a,0x40c3,0x001e,0x8480,0x0f96,0x0060,0x702c,
    0xf041,0x704c,0x700c,0x0d76,0xffaf,0xd908,0x8d01,0x081f,0x0094,0x8d00,0xe806,0x8e00,0x714c,0xb823,0x7a06,0xf003,
    0x704c,0x700c,0x0d56,0xffaf,0x702c,0x8d00,0x706f,0x704c,0xe805,0x8e00,0x714c,0xb823,0x7a06,0x700c,0x0d3e,0xffaf,
    0xd90a,0x8d00,0xe806,0x8e00,0x716f,0xb823,0x2306,0x301b,0xd808,0x702c,0x0d26,0xffaf,0x4263,0x8d00,0xe806,0x8e00,
    0x714c,0xb823,0x7a06,0xf003,0x704c,0x700c,0x0d0e,0xffaf,0xd996,0x0b32,0x0200,0x700c,0x09ca,0xffaf,0x712c,0x0c7e,
    0x0000,0xc003,0x0885,0x0031,0xd8ff,0x702c,0x42c3,0xefff,0xffff,0x776c,0xc040,0x40e1,0x70ad,0x093a,0x0260,0x1c04,
    0x3001,0x0986,0x0000,0xd90b,0x0f7a,0x01e0,0x40e1,0xd911,0x0f72,0x01e0,0x40e1,0xd912,0x0f6a,0x01e0,0x40e1,0xd929,
    0x0f62,0x01e0,0x40e1,0x1204,0x309e,0xf01d,0x2532,0x1f80,0x8000,0x5468,0x60f8,0x706c,0xdc6c,0x215a,0x0d82,0x7c6a,
    0x7e7b,0x7eb5,0x629a,0x604a,0x663c,0x7174,0x716c,0x2400,0x1f8c,0x8000,0x5b4e,0xac48,0xf5f0,0x7124,0x09db,0x8094,
    0x71a5,0x0dcd,0x97a4,0x702c,0x0e7e,0xff8f,0xd96e,0xb99f,0x11c5,0x8480,0x1901,0x0012,0x2140,0x0ecc,0x1401,0x1480,
    0x2140,0x068d,0xa900,0x1401,0x1483,0x1405,0x1482,0x1401,0x1480,0x1d01,0x10d2,0xad40,0xa901,0x1401,0x1483,0x1401,
    0x1482,0x1401,0x148e,0x1456,0x1480,0xa962,0xad41,0x1cab,0x9012,0x1401,0x1480,0x4381,0xadc2,0x1b59,0x000a,0x1401,
    0x1481,0x141d,0x1482,0x1401,0x1480,0x6ba5,0xad20,0x1c36,0x1002,0x1401,0x1480,0x6dc5,0xae40,0xab01,0x1401,0x1482,
    0x1411,0x1481,0x1401,0x1480,0xad41,0xae21,0x1c23,0x1002,0x8c40,0x8c21,0x8c02,0xab42,0xad22,0xae02,0xc0a4,0x1404,
    0x341b,0xc6c6,0xc2e6,0xc1a3,0x4728,0x4508,0x700c,0x08de,0xff6f,0x702c,0x70cd,0xed21,0x700c,0x752c,0x0bbe,0xffaf,
    0x714c,0x700c,0xd925,0x704c,0xdb86,0xc642,0xc741,0x08b2,0xffaf,0xc640,0x700c,0xd926,0x704c,0xdb86,0xc642,0xc641,
    0x089e,0xffaf,0xc640,0x700c,0xd910,0x0b92,0xffaf,0x714c,0x09b2,0x0200,0xf00b,0xbfc1,0xd880,0xd919,0x744c,0xdb86,
    0xc642,0xc741,0x087a,0xffaf,0xc640,0x700c,0x0836,0xffaf,0x712c,0xed88,0x40c3,0x0000,0x7530,0x0d76,0x0060,0xd91e,
    0xc0a3,0xc6c6,0xc0f1,0x08b6,0x0020,0x730c,0x40c3,0x8000,0x5a64,0x8800,0xe80b,0x1600,0x7080,0x8000,0x0001,0x080f,
    0x00df,0x0902,0x0000,0x710c,0xf002,0x700c,0x0f5a,0xffef,0xd90f,0xc0d1,0x7ee0,0x78e0,0xc3e2,0x0817,0x00f0,0xc1af,
    0x0815,0x00b0,0xda5c,0x080f,0x0071,0xda5b,0xf004,0xda5d,0xf002,0xda5a,0x244a,0x7740,0xba9f,0x702c,0x20a8,0x0240,
    0x2215,0x0043,0x8b80,0xc580,0x7d34,0x7124,0xb580,0x0823,0x00f0,0xc280,0x0825,0x0070,0xc280,0x082b,0x00b0,0xc280,
    0xe898,0xc280,0xd80a,0x41c3,0x01de,0x001d,0xf00f,0xd80a,0x41c3,0x01e4,0x001d,0xf00b,0xd80a,0x41c3,0x01e0,0x001d,
    0xf005,0xd80a,0x41c3,0x01e2,0x001d,0x0e1a,0xff2f,0xdb1d,0xc7c2,0x78e0,0x7ee0,0x78e0,0xc2e4,0x41c3,0x9004,0x00e4,
    0x708d,0x43c3,0x8000,0x5b50,0x0821,0x00b0,0x6942,0xde25,0xbe9f,0x0831,0x0071,0x8ea0,0xb1a0,0xb280,0xb28b,0x9381,
    0xd9f0,0xb380,0xb227,0xf01b,0xb180,0x1600,0x7081,0x8000,0x0040,0xb220,0xb28b,0x9322,0xb320,0x1a0e,0x03c5,0xf00f,
    0xb1a0,0x8e3b,0xb220,0xb28b,0x9227,0x2146,0x0441,0xb227,0x8ba2,0x8b25,0xaba0,0xab21,0xb287,0x0eda,0x01c0,0xc6c4,
    0xc2e6,0x1cfc,0xb6c8,0xc1a8,0x46cb,0x9004,0x00f4,0x9600,0xd9ff,0x47cb,0x8000,0x5b4c,0xc046,0x9604,0xc047,0x1e08,
    0x1005,0xb620,0x8f40,0x40c3,0x8000,0x5b7f,0x224f,0x0201,0x1e90,0x9044,0x8800,0x1600,0x7081,0x8000,0x00f4,0x6058,
    0x0993,0x0030,0x2042,0x009e,0xddfa,0xbd9f,0x2542,0x109b,0x9522,0x13fe,0xb080,0x9560,0x9581,0x1300,0x3102,0x13ff,
    0xb09f,0x13fd,0xb08b,0xc044,0xc141,0x750c,0x41c3,0x0031,0x0007,0x1c0c,0x32c0,0x1c08,0x37c0,0x0a12,0xffef,0xc440,
    0xc804,0x1300,0x3102,0x43c3,0x9007,0xe084,0x791b,0x2105,0x00c0,0xb040,0x9540,0x6b02,0x7825,0xb040,0x6b8c,0x9501,
    0x2105,0x0302,0xb200,0x6b0a,0x9542,0x7825,0xb040,0x13ff,0xb083,0x2442,0x1900,0x2105,0x0002,0xb260,0xe00a,0x13fd,
    0xb082,0x2105,0x0003,0x7204,0xb340,0x13fe,0xb082,0x7905,0xb140,0x0e17,0x3013,0x1600,0x7081,0x8000,0x0008,0x8f00,
    0x782a,0x2600,0x301e,0x40c3,0x0000,0x2af8,0x1e00,0x7784,0x9004,0x0088,0x0b5a,0x0060,0x702c,0xc006,0xb600,0xc007,
    0xb604,0x8f20,0x40c3,0x8000,0x5a64,0x793d,0xb9a0,0x7724,0xa821,0xc0a8,0x1404,0x341b,0xc6c6,0x78e0,0xc2e6,0x1cfc,
    0xb6c8,0x09da,0x0220,0xc1a1,0xc040,0x700c,0x0b22,0x0060,0xd940,0x71cd,0x45cb,0x9005,0xe1f0,0x43db,0x9004,0x0092,
    0x1e00,0x7384,0x9005,0xe620,0xb5c0,0x130a,0x350f,0xc000,0xe804,0x1d96,0x9384,0xf024,0x2784,0x1c07,0x274f,0x1280,
    0x1d51,0x901c,0x208a,0x0a0f,0x0ae6,0x0060,0x702c,0x40c3,0x000f,0x4240,0x702c,0x0ada,0x0060,0x1dd0,0x9384,0xbf89,
    0x1381,0x3701,0x1d96,0x9384,0x1dd0,0x9005,0x1d51,0x93dc,0xc804,0xb9c4,0x781b,0x2005,0x06c2,0xb220,0xca02,0x41c3,
    0x9013,0xe050,0x7014,0x21c0,0x02a2,0x1900,0x0045,0x7487,0x1404,0x341b,0xc6c6,0x78e0,0xc2e6,0x1cfc,0xb6c8,0xc1a2,
    0x45cb,0x9004,0x00f4,0x9500,0xd9cc,0xc040,0x9504,0xc041,0x2004,0x0f82,0x0000,0xff33,0xc000,0xb544,0x7825,0xb500,
    0x1600,0x7080,0x8000,0x00f4,0x088b,0x0030,0xd933,0x750c,0x089a,0xffef,0xb910,0x1204,0x360b,0x43db,0x9006,0x0084,
    0x224a,0x0000,0x2342,0x311f,0x41c3,0x8000,0x5440,0x2a40,0x0303,0x2305,0x02c3,0x21f4,0x008c,0x7e7b,0x2605,0x16c3,
    0xb380,0x21f4,0x008c,0x2340,0x308f,0x7fc5,0x2140,0x031e,0xb780,0x26f4,0x308c,0x2605,0x17cf,0x2140,0x0403,0xb780,
    0x7154,0x6159,0x23f4,0x0082,0x2342,0x3080,0x78c5,0xb040,0x8944,0x2742,0x3903,0x2605,0x10cc,0xb440,0x4b1a,0x8966,
    0x2605,0x100c,0x6842,0xb460,0x8908,0x7e45,0x714c,0xb600,0xf5cc,0x40c3,0x9004,0x0084,0x1800,0x0005,0x1804,0x0005,
    0x40c3,0x0000,0x2af8,0x09ca,0x0060,0x702c,0xc000,0xb500,0xc001,0xb504,0xc0a2,0x1404,0x341b,0xc6c6,0x40c3,0x8000,
    0x5b4e,0x8840,0x8801,0x41c3,0x8000,0x5b84,0x229f,0x0b01,0x205f,0x0d83,0x8100,0x1600,0x7081,0x8000,0x0008,0x6058,
    0x6078,0x8803,0x7234,0x2044,0x0400,0xb883,0x2078,0x0200,0x6832,0x781b,0x7424,0x7204,0x7fe0,0x20ca,0x0041,0x78e0,
    0x1600,0x7100,0x9004,0x0148,0x7ee0,0x78e0,0xc2e2,0x0f0a,0xff8f,0x0f16,0xffaf,0x4508,0x1600,0x7081,0x8000,0x001c,
    0xe906,0xe80c,0xed8b,0xd87d,0xb807,0xf019,0xe80b,0xed8c,0x40c3,0x0000,0x4650,0xf013,0xed0a,0x40c3,0x0000,0x4a38,
    0xf00d,0xed0a,0x40c3,0x0000,0x5208,0xf009,0x40c3,0x0000,0x2ee0,0xf005,0x40c3,0x0000,0x36b0,0x098a,0x0060,0x702c,
    0x4100,0x7414,0x21ca,0x012e,0x782f,0xc6c2,0x40c3,0x8000,0x5b84,0x02e5,0xff2f,0x8000,0xc2e6,0x45cb,0x8000,0x5b4e,
    0x8d20,0x8d01,0x46cb,0x8000,0x5b84,0x219f,0x0b01,0x205f,0x0d82,0x8600,0x6038,0x6058,0x0bc6,0xff2f,0x88e1,0x8d20,
    0x8d81,0x8640,0x219f,0x0b01,0x245f,0x1d8d,0x2079,0x0083,0xbf24,0x6238,0x60b8,0x239f,0x0204,0x275f,0x158c,0x8843,
    0x752c,0xbae5,0x6398,0x21ca,0x0121,0x7834,0x2032,0x0f80,0x8000,0x550c,0xc6c6,0x78e0,0xd808,0x704c,0x204f,0x04c0,
    0x2615,0x7081,0x8000,0x5438,0x7154,0x714c,0xa100,0xf5fa,0x7ee0,0x78e0,0x716c,0x4100,0x228a,0x0fc3,0x7274,0xa95f,
    0xa95b,0xa944,0xa940,0x6079,0x726c,0xf7ba,0x7ee0,0x78e0,0x42c3,0x8000,0x5b53,0x8a40,0x1600,0x708c,0x8000,0x0101,
    0x2144,0x0043,0x223c,0x0041,0x7834,0x2411,0x9000,0x23d2,0x0021,0x7fe0,0x4060,0x78e0,0xc2e6,0x1cfc,0xb6c8,0xc1b5,
    0x702c,0xda36,0x4508,0x0fbe,0xfeef,0x2055,0x080e,0xda5a,0xba9f,0x1204,0x0480,0x706f,0xad01,0x1204,0x0480,0xad02,
    0x1204,0x0480,0xad03,0x1204,0x0480,0xad0a,0x1204,0x0480,0xad0b,0x1204,0x0480,0xad0c,0x1204,0x0480,0xad0d,0x1204,
    0x0480,0xad0e,0x1204,0x0480,0xad0f,0x1204,0x0480,0xad10,0x1204,0x0480,0xad11,0x1204,0x0480,0xad12,0x1204,0x0480,
    0xad13,0x1204,0x0480,0xad14,0x1204,0x0480,0xad15,0x1204,0x0480,0xad16,0x1204,0x0480,0xad18,0x1204,0x0480,0xad19,
    0x1204,0x0480,0xad1a,0x1204,0x0480,0xad1b,0x1204,0x0480,0xad1c,0x1204,0x0480,0xad1e,0x1204,0x0480,0xad1f,0x1204,
    0x0480,0x1d20,0x1002,0x1204,0x0480,0x1d21,0x1002,0x1204,0x0480,0x1d22,0x1002,0x1204,0x0480,0x1d25,0x1002,0x1204,
    0x0480,0x1d28,0x1002,0x1201,0x0481,0x700c,0x1d2e,0x1002,0x2257,0x0e0b,0x1d29,0x1042,0x1300,0x1080,0x2257,0x0d9e,
    0x2257,0x0d1f,0x1d37,0x1002,0x1600,0x3080,0x2242,0x0403,0x2242,0x030c,0x1d38,0x1002,0x1700,0x3081,0x2257,0x0c80,
    0xc040,0x1d39,0x1042,0x8820,0x2257,0x0c00,0xc041,0x1d40,0x1042,0x8820,0x2257,0x0b80,0xc042,0x1d41,0x1042,0x8820,
    0x2257,0x0b00,0xc043,0x1d42,0x1042,0x8820,0x2257,0x0a80,0xc044,0x1d43,0x1042,0x8820,0x2257,0x0a00,0xc045,0x1d44,
    0x1042,0x8820,0x2257,0x0980,0xc046,0x1d45,0x1042,0x8800,0x2242,0x020f,0x6a2c,0x1d46,0x1002,0x2257,0x0900,0xc047,
    0x8800,0x1d47,0x1002,0x2257,0x0880,0xc048,0x8800,0x1d48,0x1002,0x2257,0x0800,0xc049,0x8800,0x1d49,0x1002,0x2242,
    0x0f00,0xc04a,0x8800,0x1d4a,0x1002,0x2242,0x0e00,0xc04b,0x8800,0x1d4b,0x1002,0x2242,0x0d00,0xc04c,0x8800,0x1d4c,
    0x1002,0x2242,0x0c00,0xc04d,0x8800,0x1d4e,0x1002,0x2242,0x0b00,0xc04e,0x8800,0x1d4f,0x1002,0x2242,0x0a00,0xc04f,
    0x8800,0x1d50,0x1002,0x2242,0x0900,0xc050,0x8800,0x1d51,0x1002,0x2242,0x0800,0xc051,0x8800,0x1d52,0x1002,0x2242,
    0x0700,0xc052,0x8800,0x1d54,0x1002,0x2242,0x0600,0xc053,0x8800,0x1d55,0x1002,0x2242,0x0500,0xc054,0x8800,0x1d56,
    0x1002,0x8b00,0x1d57,0x1002,0x8c00,0x1d58,0x1002,0x8f00,0x1d5b,0x1002,0x8900,0x1d5e,0x1002,0x8a00,0x1d64,0x16c2,
    0x1d5f,0x1002,0x1301,0x1080,0x1d6d,0x1002,0x1601,0x3080,0x1d6e,0x1002,0x1701,0x3080,0x1d6f,0x1002,0xc000,0x8801,
    0x1d76,0x1002,0xc001,0x8801,0x1d77,0x1002,0xc002,0x8801,0x1d78,0x1002,0xc003,0x8801,0x1d79,0x1002,0xc004,0x8801,
    0x1d7a,0x1002,0xc005,0x8801,0x1d7b,0x1002,0xc006,0x8801,0x1d7c,0x1002,0xc007,0x8801,0x1d7d,0x1002,0xc008,0x8801,
    0x1d7e,0x1002,0xc009,0x8801,0x1d7f,0x1002,0xc00a,0x8801,0xae00,0xc00b,0x8801,0x1d81,0x1002,0xc00c,0x8801,0x1d82,
    0x1002,0xc00d,0x8801,0xae04,0xc00e,0x8801,0x1d85,0x1002,0xc00f,0x8801,0x1d86,0x1002,0xc010,0x8801,0x1d87,0x1002,
    0xc011,0x8801,0xae08,0xc012,0x8801,0x1d8a,0x1002,0xc013,0x8801,0x1d8b,0x1002,0xc014,0x8801,0xae0c,0x8b01,0x1d8d,
    0x1002,0x8c01,0x1d8e,0x1002,0x8f01,0x1d91,0x1002,0x8901,0xae14,0x8a01,0x1d9a,0x16c2,0x1d95,0x1002,0x1302,0x1080,
    0x1da3,0x1002,0x1602,0x3080,0x1e24,0x1002,0x1702,0x3080,0x1da5,0x1002,0xc000,0x8802,0x1e2c,0x1002,0xc001,0x8802,
    0x1dad,0x1002,0xc002,0x8802,0x1dae,0x1002,0xc003,0x8802,0x1daf,0x1002,0xc004,0x8802,0x1e30,0x1002,0xc005,0x8802,
    0x1db1,0x1002,0xc006,0x8802,0x1db2,0x1002,0xc007,0x8802,0x1db3,0x1002,0xc008,0x8802,0x1e34,0x1002,0xc009,0x8802,
    0x1db5,0x1002,0xc00a,0x8802,0x1db6,0x1002,0xc00b,0x8802,0x1db7,0x1002,0xc00c,0x8802,0x1e38,0x1002,0xc00d,0x8802,
    0x1dba,0x1002,0xc00e,0x8802,0x1dbb,0x1002,0xc00f,0x8802,0x1e3c,0x1002,0xc010,0x8802,0x1dbd,0x1002,0xc011,0x8802,
    0x1dbe,0x1002,0xc012,0x8802,0x1e40,0x1002,0xc013,0x8802,0x1dc1,0x1002,0xc014,0x8802,0x1dc2,0x1002,0x8b02,0x1dc3,
    0x1002,0x8c02,0x1e44,0x1002,0x8f02,0x1dc7,0x1002,0x8902,0x1dca,0x1002,0x8a22,0x700c,0x1e50,0x1002,0x1dcb,0x1042,
    0xc0b5,0x1404,0x341b,0xc6c6,0xc0f1,0xc1a5,0xc080,0x41c3,0x8000,0x54c8,0x0c5e,0xfeef,0xda12,0xc080,0x0f42,0x01e0,
    0xd912,0x236f,0x0243,0x8b00,0x080b,0x01ff,0x702c,0x2044,0x0041,0x42c3,0x9004,0x0116,0xb220,0x1321,0x0080,0x1ace,
    0x8004,0x133c,0x0080,0x1ad0,0x8004,0x8b15,0xe892,0x0d46,0x0180,0xc802,0xe80e,0x702c,0x2105,0x0f83,0x9002,0x0146,
    0x9340,0x2196,0x0010,0x2244,0x0302,0x208d,0x0e3f,0xb340,0x0f36,0x01c0,0x080e,0x0000,0xc0a5,0xc0d1,0x7ee0,0x78e0,
    0xc2e6,0x1cfc,0xb6c8,0xc804,0x264a,0x3040,0x47cb,0x9004,0x00c2,0x791b,0x2105,0x0f80,0x9002,0x001e,0x9000,0x2105,
    0x0f81,0x9003,0xe01e,0x70cd,0x2004,0x0f80,0x0000,0xff78,0x2045,0x0180,0xb100,0x1f00,0x1784,0x1600,0x7080,0x8000,
    0x0005,0x726d,0x2756,0x181b,0xe838,0x700c,0x0b82,0x0020,0x742c,0x40c3,0x0098,0x9680,0x702c,0xb7c0,0x1b00,0x3784,
    0x1bfe,0xb784,0x1e00,0x7384,0x9004,0x0620,0x0b62,0x0020,0x1bc4,0xb384,0xd833,0x47cb,0x9004,0x0400,0x45cb,0x9004,
    0x0144,0xb700,0xd820,0x0ae2,0x0020,0xb5c0,0x208a,0x0010,0x1dac,0x9784,0x1d00,0x12c4,0x0ace,0x0020,0x1dac,0x9384,
    0x700c,0xd920,0xb5c0,0x0b2a,0x0020,0xb7c0,0x2555,0x1ac0,0xb0c0,0x1d00,0x12c4,0xf050,0x0aae,0x0020,0x740c,0x208a,
    0x0c07,0x45cb,0x9004,0x0092,0xb500,0xb7c0,0x47cb,0x000f,0x4240,0x702c,0x40e1,0x1b00,0x3384,0x1e00,0x7384,0x9004,
    0x0620,0x1bfe,0xb384,0x1bc4,0xb384,0x0ae6,0x0020,0x1d99,0x10dd,0x78fd,0x702c,0x0ada,0x0020,0x1d99,0x12dc,0x40c3,
    0x0098,0x9680,0x702c,0x0aca,0x0020,0x1d99,0x139c,0xd833,0x47cb,0x9004,0x0400,0x1d5e,0x1784,0xb700,0x760c,0x0a4a,
    0x0020,0x1db2,0x1384,0x700c,0x41c3,0x0000,0x2710,0x1d5e,0x12c4,0x0a9e,0x0020,0x1db2,0x12c4,0x700c,0xd920,0x1d5e,
    0x1384,0x1db2,0x1384,0x0a8a,0x0020,0xb7c0,0x1daf,0x139c,0x1db2,0x12c4,0x1404,0x341b,0xc6c6,0x78e0,0x7ee0,0x78e0,
    0x1600,0x7082,0x8000,0x001c,0x781b,0x7a19,0x784f,0x7839,0x7fe0,0xb8c0,0xc2e6,0x1cfc,0xb6c8,0xc1a7,0xd825,0xb89f,
    0x43c3,0x8000,0x5b52,0x8840,0x883b,0x8b00,0x1c1a,0x3082,0x1c1b,0x3042,0xc066,0x8b42,0x8b21,0x8b03,0x1c19,0x3082,
    0x1c16,0x3042,0x08be,0xffef,0x1c17,0x3002,0x206d,0x099b,0x700c,0xf053,0xc100,0x70ad,0x7838,0xc042,0xf048,0x2440,
    0x3680,0x60a9,0xc002,0x782b,0xf241,0x2440,0x3580,0xc200,0x60a8,0xc186,0x61af,0x7ab4,0xc044,0x710c,0x70cd,0x7858,
    0xc043,0xf02e,0xc100,0x0f7e,0xffef,0x792f,0x4200,0x7054,0xc200,0x6d94,0xc101,0x78d0,0x7c56,0x43c3,0x8000,0x5b2c,
    0x6098,0x7124,0x607a,0xf209,0x71c5,0x78d0,0x6098,0x6078,0xaae0,0xa820,0xf011,0x1600,0x708c,0x8000,0x0101,0xc303,
    0x2000,0x0f80,0x8000,0x5b0c,0x7b8b,0xf205,0xaa20,0xa8e0,0xf003,0xa820,0xaae0,0xc001,0x71c5,0x68e2,0x78f0,0xc041,
    0xc101,0xc004,0x08a1,0x8065,0x78af,0x71a5,0xc803,0x0d73,0x9004,0xc000,0x7104,0xc040,0xc000,0x085d,0x86e4,0x710c,
    0xc0a7,0x1404,0x341b,0xc6c6,0xc0e6,0xda24,0xba9f,0x8a00,0x8a3c,0x43c3,0x8000,0x5b52,0xe007,0xb823,0x6889,0x4508,
    0x1b00,0x0003,0xab81,0xe90e,0xc802,0x1600,0x7081,0x8000,0x003f,0x7d1d,0x6907,0xb823,0x60b8,0xaba2,0x68e9,0xf004,
    0x4789,0xaba2,0x788f,0x46cb,0x8000,0x5b80,0x7104,0x8e20,0x240a,0x7000,0x770c,0xabe3,0x20a8,0x0180,0x7104,0x792f,
    0x210f,0x0001,0x7bef,0x78af,0x0b17,0x0024,0xae20,0x7704,0x7104,0x792f,0x08fd,0x80e4,0x210f,0x0001,0xae20,0x702c,
    0x716d,0x2b00,0x1040,0x706c,0x7c0f,0xeb07,0x1600,0x7080,0x8000,0x003f,0xf002,0x8a00,0x1600,0x708e,0x8000,0x001c,
    0x7d7b,0x7eb9,0x7ccb,0xf205,0x68c7,0xbe23,0xf004,0xe00f,0x2841,0x010e,0x6538,0x7174,0x716c,0x2000,0x0f80,0x8000,
    0x5b08,0xa8c0,0xf5e3,0x7124,0x09bb,0x8094,0xc4c6,0x78e0,0xc0f1,0x0b3a,0x0000,0xc0d1,0x7fe0,0x700c,0xc0e2,0x70ad,
    0x706d,0xdb6c,0x7bac,0x235f,0x1d8c,0x7175,0x716d,0x631b,0x639b,0x633b,0x8b80,0x7c45,0xab80,0xf5f5,0x71a5,0x0de5,
    0x9094,0xc4c2,0x4100,0xe806,0xca03,0x6961,0x7b19,0xf003,0x706c,0x20aa,0x00c4,0x0813,0x003f,0x722c,0x710c,0x21ab,
    0x00c4,0x20ab,0x00c4,0x0b11,0x0415,0x1600,0x7100,0x9004,0x0048,0x7ee0,0x21aa,0x0104,0x222f,0x004a,0x0a19,0x00e5,
    0x24aa,0x1144,0x20aa,0x0104,0x09fd,0x8004,0x24aa,0x1144,0x4b51,0xf003,0x6179,0x20aa,0x0104,0x7030,0x20e1,0x07c6,
    0x20aa,0x0144,0x0cf3,0x9000,0x7ee0,0x78e0,0xc0f1,0x0876,0x0000,0x0f96,0xffcf,0xc0d1,0x7ee0,0x78e0,0xc2e4,0xc1a3,
    0x41c3,0x024f,0x0000,0x0e26,0xff6f,0x740c,0xd840,0xb89f,0x88c0,0x10e5,0x808d,0x700c,0x0ad2,0xfeef,0xd9ff,0x2605,
    0x1340,0xb8c1,0xc041,0xd880,0xd90b,0xda20,0x706c,0x1c08,0x3001,0x0aae,0xff2f,0x1c00,0x3001,0x700c,0x0a66,0xff2f,
    0x712c,0x0f46,0xffef,0xd814,0xc0a3,0xc6c4,0xc0f1,0x4328,0x0812,0x0020,0x702c,0x7071,0xc0d1,0x7fe0,0x20ca,0x02c5,
    0x236f,0x0343,0x9340,0x081f,0x0f84,0x0003,0x0d41,0xb825,0x201c,0x0f80,0x0a7c,0x5ac5,0xb827,0x784c,0x2845,0x0500,
    0xf007,0x784c,0x201c,0x0f80,0x431b,0xde83,0xb833,0x8b42,0x44cb,0x8000,0x5a64,0x6058,0x7104,0x2805,0x0080,0x8c40,
    0x6981,0xea0e,0x13fb,0x8082,0x0a15,0x00df,0x43c3,0x8000,0x5b4c,0x8b40,0xea04,0x7a2c,0x8b81,0x7c4c,0x7410,0x7fe0,
    0x20ca,0x030d,0xc2e6,0x1cfc,0xb6c8,0x0dba,0xffaf,0xc1ae,0xdf40,0x206d,0x0902,0xb8c3,0xbf9f,0x221f,0x0001,0x8f00,
    0x1a03,0x3098,0x1a02,0x3058,0xe80a,0x1600,0x7080,0x8000,0x003f,0x6992,0x2484,0x1e03,0x641c,0xf00a,0x1600,0x708c,
    0x8000,0x0024,0x0a09,0x00b1,0x783d,0x5012,0x7b8f,0x2453,0x90be,0x2b41,0x00c2,0x41c3,0x8000,0x5424,0xbb22,0x22c0,
    0x0062,0x2453,0x907e,0xa940,0x23c0,0x0062,0x41c3,0x01e5,0x0002,0x0cfa,0xff6f,0xd80a,0xdd25,0xbd9f,0x2542,0x155b,
    0x2342,0x33ce,0x1605,0x1481,0x1500,0x108b,0x1302,0x3082,0x9600,0x8f60,0x1300,0x310c,0xc043,0xc142,0xc241,0xd80a,
    0x41c3,0x01e7,0x0006,0x4261,0x0cc2,0xff6f,0xc440,0x16fe,0x9082,0xd80a,0x41c3,0x01f0,0x0001,0x0cb2,0xff6f,0xbac3,
    0x8d00,0x080f,0x001e,0x0936,0xffaf,0x700c,0x8d00,0x080d,0x007e,0x710c,0x0926,0xff8f,0x8f00,0x080f,0x001e,0x091e,
    0xffaf,0x720c,0x8f00,0x080d,0x007e,0x730c,0x090e,0xff8f,0xc804,0x47cb,0x9004,0x0094,0x6f62,0x6b82,0x791b,0x2454,
    0x1f00,0x2105,0x03c2,0x7b25,0x7c25,0x9240,0x9320,0x94a0,0x1002,0x051e,0x9060,0x9081,0x9003,0xc346,0xdb7f,0xc048,
    0x4020,0x20ad,0x0203,0xc043,0x2104,0x00c0,0xc042,0x4040,0x20ad,0x0203,0xc141,0xc040,0x7b44,0x740c,0x41c3,0x01f1,
    0x000b,0xc447,0x1c14,0x3780,0x0c22,0xff6f,0xc544,0x1600,0x7100,0x9018,0x0100,0x71ad,0xb822,0x2506,0x1000,0x0d3e,
    0xffaf,0x1a03,0x3002,0x40c3,0x9005,0xe14a,0x1fbc,0x9344,0x276f,0x1443,0xb0a0,0x18a4,0x8005,0x8f40,0x41c3,0x01f4,
    0x0001,0x0bea,0xff6f,0x740c,0x0c6a,0xff2f,0x8f00,0x41c3,0x01f5,0x0000,0x0bd6,0xff6f,0x750c,0x1300,0x3100,0x0815,
    0x0050,0x16fe,0x9080,0x206c,0x00c0,0xe0a0,0x0bfc,0x0141,0x1600,0x7080,0x8000,0x00f4,0x7014,0x0f38,0x0142,0xc0ae,
    0x1404,0x341b,0xc6c6,0x78e0,0xc2e6,0x1cfc,0xb6c8,0x2482,0x3a03,0x200a,0x0f80,0x0000,0x6000,0x2029,0x0000,0x710c,
    0x1e00,0x7004,0x9004,0x0120,0x1600,0x7080,0x8000,0x0001,0x0823,0x003e,0x702c,0x40c3,0x9007,0xe034,0x42c3,0x9004,
    0x0034,0xb020,0xb8b2,0xb020,0xb220,0x1a90,0x005c,0x1a00,0x00c5,0x0e02,0x0000,0x41c3,0x0227,0x0000,0x0b4e,0xff6f,
    0xd80a,0x0ff2,0xfecf,0x236f,0x39c3,0x45cb,0x9018,0x01dc,0x13ef,0xb481,0x0a42,0x01a0,0x9500,0xca02,0x41c3,0x9012,
    0x0052,0x2140,0x028e,0x7014,0x6962,0x6ee2,0x26ca,0x1041,0x7014,0x42c3,0x0000,0x2409,0x44cb,0x0000,0x6745,0x27ca,
    0x10c1,0xd8f2,0x1b00,0x3084,0xb680,0xb700,0x41c3,0x0229,0x0001,0x0afa,0xff6f,0xd80a,0x40c3,0x9004,0x01dc,0x9541,
    0x9560,0x15fe,0x910c,0x9020,0x10fc,0x8100,0xc440,0xc141,0xc042,0x41c3,0x022a,0x0005,0x0ad2,0xff6f,0xd80a,0xcc0e,
    0x9620,0x080f,0x0041,0xcc0f,0x9720,0x0813,0x0040,0x41c3,0x022b,0x0000,0x0e0e,0xfeaf,0x700c,0xc804,0x1600,0x7082,
    0x8000,0x0004,0x702c,0x781b,0x2005,0x0f80,0x9004,0x0012,0x9000,0x1600,0x708e,0x8000,0x0001,0x1ce4,0x3000,0x0a13,
    0x01ff,0xbe27,0xba14,0x2204,0x0f81,0x0010,0x0000,0x71ed,0x43db,0x8000,0x5a64,0x40c3,0x8000,0x5b4c,0x1b00,0x33c2,
    0x1801,0x0103,0x1600,0x7082,0x8000,0x0008,0x206f,0x0443,0x10fe,0x8100,0x229f,0x0703,0x1a04,0x3058,0x6058,0x7704,
    0x2804,0x0080,0x1e00,0x7002,0x8000,0x5b4c,0xd837,0x0b8a,0xffaf,0xb89f,0x0b82,0xffaf,0x7204,0x206f,0x0443,0x2056,
    0x0941,0x1102,0x0500,0x42c3,0x9004,0x0110,0x45cb,0x8000,0x5434,0x1a02,0x0014,0x1102,0x0500,0x1a02,0x0014,0x1102,
    0x0500,0x1a04,0x0014,0x9100,0x1a80,0x8014,0xc804,0x9183,0x7b1b,0x2305,0x0080,0xb080,0x9181,0x6a0c,0x7865,0xb080,
    0x9122,0x6a0a,0x7865,0xb020,0x0cae,0x0020,0x40a1,0x0c86,0x0000,0x0ece,0x0100,0x206f,0x0443,0x0c7a,0x0020,0xb0e4,
    0x0b72,0x0000,0x9520,0x40c3,0x9006,0x0158,0xb020,0x9521,0xb88d,0xb020,0x206f,0x0443,0x8811,0x2005,0x83be,0xf406,
    0x1e00,0x7085,0x9004,0x00c0,0x0c3e,0xffcf,0x09fe,0xffcf,0x41c3,0x022d,0x0000,0x0996,0xff6f,0x740c,0x0f0e,0xff8f,
    0x700c,0x0e4a,0xfeaf,0xd9ff,0x700c,0x742c,0x092e,0xff2f,0x704c,0x700c,0x0dee,0xfeef,0x712c,0x0b42,0x0000,0x256f,
    0x1a43,0x40c1,0x0996,0xff6f,0xb5e0,0x08ee,0xff4f,0x70d5,0x08c4,0xffc1,0x0b4e,0x0020,0x700c,0x710c,0xb88f,0xb500,
    0x0ada,0xffaf,0xc083,0x41c3,0x8000,0x598c,0x8903,0x716c,0x080d,0x01bf,0x714c,0x8916,0x206d,0x0182,0x140f,0x3080,
    0x080d,0x019f,0x1422,0x3080,0x206d,0x0183,0x0a0b,0x00e0,0x700c,0x0f52,0x0140,0xc083,0xd913,0x0a46,0xff2f,0xdaf3,
    0xc083,0xd910,0x0a3a,0xffef,0xda41,0xca04,0x2042,0x803c,0xf222,0x706c,0x20a8,0x0800,0x2332,0x0f81,0x8000,0x5468,
    0x708d,0x704c,0xdd6c,0x785b,0x7d4a,0x7875,0x6098,0xc683,0x2000,0x0f80,0x8000,0x5b4c,0x66be,0x88aa,0x245a,0x1d80,
    0x7154,0x714c,0x60d8,0x6038,0xa8a0,0xf5ee,0x7185,0x0cd7,0x9094,0x7164,0x70cd,0xddff,0xc083,0x702c,0x704c,0x706c,
    0xc641,0x0cb2,0x01a0,0xc540,0xc083,0xd910,0x09d2,0xffef,0xda45,0xc083,0x702c,0x42c3,0xfffe,0xffff,0x776c,0x09ee,
    0xff2f,0x1c00,0x3041,0x700c,0x0d42,0xfeaf,0xd9ff,0x40c3,0x0000,0x3a98,0x0a9a,0xffef,0x702c,0x780f,0x2048,0x0202,
    0x700c,0xd907,0x706c,0xc642,0xc641,0x0d16,0xfeef,0xc640,0x700c,0x0cd2,0xfeef,0x712c,0x09ae,0xff0f,0xc083,0xd910,
    0xdabc,0x097e,0xff2f,0x1b00,0x3382,0xc02a,0x080f,0x017f,0xc083,0xd91c,0x096a,0xffef,0x724c,0xc083,0x712c,0x42c3,
    0xfffe,0xffff,0x776c,0xc540,0x0c2a,0x01a0,0xc641,0x09f2,0xffcf,0x0816,0xff4f,0x0d26,0xff6f,0x730c,0xdd25,0x726f,
    0xbd9f,0x710c,0x8d40,0x8d3b,0x78d8,0xb802,0x200f,0x038f,0x7945,0x7f2b,0xf220,0x700c,0x0cb2,0xfeaf,0xd9ff,0xd828,
    0x7fef,0xc040,0x700c,0x762c,0xda22,0xdb40,0x1c08,0x3001,0x0c8e,0xfeef,0xc741,0xd825,0xc040,0x700c,0x762c,0xda22,
    0xdb40,0xc741,0x0c7a,0xfeef,0x1c08,0x3001,0x700c,0x0c36,0xfeef,0x712c,0x6e01,0x238d,0x35ff,0x7e0f,0x700c,0x0c6e,
    0xfeaf,0xd9ff,0x40c3,0x8000,0x5b4c,0x8822,0xc083,0x219f,0x0b01,0x6038,0x887c,0x0b1f,0x017f,0x70cd,0xbb81,0x700c,
    0x762c,0xda22,0xc642,0x1c04,0x33c1,0x0c36,0xfeef,0x1c00,0x3701,0x700c,0xd928,0x724c,0x706c,0xc642,0x1c04,0x30c1,
    0x0c1e,0xfeef,0xc640,0x700c,0xd907,0xda1e,0x706c,0xc642,0xc641,0x0c0e,0xfeef,0xc640,0x700c,0x0bca,0xfeef,0x712c,
    0x1600,0x7080,0x8000,0x0096,0x0815,0x011e,0xc804,0x781b,0x2005,0x0f80,0x9003,0xe002,0x1800,0x0045,0x08d6,0x0000,
    0x70cd,0x1e00,0x7384,0x9004,0x00dc,0x206f,0x0443,0x8811,0xe89e,0x704c,0xf015,0xe806,0x8d1b,0xe888,0x710c,0xf010,
    0x8d00,0x7014,0x700c,0xf20c,0x6a01,0x0c12,0xff6f,0x780f,0x08de,0xff0f,0x40c3,0x8000,0x5b4c,0x8802,0x6841,0x784f,
    0x41c3,0x8000,0x5b4c,0x08d3,0x80b4,0xa942,0x0bee,0xff6f,0x730c,0x40c3,0x8000,0x5b4c,0xb0c1,0x206f,0x0443,0x8831,
    0xe986,0x0c1e,0x0140,0x206f,0x0443,0x8831,0x70ad,0x40c3,0x9003,0xe166,0xb0a0,0xb0a1,0x206f,0x0443,0x9004,0x2078,
    0x0040,0x2005,0x807e,0x0b70,0x0141,0x0df6,0xff8f,0x0d32,0xff4f,0xc804,0x781b,0x2005,0x0f81,0x9005,0xe012,0x14e4,
    0x3000,0x0eb2,0x0060,0xb100,0x092a,0x0000,0x0892,0x0000,0xd923,0xd80a,0x0e76,0xff2f,0xb914,0x0b7e,0xff6f,0x700c,
    0x0e72,0x0160,0xd807,0x25ab,0x10c4,0x7fff,0xf1ff,0x78e0,0xc2e2,0x45cb,0x9004,0x0144,0x9500,0x206c,0x0040,0xb880,
    0x1dac,0x1014,0x0fa2,0xffaf,0x740c,0xd81f,0x0f9a,0xffaf,0x1d00,0x1045,0xc6c2,0x78e0,0xc2e2,0x0f8e,0xffaf,0xd81f,
    0x45cb,0x9004,0x01f0,0x740c,0x0f7e,0xffaf,0x1d00,0x1005,0x1554,0x9100,0x206c,0x0040,0xb881,0x1d54,0x9004,0xc6c2,
    0xc0f1,0x1600,0x7081,0x8000,0x0012,0x218c,0x8203,0x0e04,0x014e,0x08a2,0x0000,0xc0d1,0x7ee0,0x78e0,0xc2e4,0xde37,
    0xbe9f,0x45c9,0x1501,0x1482,0x41c3,0x01a1,0x0001,0x0dde,0xff2f,0x740c,0x4e18,0x0df1,0x9004,0xe013,0x4508,0x4608,
    0x1501,0x1482,0x41c3,0x01a2,0x0001,0x0dc2,0xff2f,0x740c,0x4e18,0x0df1,0x9004,0xc6c4,0xc2e6,0x46cb,0x8000,0x5454,
    0x47cb,0x8000,0x5d94,0x0813,0x02ff,0x4508,0x9600,0x2053,0x80be,0xf411,0xf00d,0x970a,0x8e20,0xb880,0x2153,0x80be,
    0xb70a,0xf207,0x700c,0xa703,0xa702,0xa701,0xa700,0x0a12,0xfe8f,0x0d1d,0x11de,0x8e00,0x2053,0x80be,0xf206,0x700c,
    0xa703,0xa702,0xa701,0xa700,0x09f6,0xfe8f,0xc6c6,0x78e0,0xc2e2,0x1600,0x7080,0x8000,0x0001,0x081b,0x003e,0xd80a,
    0x45cb,0x9005,0xe0a4,0x0ea2,0xffaf,0x1d00,0x1045,0x1d00,0x1005,0xc6c2,0xc2e6,0x1cfc,0xb6c8,0xc1a6,0x4318,0x710c,
    0x1e00,0x7002,0x8000,0x0019,0xca02,0x70ad,0x41c3,0x9004,0x002a,0x44cb,0x0002,0x0175,0xb863,0x238a,0x0186,0x214f,
    0x0542,0xb1a0,0x7514,0x208a,0x01c6,0x6c22,0x23ca,0x0305,0x20ca,0x0045,0xb2a0,0x1a05,0x30d8,0x0d4a,0xff6f,0x5016,
    0x2044,0x0c0e,0x0d3e,0xff6f,0xbe24,0xb8c3,0x78ca,0x41c3,0x01a3,0x0000,0x1a00,0x3002,0x0cd2,0xff2f,0x740c,0xca00,
    0x1600,0x7002,0x8000,0x5478,0x2042,0x803c,0xf250,0x44cb,0x9002,0x0146,0x2454,0x1d8b,0x20a8,0x0181,0x1202,0x0501,
    0x2505,0x1303,0x2505,0x12ce,0xb320,0x1202,0x0501,0x2505,0x1f83,0x9002,0x00ac,0xb320,0x41c3,0x9002,0x0100,0x1202,
    0x0503,0xb660,0x1202,0x0503,0x2505,0x104e,0x7224,0xb660,0x1202,0x0503,0x2505,0x104e,0x7224,0xb660,0x1202,0x0503,
    0x2505,0x104e,0x7224,0xb660,0x1202,0x0503,0x2505,0x104e,0x7224,0xb660,0x1202,0x0503,0x2505,0x104e,0x7224,0xb660,
    0x1202,0x0503,0x2505,0x104e,0x7224,0xb660,0x1202,0x0503,0x2505,0x104e,0x7224,0xb660,0x1202,0x0503,0x79a5,0x2596,
    0x1010,0xb160,0x1e00,0x7080,0x8000,0x5478,0x706d,0x9220,0x2b40,0x134c,0x45cb,0x9006,0x015a,0x2405,0x1343,0xb320,
    0x6d22,0x9261,0x7985,0xb160,0x9222,0x1b02,0x3054,0x92c3,0x2542,0x1e81,0x2405,0x1043,0xb3c0,0x92a4,0x7224,0x2405,
    0x1043,0xb3a0,0x92a5,0x7224,0x2405,0x1043,0xb3a0,0x92a6,0x7224,0x2405,0x1043,0xb3a0,0x92a7,0x7224,0x2405,0x1043,
    0xb3a0,0x92a8,0x7224,0x2405,0x1043,0xb3a0,0x7224,0x9269,0x7985,0xb160,0x1202,0x3081,0x0915,0x0251,0x926a,0x2405,
    0x1f81,0x9006,0x1dde,0xe216,0xb160,0xf003,0xe214,0x7175,0x716d,0xf5bf,0x9220,0x43c3,0x9018,0x010c,0x45cb,0x9004,
    0x0600,0x1bd4,0x0054,0x9221,0x6d86,0x1b02,0x0054,0x9222,0x1b02,0x0054,0x9223,0x1b02,0x0054,0x9224,0x1b02,0x0054,
    0x9225,0x1b02,0x0054,0x9226,0x1b02,0x0054,0x9227,0x1b02,0x0054,0x9228,0x1b02,0x0054,0x9229,0x1b02,0x0054,0x922a,
    0x1b02,0x0054,0x922b,0x1b02,0x0054,0x922c,0x1b02,0x0054,0x922d,0x1b02,0x0054,0x922e,0xb320,0x922f,0xb321,0x9230,
    0xb322,0x9231,0x43c3,0x9004,0x0120,0xb320,0x9232,0x1b82,0x8044,0x9233,0xb520,0x9234,0x1c10,0x1054,0x9235,0x1cee,
    0x9044,0x9236,0xb43d,0x9237,0xb521,0x9238,0xdd82,0x655d,0x1c02,0x1054,0x9239,0x1bce,0x8044,0x923a,0x1b72,0x8044,
    0x923b,0x1e00,0x7044,0x9012,0x11fe,0x923c,0x1bc2,0x8044,0x923d,0x1be8,0x8044,0x923e,0x1bea,0x8044,0x923f,0xb335,
    0x1240,0x0101,0x1b6c,0x0044,0x1242,0x010b,0x2356,0x0f41,0x1902,0x02d4,0x1244,0x0103,0x1906,0x00d4,0x1246,0x0103,
    0x1902,0x00d4,0x1248,0x0103,0x1902,0x00d4,0x124a,0x0103,0x19ec,0x00d4,0x124c,0x0103,0xb160,0x124e,0x0103,0x2442,
    0x1381,0x1902,0x00d4,0x1250,0x0103,0x1902,0x00d4,0x1252,0x0103,0xb160,0x1254,0x0103,0xb161,0x1256,0x0103,0xb162,
    0x1258,0x0101,0x1cfc,0x9044,0x125a,0x0101,0x1c02,0x1054,0x125c,0x0101,0x1c02,0x1054,0x125e,0x0101,0x1c02,0x1054,
    0x1260,0x0101,0x1c12,0x1054,0x1262,0x0101,0x1c02,0x1054,0x1264,0x0101,0x1c02,0x1054,0x1266,0x0101,0x1c02,0x1054,
    0x1268,0x0101,0x1c02,0x1054,0x126a,0x0101,0x1c02,0x1054,0x126c,0x0101,0x1c02,0x1054,0x126e,0x0101,0x1c02,0x1054,
    0x1270,0x0101,0x1c02,0x1054,0x1272,0x0101,0x1c02,0x1054,0x1274,0x0101,0x1c02,0x1054,0x1276,0x0101,0x1c02,0x1054,
    0x1278,0x0101,0x1c02,0x1054,0x127a,0x0101,0x1c02,0x1054,0x127c,0x0101,0xb420,0x127e,0x0101,0xb421,0x1280,0x0101,
    0xb422,0x1202,0x3081,0x1e00,0x7340,0x8000,0x5478,0x092b,0x0231,0xb963,0x1282,0x0103,0x41c3,0x9004,0x0032,0xdd86,
    0xb160,0x655d,0x1284,0x0102,0xb995,0x1e00,0x7340,0x8000,0x5478,0xb140,0xf00f,0x091f,0x0114,0x1282,0x0101,0x2255,
    0x084d,0x1e00,0x7340,0x8000,0x5478,0x1e00,0x7044,0x9004,0x0032,0x5006,0x264a,0x3000,0xc142,0x5005,0x016f,0x0060,
    0xc143,0x9540,0x2604,0xb05f,0x702c,0xf408,0x2e40,0x3541,0x2104,0x0f81,0x0020,0x0000,0x2105,0x0f81,0x9012,0x1004,
    0xb140,0x9541,0x0f13,0x3031,0x702c,0x2e40,0x3541,0x2104,0x0f81,0x0020,0x0000,0x2105,0x0f81,0x9012,0x11e0,0xb140,
    0x9562,0x704c,0x0f13,0x3031,0x702c,0x2e40,0x3541,0x2104,0x0f81,0x0020,0x0000,0x2105,0x0f81,0x9012,0x11e2,0xb160,
    0x9563,0x0f15,0x3031,0x702c,0x2e40,0x3541,0x2104,0x0f81,0x0020,0x0000,0x2105,0x0f81,0x9012,0x11e4,0xb160,0x9564,
    0x0f13,0x3031,0x702c,0x2e40,0x3541,0x2104,0x0f81,0x0020,0x0000,0x2105,0x0f81,0x9012,0x11e6,0xb160,0x0f13,0x3031,
    0x9565,0x2e40,0x3541,0x2104,0x0f82,0x0020,0x0000,0x2205,0x0f81,0x9012,0x11e8,0xb160,0x9566,0x704c,0x0f13,0x3031,
    0x702c,0x2e40,0x3541,0x2104,0x0f81,0x0020,0x0000,0x2105,0x0f81,0x9012,0x11ea,0xb160,0x9567,0x0f15,0x3031,0x702c,
    0x2e40,0x3541,0x2104,0x0f81,0x0020,0x0000,0x2105,0x0f81,0x9012,0x11ec,0xb160,0x9568,0x0f13,0x3031,0x702c,0x2e40,
    0x3541,0x2104,0x0f81,0x0020,0x0000,0x2105,0x0f81,0x9012,0x11ee,0xb160,0x0f13,0x3031,0x9569,0x2e40,0x3541,0x2104,
    0x0f82,0x0020,0x0000,0x2205,0x0f81,0x9012,0x1002,0xb160,0x954a,0x706c,0x0f13,0x3031,0x702c,0x2e40,0x3541,0x2104,
    0x0f81,0x0020,0x0000,0x2105,0x0f81,0x9012,0x1014,0xb140,0x954b,0x0f15,0x3031,0x702c,0x2e40,0x3541,0x2104,0x0f81,
    0x0020,0x0000,0x2105,0x0f81,0x9004,0x0004,0xb140,0x958c,0x0f13,0x3031,0x702c,0x2e40,0x3541,0x2104,0x0f81,0x0020,
    0x0000,0x42c3,0x9004,0x0000,0x7945,0xb180,0x0f13,0x3031,0x958d,0x2e40,0x3541,0x2104,0x0f83,0x0020,0x0000,0x2305,
    0x0f81,0x9004,0x000e,0xb180,0x958e,0x706c,0x0f13,0x3031,0x702c,0x2e40,0x3541,0x2104,0x0f81,0x0020,0x0000,0x2105,
    0x0f81,0x9004,0x0026,0xb180,0x958f,0x0f15,0x3031,0x702c,0x2e40,0x3541,0x2104,0x0f81,0x0020,0x0000,0x2105,0x0f81,
    0x9004,0x0008,0xb180,0x9590,0x0f13,0x3031,0x702c,0x2e40,0x3541,0x2104,0x0f81,0x0020,0x0000,0x2105,0x0f81,0x9004,
    0x0006,0xb180,0x0f13,0x3031,0x9591,0x2e40,0x3541,0x2104,0x0f83,0x0020,0x0000,0x2305,0x0f81,0x9004,0x0002,0xb180,
    0x9592,0x706c,0x0f13,0x3031,0x702c,0x2e40,0x3541,0x2104,0x0f81,0x0020,0x0000,0x2105,0x0f81,0x9004,0x0012,0xb180,
    0x9593,0x0f15,0x3031,0x702c,0x2e40,0x3541,0x2104,0x0f81,0x0020,0x0000,0x2105,0x0f81,0x9004,0x0010,0xb180,0x9594,
    0x0f13,0x3031,0x702c,0x2e40,0x3541,0x2104,0x0f81,0x0020,0x0000,0x2105,0x0f81,0x9004,0x0028,0xb180,0x0f13,0x3031,
    0x9595,0x2e40,0x3541,0x2104,0x0f83,0x0020,0x0000,0x2305,0x0f81,0x9004,0x0662,0xb180,0x9576,0x708d,0x0f13,0x3031,
    0x702c,0x2e40,0x3541,0x2104,0x0f81,0x0020,0x0000,0x2105,0x0f81,0x9004,0x0024,0xb160,0x9577,0x0f15,0x3031,0x702c,
    0x2e40,0x3541,0x2104,0x0f81,0x0020,0x0000,0x2105,0x0f81,0x9004,0x002e,0xb160,0x9578,0x0f13,0x3031,0x702c,0x2e40,
    0x3541,0x2104,0x0f81,0x0020,0x0000,0x2105,0x0f81,0x9004,0x0014,0xb160,0x0f13,0x3031,0x9579,0x2e40,0x3501,0x2104,
    0x0f8c,0x0010,0x0000,0xc103,0x706d,0x7985,0x793b,0x7945,0xb160,0x959a,0x0f13,0x3031,0x702c,0x2e40,0x3501,0x2104,
    0x0f81,0x0010,0x0000,0xc302,0x7965,0x793b,0x7945,0xb180,0x955b,0x0f15,0x3031,0x702c,0x2e40,0x3541,0x2104,0x0f81,
    0x0020,0x0000,0x2105,0x0f81,0x9004,0x0020,0xb140,0x955c,0x0f13,0x3031,0x702c,0x2e40,0x3541,0x2104,0x0f81,0x0020,
    0x0000,0x2105,0x0f81,0x9004,0x0022,0xb140,0x0f13,0x3031,0x955d,0x2e40,0x3541,0x2104,0x0f8b,0x0020,0x0000,0x2305,
    0x1f81,0x9004,0x0058,0xb140,0x957e,0x704c,0x0f13,0x3031,0x702c,0x2e40,0x3541,0x2104,0x0f81,0x0020,0x0000,0x2105,
    0x0f81,0x9004,0x005a,0xb160,0x957f,0x0f15,0x3031,0x702c,0x2e40,0x3541,0x2104,0x0f81,0x0020,0x0000,0x2105,0x0f81,
    0x9004,0x0060,0xb160,0x1540,0x1103,0x0f15,0x3031,0x702c,0x2e40,0x3541,0x2104,0x0f81,0x0020,0x0000,0x2105,0x0f81,
    0x9004,0x005c,0xb160,0x0f17,0x3031,0x1542,0x1103,0x2e40,0x3541,0x2104,0x0f82,0x0020,0x0000,0x2205,0x0f81,0x9004,
    0x005e,0xb160,0x1544,0x1103,0x704c,0x0f15,0x3031,0x702c,0x2e40,0x3541,0x2104,0x0f81,0x0020,0x0000,0x2105,0x0f81,
    0x9004,0x009c,0xb160,0x1546,0x1103,0x0f15,0x3031,0x702c,0x2e40,0x3541,0x2104,0x0f81,0x0020,0x0000,0x2105,0x0f81,
    0x9004,0x009a,0xb160,0x1548,0x1103,0x0f15,0x3031,0x702c,0x2e40,0x3541,0x2104,0x0f81,0x0020,0x0000,0x2105,0x0f81,
    0x9004,0x006a,0xb160,0x0f17,0x3031,0x154a,0x1103,0x2e40,0x3541,0x2104,0x0f82,0x0020,0x0000,0x2205,0x0f81,0x9004,
    0x006c,0xb160,0x154c,0x1103,0x704c,0x0f15,0x3031,0x702c,0x2e40,0x3541,0x2104,0x0f81,0x0020,0x0000,0x2105,0x0f81,
    0x9004,0x006e,0xb160,0x154e,0x1103,0x0f15,0x3031,0x702c,0x2e40,0x3541,0x2104,0x0f81,0x0020,0x0000,0x2105,0x0f81,
    0x9004,0x0070,0xb160,0x1550,0x1103,0x0f15,0x3031,0x702c,0x2e40,0x3541,0x2104,0x0f81,0x0020,0x0000,0x2105,0x0f81,
    0x9004,0x0072,0xb160,0x0f17,0x3031,0x1552,0x1103,0x2e40,0x3541,0x2104,0x0f82,0x0020,0x0000,0x2205,0x0f81,0x9004,
    0x0074,0xb160,0x1554,0x1103,0x704c,0x0f15,0x3031,0x702c,0x2e40,0x3541,0x2104,0x0f81,0x0020,0x0000,0x2105,0x0f81,
    0x9004,0x0076,0xb160,0x1556,0x1103,0x0f15,0x3031,0x702c,0x2e40,0x3541,0x2104,0x0f81,0x0020,0x0000,0x2105,0x0f81,
    0x9004,0x0078,0xb160,0x1558,0x1103,0x0f15,0x3031,0x702c,0x2e40,0x3541,0x2104,0x0f81,0x0020,0x0000,0x2105,0x0f81,
    0x9004,0x007a,0xb160,0x0f17,0x3031,0x155a,0x1103,0x2e40,0x3541,0x2104,0x0f82,0x0020,0x0000,0x2205,0x0f81,0x9004,
    0x007c,0xb160,0x155c,0x1103,0x704c,0x0f15,0x3031,0x702c,0x2e40,0x3541,0x2104,0x0f81,0x0020,0x0000,0x2105,0x0f81,
    0x9004,0x007e,0xb160,0x155e,0x1103,0x0f15,0x3031,0x702c,0x2e40,0x3541,0x2104,0x0f81,0x0020,0x0000,0x2105,0x0f81,
    0x9004,0x0080,0xb160,0x1560,0x1103,0x0f15,0x3031,0x702c,0x2e40,0x3541,0x2104,0x0f81,0x0020,0x0000,0x2105,0x0f81,
    0x9004,0x0018,0xb160,0x0f17,0x3031,0x1562,0x110e,0x2e40,0x3541,0x2104,0x0f82,0x0020,0x0000,0x2205,0x0f83,0x9004,
    0x0660,0x2e40,0x3502,0x708d,0x70f7,0x2204,0x0f82,0x0010,0x0000,0x2554,0x1c8d,0x4389,0x7ac0,0xc441,0xb3c0,0xf0ac,
    0x9560,0x46cb,0x9006,0x0070,0x793b,0xc140,0x79c5,0xb160,0xc300,0x95e1,0x6e22,0x7b25,0xb3e0,0x69e2,0xc100,0x9562,
    0x2496,0x1008,0x79e5,0xb160,0xc300,0x1506,0x111f,0x4fdc,0x7b25,0x1b00,0x07c4,0x1400,0x301f,0x9564,0x7224,0x2705,
    0x305f,0x1f00,0x30c4,0x9565,0x1400,0x301f,0x7224,0x7165,0x2705,0x305f,0x1f00,0x30c4,0x2140,0x009f,0xc100,0x9566,
    0x2105,0x07c1,0xb160,0x150e,0x111f,0xc100,0x2642,0x1403,0x2340,0x009b,0x7965,0x1900,0x07c4,0x1510,0x111f,0xc100,
    0xbe66,0xbb64,0x2105,0x06c1,0x1900,0x07c4,0x1512,0x111f,0xc100,0x79c5,0x1900,0x07c4,0x6f24,0xc700,0x1514,0x111f,
    0xbe62,0x7f25,0x1f00,0x17c4,0x1400,0x301f,0x95eb,0xe108,0x2705,0x305f,0x1f00,0x33c4,0x95ec,0x1400,0x301f,0x7224,
    0x2705,0x305f,0x1f00,0x33c4,0x95ed,0x1400,0x301f,0x7224,0x2705,0x305f,0x1f00,0x33c4,0x69e2,0xc100,0x151c,0x111f,
    0x79e5,0x1900,0x07c4,0x151e,0x111f,0xc100,0x2105,0x0f81,0x9006,0x0660,0x1900,0x07c4,0x4f9a,0xc700,0x1520,0x111f,
    0x7f25,0x1f00,0x17c4,0x1400,0x301f,0x95f1,0x7224,0x2705,0x305f,0x1f00,0x33c4,0x95f2,0x1400,0x301f,0x7224,0x2705,
    0x305f,0x1f00,0x33c4,0x2140,0x009f,0xc100,0x95f3,0x2705,0x305f,0x1f00,0x33c4,0x95f4,0x2340,0x311f,0x2105,0x07c1,
    0xb1e0,0xc700,0x9535,0x7ee5,0xb620,0xc100,0x95d6,0xe52e,0x7965,0xb1c0,0x7175,0x06ac,0xffee,0x2405,0x1081,0xf0f1,
    0xc101,0x9560,0x46cb,0x9002,0x01a0,0xb90c,0xc145,0x7945,0x7c3b,0xc140,0x2405,0x1381,0xb160,0x9561,0x6e22,0x2405,
    0x104f,0xb760,0x7224,0x95e2,0x2405,0x1043,0x7224,0xb3e0,0x95e3,0x2405,0x1043,0x7224,0xb3e0,0x7985,0x9564,0xb160,
    0x9565,0x2657,0x1841,0x2405,0x104f,0xb760,0x696c,0x95e6,0x2405,0x10c1,0xb1e0,0x150e,0x110b,0x2659,0x1d0f,0x2405,
    0x13c1,0x1900,0x02c4,0x2754,0x1e1f,0x9528,0x2405,0x17ce,0xe708,0xb620,0x2740,0x3101,0x95c9,0x2405,0x104b,0x2140,
    0x009b,0x1b00,0x1384,0x95ca,0x2405,0x16c1,0x2742,0x340b,0xb1c0,0x95cb,0x2405,0x13c1,0x2742,0x319f,0xb1c0,0x95cc,
    0x6f2a,0x7985,0xb1c0,0x2405,0x12ce,0x952d,0xb620,0x2405,0x17c1,0x95ce,0xb1c0,0x952f,0xc144,0xc604,0x2340,0x3081,
    0x2405,0x105b,0x1b00,0x3384,0x7424,0x1520,0x111b,0x2405,0x104e,0x7424,0x1e00,0x16c4,0x1522,0x111b,0x6fc4,0x2405,
    0x138f,0x1f00,0x16c4,0x1524,0x111b,0x2405,0x104f,0x7424,0x1f00,0x16c4,0x1526,0x111b,0x2405,0x104f,0x7224,0x1f00,
    0x16c4,0x1528,0x111b,0x2405,0x104f,0xe10a,0x1f00,0x16c4,0x2405,0x105b,0x95f5,0x7424,0x1b00,0x33c4,0x2405,0x104f,
    0x152c,0x111b,0x7224,0x7985,0x1f00,0x16c4,0x95f7,0xb1e0,0x95f8,0x2742,0x3101,0x7985,0xb1e0,0x95f9,0x2342,0x1101,
    0x7985,0xb1e0,0x95fa,0x2342,0x0401,0x7985,0xb1e0,0x957b,0x4ebc,0x7985,0xb160,0x1202,0x3081,0x0917,0x0114,0x957c,
    0x2405,0x1f81,0x9002,0x00ae,0xe53a,0xb160,0xf002,0xe538,0x706d,0x708d,0x70cd,0xf022,0xc300,0x95e0,0x41c3,0x9002,
    0x009c,0x7b85,0x272f,0x30c0,0x6962,0x2105,0x07c1,0xb1e0,0x95e1,0x2705,0x30db,0x6b22,0x1b00,0x33c4,0x9562,0x2705,
    0x304f,0x7224,0xb760,0x9563,0x2105,0x07c1,0x2456,0x180c,0x71c5,0xe508,0x1900,0x00c4,0x0ec1,0x9254,0xc105,0x1502,
    0x1503,0x7175,0x7161,0x7945,0x793b,0x716d,0x2105,0x0f81,0x9002,0x0018,0xb160,0xf5f4,0xc101,0x7124,0xc141,0xc101,
    0x7110,0x0620,0xffc5,0x2640,0x305e,0x264c,0xb080,0x0696,0xffa5,0xd980,0x41c3,0x01a5,0x0000,0x1e00,0x7340,0x8000,
    0x5478,0x0fea,0xfeaf,0x740c,0xc0a6,0x1404,0x341b,0xc6c6,0xc2e6,0x1cfc,0xb6c8,0xc1a6,0xd935,0x740c,0x0fce,0xfeaf,
    0xb913,0x1600,0x700f,0x8000,0x5478,0x42c3,0x9004,0x0110,0x43c3,0x9004,0x0098,0x9700,0x1a02,0x0014,0x9701,0xb200,
    0x9722,0x700c,0xc042,0xb221,0x4308,0x9703,0xe708,0x1e00,0x73c0,0x8000,0x5478,0xb203,0x1702,0x1500,0x2b40,0x1542,
    0x2205,0x00c1,0xb100,0x6b0c,0x1702,0x1501,0x7845,0x7175,0xb020,0x1702,0x1501,0x6b0a,0x716d,0x7845,0xb020,0xf5ee,
    0x70ef,0x1e00,0x73c0,0x8000,0x5478,0xf0ae,0x708d,0x264a,0x3000,0x42e1,0x0065,0x0000,0x702c,0xb994,0x2651,0xb1c0,
    0x4061,0x2404,0x105b,0x20c5,0x06c1,0x45cb,0x9006,0x0000,0x781b,0x6dc6,0x7d05,0xb560,0x643c,0x9221,0x6e62,0x7e05,
    0xb620,0x92a2,0x2005,0x00ce,0x6b26,0xb6a0,0x2005,0x004d,0x92c3,0x2154,0x0c01,0x7905,0xb5c0,0x2356,0x0e43,0x92a4,
    0x2640,0x305e,0xb1a0,0x2005,0x00cd,0x9225,0x7264,0x7865,0xb520,0x9226,0xe20e,0xb020,0x0ea1,0xb0b4,0x9260,0x2f40,
    0x3342,0x40c3,0x9006,0x0034,0x2205,0x0001,0xb160,0x2055,0x08c0,0x972f,0x2205,0x0003,0x2054,0x0800,0xb320,0x9730,
    0x2205,0x0003,0x7204,0xb320,0x9731,0x2205,0x0003,0x7204,0xb320,0x9732,0x2205,0x0003,0x7404,0xb320,0x9733,0x2205,
    0x0003,0x7204,0xb320,0x9734,0x2205,0x0003,0x7204,0xb320,0x9735,0x2205,0x0003,0x7204,0xb320,0x9736,0x2205,0x0003,
    0x7204,0xb320,0x9737,0x2205,0x0003,0x7204,0xb320,0x9738,0x2205,0x0003,0xe02e,0xb320,0x9739,0x2205,0x0003,0x7204,
    0xb320,0x973a,0x2205,0x0003,0x7204,0xb320,0x973b,0x2205,0x0003,0x7204,0xb320,0x973c,0x2205,0x0003,0x7604,0xb320,
    0x973d,0x2205,0x0003,0x7204,0xb320,0x973e,0x2205,0x0003,0x7204,0xb320,0x973f,0x2205,0x0003,0x7204,0xb320,0x1740,
    0x1101,0x2205,0x0003,0x7204,0xb320,0x1742,0x1101,0x2205,0x0003,0x7204,0xb320,0x1744,0x1101,0x7845,0x71e7,0x2754,
    0x18cf,0xb020,0x71f7,0x06a8,0xffee,0x2f40,0x330b,0x700c,0x1e00,0x73c0,0x8000,0x5478,0xf0fb,0xc000,0x42c3,0x9012,
    0x1006,0x2004,0x805f,0xc002,0x97c0,0x2004,0x0f9e,0x0020,0x0000,0x6a02,0x2605,0x3081,0x2605,0x300d,0x6882,0x715c,
    0x70f7,0x2605,0x331b,0x6c62,0x751c,0x70f7,0xb1c0,0x2605,0x30ce,0x6b02,0x23ca,0x3302,0x70f7,0x2605,0x300c,0x767c,
    0x70f7,0x6842,0x741c,0x9701,0x2605,0x3081,0xc141,0xb500,0xc001,0x97a2,0x70f7,0x705c,0xc041,0x1b00,0x3344,0x9703,
    0x2240,0x008b,0x2605,0x32c3,0xb600,0x9704,0x70f7,0x737d,0xb400,0x9745,0xc001,0x2340,0x1101,0x2605,0x304d,0xb040,
    0x70f7,0x9706,0x753c,0x2140,0x009b,0xb300,0x9707,0x2605,0x36ce,0x70f7,0xb500,0x9708,0x767f,0x2340,0x308c,0xb600,
    0x9709,0x2605,0x3302,0x70f7,0x729d,0xb200,0x6c62,0x970a,0x2605,0x30c1,0x70f7,0x717c,0xb100,0x6b02,0x972b,0x20c5,
    0x0781,0xb020,0xca02,0xe087,0x0114,0x0025,0x70f7,0x40c3,0x9012,0x1022,0x2605,0x3001,0x974c,0x711c,0x7204,0x2605,
    0x3003,0x70f7,0x731c,0x7204,0xb140,0x2605,0x3001,0x70f7,0x711c,0x7204,0x2605,0x3002,0x70f7,0x721c,0x7204,0x2605,
    0x300c,0x70f7,0x741c,0x7204,0x97ad,0x2605,0x300e,0x70f7,0x761c,0x7204,0xb3a0,0x2605,0x3003,0x70f7,0x731c,0x7204,
    0x2605,0x300d,0x70f7,0x2040,0x009b,0x751c,0x2605,0x36c0,0x70f7,0xc041,0x707f,0xc041,0x970e,0x7267,0x2605,0x36cb,
    0xb100,0x70f7,0x972f,0x23ca,0x16c2,0x2340,0x3080,0xb220,0x2605,0x3001,0x9750,0x70f7,0x711c,0xb440,0x9751,0x7204,
    0x70f7,0xb640,0x9792,0x2605,0x3002,0x721c,0xb380,0x7204,0x9773,0x2605,0x300c,0x70f7,0xb560,0xc301,0x97b4,0x741c,
    0x7204,0xb3a0,0x70f7,0x9775,0x1b00,0x10c4,0x97b6,0x2605,0x3003,0x731c,0xb1a0,0x97b7,0x6822,0x70f7,0xb2a0,0x9718,
    0x2605,0x304d,0x753c,0xb400,0x9759,0x2156,0x0e40,0x2605,0x300c,0xb340,0x973a,0x70f7,0x741c,0xb520,0x975b,0x2054,
    0x0d43,0x48a8,0xb440,0x971c,0x23c5,0x0781,0x70f7,0xb300,0x971d,0x21c5,0x0781,0xe73c,0xb100,0xf003,0xe718,0xc002,
    0x2000,0x0f80,0x0020,0x0000,0xc042,0xc000,0x7104,0xc040,0xc000,0x7214,0x0606,0xffe5,0xd980,0x1e00,0x73c0,0x8000,
    0x5478,0x40c3,0x0009,0x002e,0x702c,0x42e1,0x0017,0x0000,0x2100,0x0f83,0x0012,0x005c,0xbb9c,0x7224,0x7104,0xbb9f,
    0xb380,0x1202,0x050c,0x08ed,0x8f84,0x0009,0x062e,0x42c3,0x9012,0x0038,0x41c3,0x0000,0x0c02,0x1a02,0x0314,0x673b,
    0x9300,0xe122,0x61f9,0x1a02,0x0014,0x9301,0x1a02,0x0014,0x9302,0x1a02,0x0014,0x9303,0x1a02,0x0014,0x9304,0x1a02,
    0x0014,0x9305,0x1a02,0x0014,0x9306,0x1a02,0x0014,0x9307,0x1a02,0x0014,0x9308,0x1a02,0x0014,0x9309,0x1a02,0x0014,
    0x930a,0x1a02,0x0014,0x930b,0x1a02,0x0014,0x930c,0x1a02,0x0014,0x930d,0x1a02,0x0014,0x930e,0xb200,0x930f,0xb201,
    0x9310,0xb202,0xca02,0xc140,0x7614,0xc000,0x1e00,0x7000,0x8000,0x5478,0x0054,0x000e,0xc000,0x41c3,0x9012,0x0e00,
    0x42c3,0x0000,0x0c26,0x675b,0x9000,0x1902,0x0014,0x9300,0x1902,0x0014,0x9301,0x1902,0x0014,0x9302,0x1902,0x0014,
    0x9303,0x1902,0x0014,0x9304,0x1902,0x0014,0x9305,0xb100,0x9386,0x4a28,0x671f,0xb181,0xc740,0x9347,0xc000,0x1e00,
    0x7000,0x8000,0x5478,0xb142,0xc100,0x1102,0x0500,0xc140,0x41c3,0x9012,0x0e18,0x1902,0x0014,0xc200,0x1202,0x0500,
    0xc240,0x1902,0x0014,0x1202,0x0500,0xc240,0x1902,0x0014,0x1202,0x0500,0xc240,0x1902,0x0014,0x1202,0x0500,0xc240,
    0x1902,0x0014,0x1202,0x0500,0xc240,0x1902,0x0014,0x1202,0x0500,0xc240,0x1902,0x0014,0x1202,0x0500,0xc240,0x1902,
    0x0014,0x1202,0x0500,0xc240,0x1902,0x0014,0x1202,0x0500,0xc240,0x1902,0x0014,0x1202,0x0500,0xc240,0x1902,0x0014,
    0x1202,0x0500,0xc240,0x1902,0x0014,0x1202,0x0500,0xc240,0x1902,0x0014,0x1202,0x0500,0xc240,0xb100,0x1202,0x0500,
    0xc240,0xb101,0x1202,0x0500,0xc240,0xb102,0xca02,0xe087,0xc000,0x1e00,0x7000,0x8000,0x5478,0x027a,0x0005,0xc000,
    0x41c3,0x9012,0x1040,0x9000,0x1902,0x0014,0xc000,0x9001,0x1902,0x0014,0xc000,0x9002,0x1902,0x0014,0xc000,0x9003,
    0x1902,0x0014,0xc000,0x9004,0x1902,0x0014,0xc000,0x9005,0xb100,0xc000,0x9006,0xb101,0xc000,0x9007,0xb102,0xc000,
    0x2180,0x0d86,0x9008,0x1902,0x0014,0xc000,0x9009,0x1902,0x0014,0xc000,0x900a,0x1904,0x0014,0xc000,0x900b,0x1902,
    0x0014,0xc000,0x900c,0x1906,0x0014,0xc000,0x900d,0x1902,0x0014,0xc000,0x900e,0x1902,0x0014,0xc000,0x900f,0x1904,
    0x0014,0xc000,0x9010,0x1902,0x0014,0xc000,0x9011,0x1902,0x0014,0xc000,0x9012,0x1904,0x0014,0xc000,0x9013,0x1902,
    0x0014,0xc000,0x9014,0x1902,0x0014,0xc000,0x9015,0x191c,0x0014,0xc000,0x9016,0x1902,0x0014,0xc000,0x9017,0x1902,
    0x0014,0xc000,0x9018,0x1902,0x0014,0xc000,0x9019,0x1902,0x0014,0xc000,0x901a,0x1902,0x0014,0xc000,0x901b,0x1902,
    0x0014,0xc000,0x901c,0x1902,0x0014,0xc000,0x901d,0x1902,0x0014,0xc000,0x901e,0x1902,0x0014,0xc000,0x901f,0x1902,
    0x0014,0xc000,0x1040,0x0100,0x1902,0x0014,0xc000,0x1042,0x0100,0x1902,0x0014,0xc000,0x1044,0x0100,0x1902,0x0014,
    0xc000,0x1046,0x0100,0x1902,0x0014,0xc000,0x1048,0x0100,0x1902,0x0014,0xc000,0x104a,0x0100,0x1902,0x0014,0xc000,
    0x104c,0x0100,0x1902,0x0014,0xc000,0x104e,0x0100,0x1902,0x0014,0xc000,0x1050,0x0100,0x1902,0x0014,0xc000,0x1052,
    0x0100,0x1902,0x0014,0xc000,0x1054,0x0100,0x1902,0x0014,0xc000,0x1056,0x0100,0x1902,0x0014,0xc000,0x1058,0x0100,
    0x1902,0x0014,0xc000,0x105a,0x0100,0x1912,0x0014,0xc000,0x105c,0x0100,0x1902,0x0014,0xc000,0x2054,0x0c02,0x105e,
    0x0103,0x1902,0x00d4,0x9200,0x1902,0x0014,0xc000,0x1062,0x0100,0x1902,0x0014,0x9202,0x1902,0x0014,0xc000,0x1066,
    0x0100,0x1902,0x0014,0x9204,0x1902,0x0014,0xc000,0x106a,0x0100,0xb100,0x9206,0x197e,0x0004,0xc000,0x106e,0x0100,
    0x1980,0x0004,0x9208,0x41c3,0x9012,0x1820,0x1902,0x0014,0xc000,0x1072,0x0100,0x1902,0x0014,0x920a,0x1902,0x0014,
    0xc000,0x1076,0x0100,0x1902,0x0014,0x920c,0x1902,0x0014,0xc000,0x107a,0x0100,0x1902,0x0014,0x920e,0x1902,0x0014,
    0xc000,0x107e,0x0100,0x1902,0x0014,0x9210,0x1902,0x0014,0xc000,0x1082,0x0100,0x1902,0x0014,0x9212,0x1902,0x0014,
    0xc000,0x1086,0x0100,0x1902,0x0014,0x9214,0x1902,0x0014,0xc000,0x108a,0x0100,0xb100,0x9216,0xb101,0xc000,0x108e,
    0x0102,0x2055,0x0900,0xc040,0x1e00,0x7000,0x8000,0x5478,0xb142,0xc000,0x1002,0x0501,0xc040,0x1e00,0x7044,0x9018,
    0x0000,0xca02,0xc100,0x1e00,0x7040,0x8000,0x5478,0x080b,0x0255,0x0839,0x01d1,0xc000,0x9020,0x40c3,0x9018,0x000c,
    0xb020,0xc100,0x9121,0xb021,0xc100,0x9122,0x18f8,0x8044,0xc100,0x9123,0x18fa,0x8044,0xc100,0xca02,0xe108,0xc140,
    0x1e00,0x7040,0x8000,0x5478,0x081f,0x01d1,0xc000,0xc100,0x9000,0x7224,0xc140,0x1e00,0x7040,0x8000,0x5478,0x1e00,
    0x7004,0x9018,0x000a,0xc000,0x44cb,0x9018,0x0002,0x244a,0x7240,0x9000,0x1c6a,0x1014,0xc000,0x9001,0x1c9e,0x1014,
    0xc000,0x9002,0x1c06,0x1014,0xc000,0x9003,0x1cf0,0x1014,0xc000,0x9004,0x1c02,0x1014,0xc000,0x9005,0x1c02,0x1014,
    0xc000,0x9006,0x1c04,0x1014,0xc000,0x9007,0x1c02,0x1014,0xc000,0x9008,0x1c06,0x1014,0xc000,0x9009,0x1c02,0x1014,
    0xc000,0x900a,0x1c02,0x1014,0xc000,0x900b,0x1c02,0x1014,0xc000,0x900c,0x1c02,0x1014,0xc000,0x900d,0x1c02,0x1014,
    0xc000,0x900e,0x1c02,0x1014,0xc000,0x900f,0x1c02,0x1014,0xc000,0x9010,0x1c02,0x1014,0xc000,0x9011,0x1c02,0x1014,
    0xc000,0x9012,0x1c02,0x1014,0xc000,0x9013,0x1c02,0x1014,0xc000,0x9014,0x1c02,0x1014,0xc000,0x9015,0x1c02,0x1014,
    0xc000,0x9016,0x1c02,0x1014,0xc000,0x9017,0x1c02,0x1014,0xc000,0x9018,0x1c02,0x1014,0xc000,0x9019,0x1c02,0x1014,
    0xc000,0x901a,0x1c02,0x1014,0xc000,0x901b,0x1c02,0x1014,0xc000,0x901c,0x1c02,0x1014,0xc000,0x901d,0x1c02,0x1014,
    0xc000,0x901e,0x1c02,0x1014,0xc000,0x901f,0x1c02,0x1014,0xc000,0x1040,0x0100,0xb400,0xc000,0x2054,0x08c3,0x1042,
    0x0101,0x2055,0x0d82,0xb421,0x1044,0x0101,0x1e00,0x70c0,0x8000,0x5478,0xb422,0x708d,0x20a8,0x0d40,0x1302,0x0501,
    0x40c3,0x900e,0x0048,0x2405,0x100d,0xb520,0x1302,0x0501,0x7204,0x2405,0x100d,0xb520,0x1302,0x0501,0x7204,0x2405,
    0x100d,0xb520,0x1302,0x0501,0x7204,0x2405,0x100d,0xb520,0x1302,0x0501,0x7204,0x2405,0x100d,0xb520,0x1302,0x0501,
    0x7204,0x2405,0x100d,0xb520,0x1302,0x0501,0x7204,0x2405,0x100d,0xb520,0x1302,0x0501,0x7204,0x7885,0x2480,0x1008,
    0xb020,0x9300,0x41c3,0x900e,0x0022,0x193e,0x0014,0x9200,0x1902,0x0014,0xc000,0x10da,0x0100,0x1902,0x0014,0x9202,
    0x1902,0x0014,0xc000,0x10de,0x0100,0x1902,0x0014,0x9204,0x1902,0x0014,0xc000,0x10e2,0x0100,0x1902,0x0014,0x9206,
    0x1902,0x0014,0xc000,0x10e6,0x0100,0x1902,0x0014,0x9208,0x1902,0x0014,0xc000,0x10ea,0x0100,0x1902,0x0014,0x920a,
    0x1902,0x0014,0xc000,0x10ee,0x0100,0x1902,0x0014,0x920c,0x1902,0x0014,0xc000,0x10f2,0x0100,0x1902,0x0014,0x920e,
    0x1902,0x0014,0xc000,0x10f6,0x0100,0x1942,0x0014,0x9210,0x1902,0x0014,0xc000,0x10fa,0x0100,0x1902,0x0014,0x9212,
    0x1902,0x0014,0xc000,0x10fe,0x0100,0x1902,0x0014,0x9214,0x1902,0x0014,0xc000,0x1081,0x0700,0x19da,0x0014,0x9216,
    0x1902,0x0014,0xc000,0x1083,0x0700,0x1902,0x0014,0x9218,0x1902,0x0014,0xc000,0x1085,0x0700,0xb100,0xc000,0x927a,
    0x704c,0x2056,0x088d,0xb161,0x1087,0x0703,0x700c,0xc041,0x1e00,0x7340,0x8000,0x5478,0xb162,0xf06c,0xc001,0x47db,
    0x9004,0x001a,0x2004,0x805e,0x2740,0x348c,0x7104,0x95c0,0x2204,0x0f8b,0x0020,0x0000,0xc041,0x6c0a,0x2305,0x17db,
    0x2440,0x1603,0xc042,0x4c1a,0xc043,0x23ca,0x37c2,0x2305,0x10c0,0x6b22,0xc044,0x1b00,0x3384,0x2305,0x1040,0xc045,
    0xc004,0x2305,0x130f,0x264c,0xb000,0x779d,0x264c,0xb000,0x707c,0xc044,0x9501,0x264c,0xb000,0x2154,0x081f,0xb700,
    0xc004,0x95e2,0x2305,0x17ce,0x2740,0x310c,0xb0e0,0x95e3,0xc005,0x2742,0x3103,0x2200,0x0f82,0x0020,0x0000,0x703c,
    0xc045,0xb0e0,0x264c,0xb000,0x9504,0x76ff,0x2305,0x1301,0xb600,0x9505,0x264c,0xb000,0x719d,0xb100,0x6c02,0x9526,
    0x20c5,0x02c1,0x264c,0xb000,0xb020,0x9527,0xc002,0x23c5,0x02c1,0x20c5,0x02c1,0xc042,0xb020,0x264c,0xb000,0x9508,
    0xb300,0xc003,0x9529,0xe514,0x20c5,0x02c1,0xc043,0xb020,0xc001,0x082d,0x80b4,0xd980,0xca02,0x1e00,0x7340,0x8000,
    0x5478,0x0873,0x0234,0x248a,0x7801,0x41c3,0x0004,0x0248,0x220a,0x0f80,0x9004,0x0000,0x20a8,0x0300,0xc000,0x2105,
    0x0083,0x6038,0x2034,0x0f80,0xfffb,0xfef0,0x7224,0xb300,0xc000,0x248a,0x7801,0x41c3,0x0004,0x0316,0x2056,0x0fc0,
    0x1e00,0x7000,0x8000,0x5478,0x20a8,0x0300,0xc000,0x2105,0x0083,0x6038,0x2034,0x0f80,0xfffb,0xfee2,0x7224,0xb300,
    0xc000,0x2080,0x0e0a,0xc040,0xc500,0x1e00,0x7000,0x8000,0x5478,0x1502,0x1500,0x41c3,0x9004,0x0030,0x1908,0x0014,
    0x1502,0x1500,0x1908,0x0014,0x1502,0x1500,0x190a,0x0014,0x1502,0x1500,0x1902,0x0014,0x1502,0x1500,0x1902,0x0014,
    0x1502,0x1500,0x1902,0x0014,0x1502,0x1500,0x1904,0x0014,0x1502,0x1500,0x190e,0x0014,0x1502,0x1500,0x1902,0x0014,
    0x1502,0x1500,0x1902,0x0014,0x1502,0x1500,0x1902,0x0014,0x1502,0x1500,0x191c,0x0014,0x1502,0x1500,0x1904,0x0014,
    0x1502,0x1500,0x1926,0x0014,0x1502,0x1500,0x1904,0x0014,0x1502,0x1500,0x190e,0x0014,0x1502,0x1500,0x1924,0x0014,
    0x1502,0x1500,0x1902,0x0014,0x1502,0x1500,0x1902,0x0014,0x1502,0x1500,0x1908,0x0014,0x1502,0x1500,0x1902,0x0014,
    0x1502,0x1500,0x1902,0x0014,0x1502,0x1500,0x1908,0x0014,0x1502,0x1500,0x1944,0x0014,0x1502,0x1500,0x190c,0x0014,
    0x1502,0x1500,0x1902,0x0014,0x1502,0x1500,0x1902,0x0014,0x1502,0x1500,0x192a,0x0014,0x1502,0x1500,0x1906,0x0014,
    0x1502,0x1500,0x1902,0x0014,0x1502,0x1500,0x1902,0x0014,0x1502,0x1500,0xb100,0x1502,0x1500,0x195a,0x0004,0x1502,
    0x1500,0x195c,0x0004,0xca02,0x1e00,0x7340,0x8000,0x5478,0x0809,0x0255,0x081f,0x01d1,0x1504,0x1500,0x41c3,0x9004,
    0x01e2,0xb100,0x15fe,0x9100,0x1e00,0x7340,0x8000,0x5478,0xb101,0x1502,0x1500,0x41c3,0x9004,0x0236,0x1902,0x0014,
    0x1502,0x1500,0x1902,0x0014,0x1502,0x1500,0xb100,0x1502,0x1500,0xb101,0x1502,0x1500,0xb105,0x1502,0x1500,0x1e00,
    0x7004,0x9004,0x0622,0xca02,0x1e00,0x7340,0x8000,0x5478,0x0819,0x01d1,0x1502,0x1500,0x1e00,0x7340,0x8000,0x5478,
    0x1e00,0x7004,0x9004,0x01b2,0xca00,0xc044,0x700c,0x4308,0x0623,0x0020,0xc043,0x0465,0x0020,0x264a,0x3000,0xca02,
    0x08d5,0x01f4,0x2e40,0x3500,0x2651,0xb1c0,0x43f9,0x2004,0x0f80,0x0010,0x0000,0x70ef,0x70cd,0x23c5,0x3001,0xf058,
    0x9540,0x43c3,0x9002,0x00d8,0x781b,0xc040,0x7865,0xb040,0xc400,0x9501,0x6b22,0x7c25,0xc041,0xc001,0x6b4c,0x2756,
    0x381f,0xb400,0x9502,0x6a8c,0x71c5,0xc042,0x6b0a,0xc300,0xc041,0xc002,0x7b45,0xb300,0x9503,0xc301,0xc042,0xc000,
    0x7865,0xc041,0xc301,0xc002,0xb300,0x9504,0xc041,0x6a0a,0xc200,0xc042,0xc001,0x7a85,0xb200,0x6942,0xc102,0xc000,
    0x9565,0x7825,0xb060,0x9526,0xc000,0x7845,0xc042,0x6a02,0xc041,0xc002,0x2458,0x1942,0x6a8c,0xb020,0xc301,0xc000,
    0x9527,0x7865,0xb020,0x9528,0xc000,0x6a62,0x7845,0xb020,0x9529,0xc000,0x7865,0xb020,0x6a2a,0xc200,0x950a,0x7c45,
    0xb400,0xc000,0x954b,0xe518,0x7825,0xb040,0x0e55,0x9274,0x2305,0x37c0,0x1502,0x1502,0x702c,0x0e15,0x31ff,0x700c,
    0x2e40,0x3500,0x2004,0x0f80,0x0010,0x0000,0x78e5,0x781b,0x2005,0x0f80,0x9002,0x001e,0xb040,0xca02,0x088f,0x01f4,
    0x700c,0x0e15,0x31ff,0x9540,0x2e40,0x3500,0x2004,0x0f80,0x0010,0x0000,0x78e5,0x781b,0x2005,0x0f80,0x9002,0x0032,
    0xb040,0x9541,0x0e13,0x31ff,0x700c,0x2e40,0x3500,0x2004,0x0f80,0x0010,0x0000,0x78e5,0x781b,0x2005,0x0f80,0x9002,
    0x0036,0xb040,0x9542,0x706c,0x0e13,0x31ff,0x700c,0x2e40,0x3500,0x2004,0x0f80,0x0010,0x0000,0x78e5,0x781b,0x2005,
    0x0f80,0x9002,0x0044,0xb040,0x0e13,0x31ff,0x9543,0x2e40,0x3500,0x2004,0x0f83,0x0010,0x0000,0x7be5,0x787b,0xe508,
    0x2005,0x0f80,0x9002,0x0046,0xb040,0x9540,0x0e13,0x31ff,0x700c,0x2e40,0x3500,0x2004,0x0f80,0x0010,0x0000,0x78e5,
    0x781b,0x2005,0x0f80,0x9002,0x0002,0xb040,0x0e13,0x31ff,0x9541,0x2e40,0x3500,0x2004,0x0f81,0x0010,0x0000,0x79e5,
    0x783b,0x2005,0x0f80,0x9002,0x000a,0xb040,0x9542,0x702c,0x0e13,0x31ff,0x700c,0x2e40,0x3500,0x2004,0x0f80,0x0010,
    0x0000,0x78e5,0x781b,0x2005,0x0f80,0x9002,0x000e,0xb040,0x9543,0x0e15,0x31ff,0x700c,0x2e40,0x3500,0x2004,0x0f80,
    0x0010,0x0000,0x78e5,0x781b,0x2005,0x0f80,0x9002,0x0012,0xb040,0x9544,0x0e13,0x31ff,0x700c,0x2e40,0x3500,0x2004,
    0x0f80,0x0010,0x0000,0x78e5,0x781b,0x2005,0x0f80,0x9002,0x0016,0xb040,0x0e13,0x31ff,0x9545,0x2e40,0x3500,0x2004,
    0x0f81,0x0010,0x0000,0x79e5,0x783b,0x2005,0x0f80,0x9002,0x002e,0xb040,0x9546,0x702c,0x0e13,0x31ff,0x700c,0x2e40,
    0x3500,0x2004,0x0f80,0x0010,0x0000,0x78e5,0x781b,0x2005,0x0f80,0x9002,0x0030,0xb040,0x9547,0x0e15,0x31ff,0x700c,
    0x2e40,0x3500,0x2004,0x0f80,0x0010,0x0000,0x78e5,0x781b,0x2005,0x0f80,0x9002,0x005e,0xb040,0x9548,0x0e13,0x31ff,
    0x700c,0x2e40,0x3500,0x2004,0x0f80,0x0010,0x0000,0x78e5,0x781b,0x2005,0x0f80,0x9002,0x006c,0xb040,0x0e13,0x31ff,
    0x9549,0x2e40,0x3500,0x2004,0x0f81,0x0010,0x0000,0x79e5,0x783b,0x2005,0x0f80,0x9002,0x006e,0xb040,0x954a,0x702c,
    0x0e13,0x31ff,0x700c,0x2e40,0x3500,0x2004,0x0f80,0x0010,0x0000,0x78e5,0x781b,0x2005,0x0f80,0x9002,0x0072,0xb040,
    0x954b,0x0e15,0x31ff,0x700c,0x2e40,0x3500,0x2004,0x0f80,0x0010,0x0000,0x78e5,0x781b,0x2005,0x0f80,0x9002,0x007a,
    0xb040,0x954c,0x0e13,0x31ff,0x700c,0x2e40,0x3500,0x2004,0x0f80,0x0010,0x0000,0x78e5,0x781b,0x2005,0x0f80,0x9002,
    0x0088,0xb040,0x0e13,0x31ff,0x954d,0x2e40,0x3500,0x2004,0x0f81,0x0010,0x0000,0x79e5,0x783b,0x2005,0x0f80,0x9002,
    0x008a,0xb040,0x954e,0x702c,0x0e13,0x31ff,0x700c,0x2e40,0x3500,0x2004,0x0f80,0x0010,0x0000,0x78e5,0x781b,0x2005,
    0x0f80,0x9002,0x0098,0xb040,0x954f,0x0e15,0x31ff,0x700c,0x2e40,0x3500,0x2004,0x0f80,0x0010,0x0000,0x78e5,0x781b,
    0x2005,0x0f80,0x9002,0x009a,0xb040,0x9550,0x0e13,0x31ff,0x700c,0x2e40,0x3500,0x2004,0x0f80,0x0010,0x0000,0x78e5,
    0x781b,0x2005,0x0f80,0x9002,0x015c,0xb040,0x0e13,0x31ff,0x9551,0x2e40,0x3500,0x2004,0x0f81,0x0010,0x0000,0x79e5,
    0x783b,0x2005,0x0f80,0x9002,0x01d0,0xb040,0x9552,0x702c,0x0e13,0x31ff,0x700c,0x2e40,0x3500,0x2004,0x0f80,0x0010,
    0x0000,0x78e5,0x781b,0x2005,0x0f80,0x9002,0x01d2,0xb040,0x9553,0x0e15,0x31ff,0x700c,0x2e40,0x3500,0x2004,0x0f80,
    0x0010,0x0000,0x78e5,0x781b,0x2005,0x0f80,0x9002,0x01d4,0xb040,0x0e15,0x31ff,0x9554,0x2e40,0x3500,0x2004,0x0f81,
    0x0010,0x0000,0x79e5,0x783b,0x2005,0x0f80,0x9002,0x01d6,0xe52a,0x2640,0x305e,0xb040,0x264c,0xb080,0x03a2,0xffe5,
    0x2b40,0x1342,0x9520,0x40c3,0x9002,0x0004,0x2205,0x0003,0xb320,0x9521,0xe010,0x2205,0x0003,0xb320,0x9522,0xe020,
    0x2205,0x0003,0xb320,0x9523,0x2055,0x0b00,0x2205,0x0003,0xb320,0x9524,0x7604,0x2205,0x0003,0xb320,0x9525,0xe028,
    0x2205,0x0003,0xb320,0x9526,0x7204,0x2205,0x0003,0xb320,0x9527,0x7204,0x2205,0x0003,0xb320,0x9528,0x7204,0x2205,
    0x0003,0xb320,0x9529,0x7404,0x2205,0x0003,0xb320,0x952a,0x7604,0x2205,0x0003,0xb320,0x952b,0x7204,0x2205,0x0003,
    0xb320,0x952c,0x7204,0x2205,0x0003,0xb320,0x952d,0x7204,0x2205,0x0003,0xb320,0x952e,0x7204,0x2205,0x0003,0xb320,
    0x952f,0x7204,0x2205,0x0003,0xb320,0x9530,0x7204,0x2205,0x0003,0xb320,0x9531,0xe00e,0x2205,0x0003,0xb320,0x9532,
    0xe008,0x2205,0x0003,0xb320,0x9533,0x7404,0x2205,0x0003,0xb320,0x9534,0x7404,0x2205,0x0003,0xb320,0x9535,0x7204,
    0x2205,0x0003,0xb320,0x9536,0x7204,0x2205,0x0003,0xb320,0x9537,0xe008,0x2205,0x0003,0xb320,0x9538,0xe008,0x2205,
    0x0003,0xb320,0x9539,0x7204,0x2205,0x0003,0xb320,0x953a,0x7204,0x2205,0x0003,0xb320,0x953b,0x7204,0x2205,0x0003,
    0xb320,0x953c,0x7204,0x2205,0x0003,0xb320,0x953d,0xe00a,0x2205,0x0003,0xb320,0x953e,0x7204,0x2205,0x0003,0xb320,
    0x953f,0x7204,0x2205,0x0003,0xb320,0x1540,0x1101,0xe03e,0x2205,0x0003,0xb320,0x1542,0x1101,0x244a,0x7240,0xe008,
    0x2554,0x189f,0x7845,0x264a,0x3000,0x1e00,0x77c0,0x8000,0x5478,0xb020,0x20a8,0x0640,0x1702,0x3501,0x2605,0x3083,
    0x40c3,0x9002,0x017c,0x2305,0x000c,0xb420,0xb872,0x1702,0x350c,0x2305,0x0001,0xb876,0xb180,0x2680,0x3008,0x1702,
    0x3501,0x7865,0xb020,0x1e00,0x77c0,0x8000,0x5478,0x7165,0x45eb,0xc004,0x230c,0x9000,0x01de,0xffe5,0x2b40,0x130f,
    0xca02,0xb863,0x0863,0x0175,0x244a,0x7700,0x220a,0x0340,0x20a8,0x03c0,0xc103,0xd809,0xb811,0x6119,0x2840,0x02c3,
    0xc003,0x1202,0x050c,0x7965,0x7204,0xc043,0xb180,0x244a,0x7d80,0x4d78,0x1e00,0x7000,0x8000,0x5478,0x200a,0x0f80,
    0x0004,0x0248,0x20a8,0x02c0,0x6519,0x2134,0x0f81,0xfffb,0xfdf0,0x2005,0x00c2,0x7204,0xb220,0x2555,0x1a40,0x1e00,
    0x7000,0x8000,0x5478,0x41c3,0x01a9,0x0000,0x0b1e,0xfe2f,0x740c,0xc0a6,0x1404,0x341b,0xc6c6,0x78e0,0xc2e6,0x1cfc,
    0xb6c8,0xc1b6,0xd9d3,0x740c,0x0b02,0xfe2f,0xb911,0x1600,0x7002,0x8000,0x5478,0x700c,0x4308,0xc044,0xf06c,0x2b40,
    0x135e,0x706f,0xf065,0xdd80,0x2b40,0x354f,0x200a,0x0780,0x2304,0xb35f,0x2704,0x1f8d,0x0020,0x0000,0x708d,0x70cd,
    0x4340,0x20c5,0x0341,0xf00c,0x2005,0x030f,0x2705,0x1f8f,0x9006,0x0002,0x2480,0x1008,0x71c5,0xb7a0,0x0eed,0x92b4,
    0x1302,0x050d,0x706c,0x0f15,0x3031,0x700c,0x2b40,0x3500,0x2004,0x0f80,0x0010,0x0000,0x7825,0x781b,0x2005,0x0f80,
    0x9006,0x000c,0xb0a0,0x928b,0x0f13,0x3031,0x700c,0x2b40,0x3500,0x2004,0x0f80,0x0010,0x0000,0x7825,0x781b,0x2005,
    0x0f80,0x9006,0x0010,0xb080,0x928c,0x0f15,0x3031,0x700c,0x2b40,0x3500,0x2004,0x0f80,0x0010,0x0000,0x7825,0x781b,
    0x2005,0x0f80,0x9006,0x0004,0xb080,0x0f15,0x3031,0x928d,0x2b40,0x3500,0x2004,0x0f83,0x0010,0x0000,0x7b25,0x787b,
    0x2005,0x0f80,0x9006,0x000a,0xe21c,0x7167,0xb080,0x0b3b,0xb094,0x7165,0x0b2b,0x90b4,0x2b40,0x1301,0xca00,0x0225,
    0x0020,0xc052,0xc004,0xc245,0xb80c,0xc053,0x700c,0x0203,0x0020,0xc041,0xc001,0xc101,0xc313,0xdc20,0xb8e7,0xb914,
    0xbc90,0x700c,0xc040,0x2104,0x0f80,0x0010,0x0000,0x2440,0x120d,0x23c5,0x0001,0x6d22,0x2305,0x0040,0xc048,0x497c,
    0x2305,0x0001,0xb862,0xc14a,0x2305,0x0001,0xb862,0xc14b,0x2305,0x0001,0xb862,0xc14c,0x2305,0x0001,0xb862,0x1414,
    0x300b,0xc14d,0x2305,0x0001,0xb862,0x2442,0x12ce,0xc14e,0x2305,0x0001,0xb862,0x7c65,0x7e65,0x7d65,0x7865,0xc446,
    0xc647,0xc549,0xc14f,0xc050,0xf0b8,0x700c,0x4469,0xc042,0xc043,0xf036,0xc102,0x1408,0x301e,0x2156,0x0801,0xc142,
    0xc103,0x2605,0x30de,0xb890,0x7124,0xc143,0x2605,0x3001,0x2042,0x051f,0x68e2,0xc000,0x2605,0x37cd,0x72e7,0x6038,
    0x2605,0x33c1,0x7f1b,0xc000,0x2705,0x379f,0x1400,0x301e,0x60b8,0xc511,0x7fc5,0x2600,0x305e,0xc100,0xb7a0,0x94a1,
    0x781b,0x78c5,0xb0a0,0x71e3,0x9402,0x793b,0x79c5,0xb100,0x9403,0x272f,0x1780,0x7ee5,0xe408,0xb600,0x9400,0x46cb,
    0x9000,0x0000,0xc051,0xc003,0x088d,0x8274,0xd824,0xc010,0x7d1b,0xc00f,0x7dc5,0x791b,0xc00e,0x79c5,0x7c1b,0xc00d,
    0x7cc5,0x7f1b,0xc00c,0x7fc5,0x232f,0x3000,0xc00b,0x781b,0xc054,0xc00a,0x272f,0x3000,0xc008,0x262f,0x3000,0xc009,
    0x781b,0xc043,0xc007,0x781b,0xc042,0xc006,0x781b,0xc055,0xc000,0x7104,0xc040,0xc010,0x7104,0xc050,0xc00f,0x7104,
    0xc04f,0xc011,0xb500,0xc00e,0x134a,0x110d,0x7104,0xc04e,0xb1a0,0xc00d,0x134c,0x1101,0x7104,0xc04d,0xb420,0xc00c,
    0x134e,0x1101,0x7104,0xc04c,0xb720,0xc00b,0x1350,0x1101,0x7104,0xc04b,0x2305,0x3380,0xb020,0x1352,0x1101,0xc00a,
    0x7104,0xc04a,0xc014,0x78c5,0xb020,0x1354,0x1101,0xc008,0x7104,0xc048,0x2705,0x3380,0xb020,0x1356,0x1101,0xc009,
    0x7104,0xc049,0x2605,0x3380,0xb020,0x1358,0x1101,0xc007,0x7104,0xc047,0xc003,0x78c5,0xb020,0x135a,0x1101,0xc006,
    0x7104,0xc046,0xc002,0x78c5,0xb020,0x135c,0x1101,0xc015,0x2354,0x1bcb,0x7e05,0xb620,0xc000,0x7214,0x068e,0xffc5,
    0xc001,0x7104,0xc041,0xc005,0x2055,0x0bc0,0xc045,0xc001,0x7114,0x0604,0xffce,0xc004,0x2256,0x0bc2,0x7104,0xc044,
    0xc104,0xc012,0x1e00,0x7080,0x8000,0x5478,0x7110,0x05d8,0xffe5,0x740c,0x41c3,0x01a7,0x0000,0x0fd2,0xfdcf,0xc0b6,
    0x1404,0x341b,0xc6c6,0x78e0,0xc2e6,0x1cfc,0xb6c8,0xc1a5,0xd915,0x740c,0x0fb6,0xfdef,0xb912,0x264a,0x3000,0x200a,
    0x0780,0xc043,0x40c3,0x8000,0x5b6a,0xc042,0x0e0f,0x3010,0x1600,0x7080,0x8000,0x0040,0xf005,0x1600,0x7080,0x8000,
    0x0025,0xe83b,0xd8e8,0xb89f,0x264c,0xb000,0x20c0,0x00a2,0x9020,0xca04,0xc602,0xb902,0xb98c,0x706f,0xb992,0xc144,
    0x70ed,0xe826,0x250a,0x1380,0xc003,0x2732,0x1f82,0x8000,0x5468,0x230a,0x0780,0x790f,0xc004,0x6038,0x781b,0xb89c,
    0xb89f,0x9000,0x41c3,0x0055,0x0004,0x1d04,0x1012,0x780f,0xc041,0x740c,0xc240,0x0f36,0xfdef,0x4263,0xca04,0xc103,
    0x71e5,0x7124,0x0fc5,0x9024,0xc143,0xf003,0x700c,0x7167,0x0bb1,0xb0b4,0x71c5,0xc002,0x2640,0x305e,0x7204,0x0e71,
    0xb0b4,0xc042,0xc0a5,0x1404,0x341b,0xc6c6,0xc2e6,0x1cfc,0xb6c8,0xc1a1,0x1600,0x708e,0x8000,0x5b50,0x4358,0x4528,
    0x7aca,0x4708,0xc240,0xf057,0x0f3b,0x161f,0x0ba5,0x3030,0x2e40,0x1302,0x708d,0x702c,0x2205,0x03c2,0xc000,0xbc08,
    0x7c45,0x7b10,0x7104,0xc040,0x789b,0xb891,0xb89c,0xb89f,0x7124,0x9000,0x7c2f,0x2514,0x10c3,0x0ce5,0x96e4,0xb300,
    0xf038,0xc804,0x7f06,0x2704,0x1f80,0x0fff,0xfffe,0x2000,0x0f80,0xfeff,0xfff0,0x2843,0x8100,0xf211,0x0825,0x00f0,
    0x732c,0x0817,0x0090,0x081b,0x0071,0x78ef,0x0fe6,0xfe2f,0x79cf,0x712c,0xe886,0x722c,0xf004,0x702c,0xf002,0x742c,
    0x40c3,0x8000,0x5b50,0x8883,0xc000,0x2744,0x1043,0x7a10,0x243c,0x1380,0x781b,0x7835,0x6078,0x2000,0x0f80,0x8000,
    0x5b50,0x8826,0xc000,0x7104,0xc040,0x2514,0x1080,0xb020,0x71c5,0x40c3,0x8000,0x5b50,0x8801,0x0851,0x8385,0x7487,
    0x1404,0x341b,0xc6c6,0x78e0,0xc0e2,0xc804,0x1210,0x3702,0xdb25,0x791b,0x2105,0x0f81,0x9004,0x0022,0xbb9f,0xb140,
    0x8b00,0x42c3,0x8000,0x5b52,0xe815,0x8a81,0x1200,0x0080,0x0c23,0x1004,0x41c3,0x8000,0x5428,0x21f4,0x000d,0x2840,
    0x034b,0x7091,0x2305,0x1f81,0x9002,0x0146,0x7104,0xb1a0,0xf7b2,0x8b1b,0xe815,0x8a83,0x1202,0x0080,0x0c23,0x1004,
    0x41c3,0x8000,0x5428,0x21f4,0x0003,0x2840,0x0342,0x7091,0x2205,0x0f81,0x9002,0x0146,0x7104,0xb160,0xf7b2,0xc4c2,
    0xc0e6,0x706c,0x278a,0x1603,0x706d,0xda6c,0x231f,0x108d,0x7a6c,0x235f,0x1d8c,0x7175,0x716d,0x605e,0x231a,0x03c2,
    0x62ba,0x7a34,0x2232,0x0f8d,0x8000,0x5ba8,0x669a,0x623a,0xaaa0,0xf5ed,0x7164,0x0bd5,0x8094,0xc4c6,0xc2e6,0x882b,
    0x8861,0x8853,0x4508,0x2184,0x01c2,0xbba3,0x2246,0x0300,0xad2b,0xad61,0x093a,0xfd6f,0xad13,0xe808,0x8d4d,0x8d23,
    0xba85,0xb987,0xad4d,0xad23,0x1600,0x7080,0x8000,0x0092,0x0811,0x015e,0x8d55,0x8d23,0xbaa5,0xb986,0xad55,0xad23,
    0x8d6d,0x8dd1,0x8d52,0x1529,0x108f,0x8d9c,0xd940,0xbba4,0x2645,0x1e0e,0x226c,0x0082,0xbfc4,0xbca5,0x1d14,0x1083,
    0xad30,0xad6d,0xadd1,0xad52,0x1d29,0x13c2,0xad9c,0xc6c6,0xc0e2,0xc804,0xda25,0xba9f,0x781b,0x2005,0x0f81,0x9004,
    0x0022,0x9100,0x43c3,0x8000,0x5b52,0x1a10,0x301c,0x2004,0x0f80,0x0000,0xff9f,0xb100,0x8a00,0xe815,0x8b81,0x8b00,
    0x0c23,0x1004,0x2840,0x0341,0x2105,0x0f81,0x9002,0x0146,0x9120,0x2614,0x700d,0x8000,0x5428,0x7091,0x7104,0xb520,
    0xf7b2,0x8a1b,0xe815,0x8b43,0x1302,0x0080,0x0a23,0x0004,0x2840,0x0341,0x2105,0x0f81,0x9002,0x0146,0x9120,0x2614,
    0x7003,0x8000,0x5428,0x7050,0x7104,0xb320,0xf7b2,0xc4c2,0xc2e6,0x1204,0x361e,0x706d,0x2b40,0x1302,0x2205,0x0782,
    0x41c3,0x9006,0x0084,0x7c5b,0x2140,0x009f,0x69cc,0x690a,0x7985,0x9160,0x45cb,0x8000,0x5438,0x2514,0x12cf,0x2405,
    0x17c1,0xb764,0x2405,0x1382,0x9120,0x9220,0x7885,0xbe7a,0xb72a,0x9000,0x2405,0x1381,0x7561,0xb70c,0x9120,0x6e02,
    0x7885,0xad2e,0x9020,0x2642,0x1280,0x7c05,0xad30,0x9400,0x7175,0x716d,0xad0c,0xf5d2,0xc6c6,0x78e0,0xc0e4,0x706c,
    0x268a,0x1603,0x706d,0xda6c,0x231f,0x108d,0x7a6c,0x235f,0x1d8c,0x7175,0x716d,0x621a,0x645c,0x231a,0x0382,0x642c,
    0x62ba,0x7a34,0x2200,0x0f82,0x8000,0x5ba8,0xb280,0xf5ed,0x7164,0x0bd5,0x8094,0xc4c4,0xc804,0x781b,0x2005,0x0f80,
    0x9004,0x0018,0x9020,0x40c3,0x8000,0x5b7f,0x7fe0,0xa820,0xc2e2,0x1600,0x7101,0x8000,0x0010,0x0979,0x0050,0x41c3,
    0x8000,0x5b4f,0x43c3,0x8000,0x5438,0x0821,0x00f1,0x8920,0x1600,0x7082,0x8000,0x0040,0x7b35,0x9320,0x4060,0xea09,
    0x9001,0x2108,0x0001,0xf005,0xb8a0,0x7835,0x6069,0x1204,0x3603,0x7c2f,0x704c,0x797b,0x2105,0x0f81,0x9004,0x001a,
    0xb180,0xc802,0x6821,0x2205,0x00c0,0x781b,0xb891,0xb89c,0x2296,0x0008,0xb89f,0x218d,0x0e7f,0xb080,0x45cb,0x9005,
    0xe140,0xd820,0x0ca2,0xfe6f,0x1d00,0x1045,0x1d00,0x1005,0xc6c2,0x78e0,0xc2e6,0x1cfc,0xb6c8,0xc1a1,0xdf40,0xc804,
    0xbf9f,0x1202,0x361e,0x8fc0,0x7a1b,0x70ad,0x708d,0x212f,0x0782,0x2205,0x0f8b,0x9004,0x001a,0x2678,0x101f,0xc140,
    0xf025,0xc100,0x43c3,0x8000,0x5438,0x243d,0x1041,0x7a24,0x2106,0x07db,0x0b13,0x303f,0x23f4,0x0081,0x17e5,0x9082,
    0x0a0d,0x00d0,0xf007,0x0e0f,0x10f1,0x7b54,0x9342,0x2108,0x0081,0x2505,0x1002,0x7a5b,0xba91,0xba9c,0xba9f,0x2596,
    0x1008,0x7185,0xb220,0x1b00,0x1044,0x0ebb,0xb325,0x2679,0x1002,0x7487,0x1404,0x341b,0xc6c6,0x78e0,0xc2e4,0xdd25,
    0xbd9f,0x151b,0x1480,0x41c3,0x9004,0x00e4,0xb100,0x15c6,0x9480,0x0c7a,0xffef,0xb101,0x0b56,0xfe0f,0x0b5e,0xfe2f,
    0x4608,0x4100,0x0eb6,0xffef,0x40c1,0x9500,0xd9ff,0xdaff,0x0813,0x0f84,0x0000,0x0c81,0x40c3,0x9004,0x0628,0x9020,
    0x9041,0xca02,0x0819,0x0214,0xc804,0x43c3,0x9012,0x1010,0xb908,0xba08,0x6981,0x2340,0x058d,0xf00d,0x0823,0x00b4,
    0xb908,0xc804,0x43c3,0x9012,0x1006,0xba08,0x6981,0x2340,0x030d,0x781b,0x7144,0x7b05,0x78a5,0xb380,0xb040,0xc6c4,
    0xc0f1,0x700c,0xd910,0x09d6,0xfdaf,0x714c,0xd810,0x702c,0x09ca,0xfdaf,0x714c,0x700c,0xd90a,0x09c2,0xfdaf,0x714c,
    0xc0d1,0x7ee0,0xc0e4,0x5004,0x8854,0x8801,0x44cb,0x9003,0xe016,0x793b,0x2244,0x030d,0x206d,0x00ce,0xbac1,0x2442,
    0x1303,0x2105,0x0f80,0x9004,0x002a,0x7dc5,0x2278,0x0002,0x7c25,0x7965,0xb0a0,0x785b,0xb400,0xb140,0xc4c4,0x78e0,
    0xc2e6,0x1cfc,0xb6c8,0xc1a4,0x1204,0x360d,0x44cb,0x9004,0x0058,0x41c3,0x8000,0x0103,0x6cc2,0x2140,0x004b,0x6e66,
    0x7014,0x260a,0x32c0,0x7dbb,0x2340,0x049f,0x26ca,0x3042,0x7014,0x2505,0x17c0,0x2740,0x310f,0xc040,0x2505,0x13c0,
    0x72e7,0xc041,0x6f02,0xc043,0x2505,0x17c0,0x7ca5,0x7ea5,0x7ba5,0xc042,0x1600,0x309e,0x9400,0x1600,0x111b,0x93e0,
    0xda3f,0xba08,0x2004,0x009f,0x2304,0x309b,0x2704,0x1080,0x2705,0x379f,0x2305,0x378f,0x2005,0x0780,0x1c00,0x17c4,
    0xb6e0,0xb300,0xc000,0x1300,0x108c,0x8920,0xc703,0x9060,0xc001,0x7fa5,0x7982,0x2304,0x008b,0x90c0,0x9700,0x21ce,
    0x0021,0x2653,0x114d,0x2053,0x014c,0xbbc5,0x7e44,0x7844,0x633a,0x653d,0x6199,0x7905,0xc000,0x2205,0x02c2,0x7dc5,
    0xb040,0xc002,0xb040,0xc001,0xb0a0,0xb720,0xc0a4,0x1404,0x341b,0xc6c6,0xc2e4,0xc1a1,0x4628,0x094b,0x06f5,0x4508,
    0x2025,0x0380,0xf031,0xf051,0xf053,0xf025,0xf017,0xf023,0xf021,0xf021,0xf03d,0xf01f,0xf01d,0xf01d,0xf01b,0xf01b,
    0xf019,0xf019,0xf017,0xf00b,0xf02f,0xf033,0xf035,0xf039,0xf011,0xf011,0xf00f,0xf00f,0xf04a,0x724c,0x1a02,0x3083,
    0xf04d,0x0e95,0x1810,0x0e0f,0x1911,0xda09,0x1a02,0x3243,0xf045,0x700c,0x41c3,0x0220,0x0001,0x0bea,0xfd2f,0x42c1,
    0x1202,0x3082,0xf03b,0x2553,0x12c1,0x208a,0x0ffb,0x6038,0x0847,0x0175,0x218c,0x8404,0x2025,0x0000,0xf1df,0xf005,
    0xf007,0xf00b,0xf00d,0x734c,0x1a02,0x30c3,0xf027,0x744c,0x1a02,0x3103,0xf023,0x754c,0x1a02,0x3143,0xf01f,0x764c,
    0x1a02,0x3183,0xf01b,0x704c,0x1a02,0x3003,0xf017,0x714c,0x1a02,0x3043,0xf013,0xf20c,0x218c,0x8008,0xf20c,0x218c,
    0x8009,0xf3c5,0xda0a,0x1a02,0x3283,0xf009,0xda07,0x1a02,0x31c3,0xf005,0xda08,0x1a02,0x3203,0xd80a,0x41c3,0x0221,
    0x0003,0x43a1,0x0806,0xfdef,0xc640,0x7487,0xc6c4,0x78e0,0x208c,0x8fc3,0xf209,0x0821,0x01d1,0x41c3,0x9004,0x0238,
    0x1900,0x0045,0xf006,0x41c3,0x9004,0x0238,0x1900,0x0105,0x1900,0x0005,0x41c3,0x9018,0x0064,0xb100,0x0021,0x0020,
    0x1902,0x0005,0x42c3,0x9018,0x0064,0x2841,0x0401,0xb200,0xb222,0x000d,0x0020,0x1a02,0x0005,0x78e0,0x210a,0x0f80,
    0x9018,0x0008,0x1100,0x0100,0x08fd,0x801f,0x195e,0x0045,0x9100,0x0801,0x001e,0x7ee0,0x1600,0x7080,0x8000,0x0005,
    0x7ee0,0x78e0,0xc0f1,0x1600,0x7082,0x8000,0x0001,0x4328,0x0a31,0x013f,0x4300,0x40c3,0x9018,0x0064,0x1800,0x0205,
    0x0fbe,0xffef,0x1802,0x0005,0x0f9e,0xffef,0x4060,0x232f,0x80c8,0xf208,0x0f92,0xffef,0x1304,0x1400,0x238c,0x0f3f,
    0xc0d1,0x7ee0,0xc2e6,0x1cfc,0xb6c8,0xc1aa,0xc143,0x4708,0x700c,0x702c,0xc348,0x0bf6,0xfd2f,0xc245,0xc00f,0x706f,
    0x70cd,0xc049,0xc010,0xc046,0x710c,0x2006,0x03c1,0x7838,0xc047,0x2632,0x1f8d,0x8000,0x547c,0x710c,0x702c,0x09b6,
    0xfd2f,0x42a1,0xc209,0x7944,0xc208,0x7844,0x2005,0x807e,0xf485,0xc003,0x60a8,0x0e1f,0x1131,0xc044,0x700c,0xd910,
    0x744c,0x706c,0x1c08,0x36c0,0xc741,0x0b96,0xfd6f,0x1c00,0x36c0,0xc304,0x700c,0x762c,0x704c,0x1c08,0x36c0,0xc741,
    0x0b7e,0xfd6f,0xc540,0x700c,0xd922,0x0e72,0xfd6f,0x704c,0xee31,0x0e47,0x1411,0x40c3,0x8000,0x5b50,0x8820,0x8803,
    0x1600,0x7082,0x8000,0x001c,0x203c,0x0040,0x781b,0x7a19,0xc007,0x7a0b,0xf211,0xc304,0x700c,0x762c,0xbb87,0x704c,
    0x1c08,0x36c0,0xc741,0x0b3a,0xfd6f,0xc540,0x700c,0xd922,0x0e2a,0xfd6f,0x704c,0x2642,0x1440,0x0883,0x00b5,0x206f,
    0x0443,0x8820,0x10fe,0x8100,0x219f,0x041f,0x209f,0x0e83,0xf02d,0xc006,0xe822,0xc003,0x8801,0x0811,0x00df,0xc003,
    0x8814,0x2053,0x80fe,0xf21a,0x700c,0x0aba,0xfd6f,0x712c,0x700c,0x0afa,0xfd2f,0x702c,0x40c3,0x0000,0x3a98,0x0ff2,
    0xfe2f,0xd908,0x0c22,0xffef,0xc003,0x40c3,0x0003,0x0d40,0x0fde,0xfe2f,0xd908,0xf013,0x206f,0x0443,0x8820,0x10fe,
    0x8100,0x219f,0x041f,0x209f,0x0203,0x2805,0x0040,0x704c,0x7104,0x7910,0x0da6,0xfd6f,0x700c,0x71c5,0xe696,0x06d6,
    0xffc5,0x700c,0xd941,0x0d96,0xfd6f,0x704c,0x700c,0x0a56,0xfd6f,0x712c,0xc005,0xe806,0x700c,0x09ae,0xfdef,0x41e1,
    0xc0aa,0x1404,0x341b,0xc6c6,0xc2e6,0x1cfc,0xb6c8,0xc1ab,0xc349,0xc245,0xc143,0x0b2e,0xfdef,0x4708,0x700c,0x0a6e,
    0xfd2f,0x702c,0x700c,0x752c,0x0d52,0xfd6f,0x714c,0xc010,0x70cd,0x43d9,0xc04a,0xc012,0xc046,0xc011,0xc048,0x710c,
    0x2006,0x03c1,0x7838,0xc047,0x2632,0x1f8d,0x8000,0x547c,0x710c,0x702c,0x081e,0xfd2f,0x42a1,0xc20a,0x7944,0xc209,
    0x7844,0x2005,0x807e,0xf488,0xc003,0x60a8,0xc044,0xc008,0xe806,0x700c,0xd91e,0x0d06,0xfd6f,0x714c,0x0e51,0x1131,
    0x700c,0x762c,0x0cf6,0xfd6f,0x714c,0x700c,0xd92c,0x704c,0x706c,0x1c08,0x36c0,0xc741,0x09e6,0xfd6f,0x1c00,0x36c0,
    0x700c,0xd92d,0x704c,0x706c,0x1c08,0x36c0,0x1c00,0x36c0,0x09ce,0xfd6f,0xc741,0x700c,0x762c,0x0cc2,0xfd6f,0x714c,
    0xc104,0x40a1,0x0daa,0xfd6f,0x42e1,0xf051,0xc104,0x40a1,0x0d9e,0xfd6f,0x42e1,0xee1d,0x0e93,0x1411,0x40c3,0x8000,
    0x5b50,0x8820,0x8803,0x1600,0x7082,0x8000,0x001c,0x203c,0x0040,0x781b,0x7a19,0xc007,0x7a0b,0xf239,0x700c,0x762c,
    0x0c7a,0xfd6f,0x714c,0xc104,0x40a1,0xb987,0xf1dc,0xc006,0xe828,0xc003,0x8801,0x0811,0x00df,0xc003,0x8814,0x2053,
    0x80fe,0xf220,0x0a7e,0xffcf,0x700c,0x091a,0xfd6f,0x712c,0x700c,0x095a,0xfd2f,0x702c,0x700c,0x752c,0x0c3e,0xfd6f,
    0x714c,0x40c3,0x0000,0x3a98,0x0e46,0xfe2f,0xd908,0x0a7a,0xffef,0xc003,0x40c3,0x0003,0x0d40,0x0e36,0xfe2f,0xd908,
    0x700c,0xd918,0x0c16,0xfd6f,0x714c,0x700c,0x762c,0x0c0e,0xfd6f,0x714c,0x71c5,0xe696,0x06d0,0xffc5,0x0a26,0xffcf,
    0x700c,0x08c2,0xfd6f,0x712c,0xc005,0xe806,0x710c,0x081a,0xfdef,0x41e1,0x0b66,0xfdcf,0xc0ab,0x1404,0x341b,0xc6c6,
    0xc0e4,0x46cb,0x8000,0x5454,0x96a3,0x2148,0x007c,0x7abb,0xba8d,0xba93,0x20a8,0x0280,0x1002,0x0503,0x2205,0x0f8c,
    0x9000,0x0000,0x7244,0xb460,0x61b9,0xb620,0xb623,0xc4c4,0xc2e6,0x1cfc,0xb6c8,0xc1ab,0xc410,0x4668,0xc245,0xc447,
    0xc411,0xc144,0xc043,0xc446,0xdc40,0xbc9f,0x8ca0,0x14e5,0x908c,0xc549,0x70ad,0xc448,0xc007,0x712c,0x79b8,0x7824,
    0xc04a,0x6912,0x706f,0x200f,0x034f,0xc009,0xc108,0x7077,0x20ca,0x0041,0xc10a,0x790b,0xf235,0x710c,0x2800,0x06c0,
    0x08ba,0xfdef,0x780f,0x40c3,0x8000,0x5a64,0x8800,0xe81b,0x1600,0x7080,0x8000,0x0001,0x082b,0x00ff,0x4063,0xc106,
    0x209f,0x0b01,0xc142,0xc103,0xc204,0xc305,0x6119,0x255a,0x1d80,0xc640,0x1c04,0x3001,0x6119,0x0db2,0xffef,0x78ef,
    0xf011,0xc106,0x4063,0x209f,0x0b01,0xc141,0xc103,0xc204,0xc305,0x6119,0x255a,0x1d80,0xc640,0x6119,0x0c0a,0xffef,
    0x78ef,0x7177,0x716f,0xf5c3,0x71a5,0x0d71,0x9094,0x084e,0xfdef,0x730c,0xc0ab,0x1404,0x341b,0xc6c6,0xc2e6,0x2945,
    0x018b,0x4608,0x70ad,0xf01c,0x8e83,0x8ee1,0x8e22,0x8e00,0x8e45,0xbc08,0x8e64,0xbf08,0x7985,0x78e5,0xb910,0xba08,
    0x7905,0x7734,0x2205,0x00c0,0xf206,0x793b,0xb99c,0xb99f,0xb100,0xf004,0x0c52,0xfe0f,0x76c5,0x71a5,0x0dcd,0x92c4,
    0xc6c6,0x78e0,0xc2e6,0x1cfc,0xb6c8,0xc1a1,0x43db,0x9004,0x0606,0x1300,0x3100,0xd9ef,0x71ed,0xc040,0x7824,0x2340,
    0x368d,0xb884,0x70cd,0xb5e0,0x1b00,0x3004,0x40c3,0x07bf,0xa480,0x702c,0xb5c0,0x1dfa,0x93c4,0x1dfa,0x9384,0x0c72,
    0xfe2f,0xb5e1,0xb5c1,0xb5d0,0xb5f0,0xb5d0,0xc000,0x780f,0x1b00,0x3004,0x7487,0x1404,0x341b,0xc6c6,0x0000,0x0000,
};

/*
 * QB DMEM (32768 u16, PHY 0x58000..0x5FFFF):
 *
 *   idx 0..511   (PHY 0x58000..0x581FF, MB region):
 *      MB defaults preserved as fallback (SequenceCtrl=1 at
 *      idx 8, Quickboot=1 at idx 12). Overwritten per-controller at warm
 *      boot by sima_ddr_qb_patch_firmware_array() with the captured MB.
 *      Per AN §3.2.5.2 the QB DMEM image excludes the MB; host loads it
 *      separately.
 *
 *   idx 512..32767 (PHY 0x58200..0x5FFFF, DMEM image):
 *      Synopsys lpddr5_quickboot_dmem.incv verbatim (32256 apb_wr entries).
 *      - SAVE area at PHY 0x58200..0x5962F is all zero in reference
 *        (placeholders); overwritten per-controller with captured CSR
 *        values by the patch function.
 *      - Firmware data section at PHY 0x59630..0x5FFFF (constants the
 *        QB IMEM code references).
 */
firmware_value_t qb_firmware_ddr_modalix_2D_1_values[] = {
    0x0000,0x0000,0x0030,0x1900,0x0004,0x0608,0x0000,0x0000,0x0001,0x0004,0x0000,0x0002,0x0100,0x0300,0x000f,0x0000,
    0x0000,0x0000,0x0310,0x0000,0x0000,0x0000,0x0000,0x0000,0x0000,0x0000,0x0000,0x0000,0x0000,0x0000,0x0000,0x1000,
    0x0003,0x0000,0x0000,0x0000,0x0000,0x0000,0x0000,0x0000,0x0000,0x0000,0x0000,0x0000,0x0000,0xb1b1,0xb1b1,0xbbbb,
    0xbbbb,0x0606,0x0606,0x5454,0x5454,0x3c3c,0x3c3c,0x3132,0x3232,0x0000,0x0000,0x1e1e,0x1f1e,0x1c1d,0x1e1d,0x0505,
    0x0505,0xae86,0xae86,0x1d1d,0x1d1d,0x1010,0x1010,0x0202,0x0202,0x0000,0x0000,0x0000,0x0000,0x0000,0x0000,0x0000,
    0x0000,0x0000,0x0000,0x0000,0x0000,0x0404,0x0404,0x9100,0x0000,0x0000,0x0000,0x0000,0x0000,0x0000,0x0000,0x0000,
    0x0000,0x0000,0x0000,0x0000,0x0000,0x2020,0x2020,0x0000,0x0000,0x0000,0x0000,0x0000,0x0000,0x0000,0x0000,0x0000,
    0x0000,0x0000,0x0000,0x0000,0x002e,0x0050,0x0000,0x0000,0x0000,0x0000,0x0000,0x0000,0x0000,0x0000,0x0000,0x0000,
    0x0001,0x4b00,0x0043,0x0000,0x0000,0x0000,0x0000,0x0000,0x0000,0x0000,0x0000,0x0000,0x0000,0x0000,0x0000,0x0000,
    0x0000,0x0000,0x0000,0x0000,0x0000,0x0000,0x0000,0x0000,0x2531,0x1800,0x0003,0x0000,0x0804,0x247c,0x6e8f,0x0000,
    0x0000,0x0000,0x0000,0x0000,0x0000,0x0000,0x0000,0x0000,0x0000,0x0000,0x0000,0x0000,0x0000,0x0000,0x0000,0x0000,
    0x0000,0x0000,0x0000,0x0000,0x0000,0x0000,0x0000,0x0000,0x0000,0x0000,0x0000,0x0000,0x0000,0x0000,0x0000,0x0000,
    0x0000,0x0000,0x0000,0x0000,0x0000,0x0000,0x0000,0x0000,0x0000,0x0000,0x0000,0x0000,0x0000,0x0000,0x0000,0x0000,
    0x0000,0x0000,0x0000,0x0000,0x0000,0x0000,0x0000,0x0000,0x0000,0x0000,0x0000,0x0000,0x0000,0x0000,0x0000,0x0000,
    0x0000,0x0000,0x0000,0x0000,0x0000,0x0000,0x0000,0x0000,0x0000,0x0000,0x0000,0x0000,0x0000,0x0000,0x0000,0x0000,
    0x0000,0x0000,0x0000,0x0000,0x0000,0x0000,0x0000,0x0000,0x0000,0x0000,0x0000,0x0000,0x0000,0x0000,0x0000,0x0000,
    0x0000,0x0000,0x0000,0x0000,0x0000,0x0000,0x0000,0x0000,0x0000,0x0000,0x0000,0x0000,0x0000,0x0000,0x0000,0x0000,
    0x0000,0x0000,0x0000,0x0000,0x0000,0x0000,0x0000,0x0000,0x0000,0x0000,0x0000,0x0000,0x0000,0x0000,0x0000,0x0000,
    0x0000,0x0000,0x0000,0x0000,0x0000,0x0000,0x0000,0x0000,0x0000,0x0000,0x0000,0x0000,0x0000,0x0000,0x0000,0x0000,
    0x0000,0x0000,0x0000,0x0000,0x0000,0x0000,0x0000,0x0000,0x0000,0x0000,0x0000,0x0000,0x0000,0x0000,0x0000,0x0000,
    0x0000,0x0000,0x0000,0x0000,0x0000,0x0000,0x0000,0x0000,0x0000,0x0000,0x0000,0x0000,0x0000,0x0000,0x0000,0x0000,
    0x0000,0x0000,0x0000,0x0000,0x0000,0x0000,0x0000,0x0000,0x0000,0x0000,0x0000,0x0000,0x0000,0x0000,0x0000,0x0000,
    0x0000,0x0000,0x0000,0x0000,0x0000,0x0000,0x0000,0x0000,0x0000,0x0000,0x0000,0x0000,0x0000,0x0000,0x0000,0x0000,
    0x0000,0x0000,0x0000,0x0000,0x0000,0x0000,0x0000,0x0000,0x0000,0x0000,0x0000,0x0000,0x0000,0x0000,0x0000,0x0000,
    0x0000,0x0000,0x0000,0x0000,0x0000,0x0000,0x0000,0x0000,0x0000,0x0000,0x0000,0x0000,0x0000,0x0000,0x0000,0x0000,
    0x0000,0x0000,0x0000,0x0000,0x0000,0x0000,0x0000,0x0000,0x0000,0x0000,0x0000,0x0000,0x0000,0x0000,0x0000,0x0000,
    0x0000,0x0000,0x0000,0x0000,0x0000,0x0000,0x0000,0x0000,0x0000,0x0000,0x0000,0x0000,0x0000,0x0000,0x0000,0x0000,
    0x0000,0x0000,0x0000,0x0000,0x0000,0x0000,0x0000,0x0000,0x0000,0x0000,0x0000,0x0000,0x0000,0x0000,0x0000,0x0000,
    0x0000,0x0000,0x0000,0x0000,0x0000,0x0000,0x0000,0x0000,0x0000,0x0000,0x0000,0x0000,0x0000,0x0000,0x0000,0x0000,
    0x0000,0x0000,0x0000,0x0000,0x0000,0x0000,0x0000,0x0000,0x0000,0x0000,0x0000,0x0000,0x0000,0x0000,0x0000,0x0000,
    0x0000,0x0000,0x0000,0x0000,0x0000,0x0000,0x0000,0x0000,0x0000,0x0000,0x0000,0x0000,0x0000,0x0000,0x0000,0x0000,
    0x0000,0x0000,0x0000,0x0000,0x0000,0x0000,0x0000,0x0000,0x0000,0x0000,0x0000,0x0000,0x0000,0x0000,0x0000,0x0000,
    0x0000,0x0000,0x0000,0x0000,0x0000,0x0000,0x0000,0x0000,0x0000,0x0000,0x0000,0x0000,0x0000,0x0000,0x0000,0x0000,
    0x0000,0x0000,0x0000,0x0000,0x0000,0x0000,0x0000,0x0000,0x0000,0x0000,0x0000,0x0000,0x0000,0x0000,0x0000,0x0000,
    0x0000,0x0000,0x0000,0x0000,0x0000,0x0000,0x0000,0x0000,0x0000,0x0000,0x0000,0x0000,0x0000,0x0000,0x0000,0x0000,
    0x0000,0x0000,0x0000,0x0000,0x0000,0x0000,0x0000,0x0000,0x0000,0x0000,0x0000,0x0000,0x0000,0x0000,0x0000,0x0000,
    0x0000,0x0000,0x0000,0x0000,0x0000,0x0000,0x0000,0x0000,0x0000,0x0000,0x0000,0x0000,0x0000,0x0000,0x0000,0x0000,
    0x0000,0x0000,0x0000,0x0000,0x0000,0x0000,0x0000,0x0000,0x0000,0x0000,0x0000,0x0000,0x0000,0x0000,0x0000,0x0000,
    0x0000,0x0000,0x0000,0x0000,0x0000,0x0000,0x0000,0x0000,0x0000,0x0000,0x0000,0x0000,0x0000,0x0000,0x0000,0x0000,
    0x0000,0x0000,0x0000,0x0000,0x0000,0x0000,0x0000,0x0000,0x0000,0x0000,0x0000,0x0000,0x0000,0x0000,0x0000,0x0000,
    0x0000,0x0000,0x0000,0x0000,0x0000,0x0000,0x0000,0x0000,0x0000,0x0000,0x0000,0x0000,0x0000,0x0000,0x0000,0x0000,
    0x0000,0x0000,0x0000,0x0000,0x0000,0x0000,0x0000,0x0000,0x0000,0x0000,0x0000,0x0000,0x0000,0x0000,0x0000,0x0000,
    0x0000,0x0000,0x0000,0x0000,0x0000,0x0000,0x0000,0x0000,0x0000,0x0000,0x0000,0x0000,0x0000,0x0000,0x0000,0x0000,
    0x0000,0x0000,0x0000,0x0000,0x0000,0x0000,0x0000,0x0000,0x0000,0x0000,0x0000,0x0000,0x0000,0x0000,0x0000,0x0000,
    0x0000,0x0000,0x0000,0x0000,0x0000,0x0000,0x0000,0x0000,0x0000,0x0000,0x0000,0x0000,0x0000,0x0000,0x0000,0x0000,
    0x0000,0x0000,0x0000,0x0000,0x0000,0x0000,0x0000,0x0000,0x0000,0x0000,0x0000,0x0000,0x0000,0x0000,0x0000,0x0000,
    0x0000,0x0000,0x0000,0x0000,0x0000,0x0000,0x0000,0x0000,0x0000,0x0000,0x0000,0x0000,0x0000,0x0000,0x0000,0x0000,
    0x0000,0x0000,0x0000,0x0000,0x0000,0x0000,0x0000,0x0000,0x0000,0x0000,0x0000,0x0000,0x0000,0x0000,0x0000,0x0000,
    0x0000,0x0000,0x0000,0x0000,0x0000,0x0000,0x0000,0x0000,0x0000,0x0000,0x0000,0x0000,0x0000,0x0000,0x0000,0x0000,
    0x0000,0x0000,0x0000,0x0000,0x0000,0x0000,0x0000,0x0000,0x0000,0x0000,0x0000,0x0000,0x0000,0x0000,0x0000,0x0000,
    0x0000,0x0000,0x0000,0x0000,0x0000,0x0000,0x0000,0x0000,0x0000,0x0000,0x0000,0x0000,0x0000,0x0000,0x0000,0x0000,
    0x0000,0x0000,0x0000,0x0000,0x0000,0x0000,0x0000,0x0000,0x0000,0x0000,0x0000,0x0000,0x0000,0x0000,0x0000,0x0000,
    0x0000,0x0000,0x0000,0x0000,0x0000,0x0000,0x0000,0x0000,0x0000,0x0000,0x0000,0x0000,0x0000,0x0000,0x0000,0x0000,
    0x0000,0x0000,0x0000,0x0000,0x0000,0x0000,0x0000,0x0000,0x0000,0x0000,0x0000,0x0000,0x0000,0x0000,0x0000,0x0000,
    0x0000,0x0000,0x0000,0x0000,0x0000,0x0000,0x0000,0x0000,0x0000,0x0000,0x0000,0x0000,0x0000,0x0000,0x0000,0x0000,
    0x0000,0x0000,0x0000,0x0000,0x0000,0x0000,0x0000,0x0000,0x0000,0x0000,0x0000,0x0000,0x0000,0x0000,0x0000,0x0000,
    0x0000,0x0000,0x0000,0x0000,0x0000,0x0000,0x0000,0x0000,0x0000,0x0000,0x0000,0x0000,0x0000,0x0000,0x0000,0x0000,
    0x0000,0x0000,0x0000,0x0000,0x0000,0x0000,0x0000,0x0000,0x0000,0x0000,0x0000,0x0000,0x0000,0x0000,0x0000,0x0000,
    0x0000,0x0000,0x0000,0x0000,0x0000,0x0000,0x0000,0x0000,0x0000,0x0000,0x0000,0x0000,0x0000,0x0000,0x0000,0x0000,
    0x0000,0x0000,0x0000,0x0000,0x0000,0x0000,0x0000,0x0000,0x0000,0x0000,0x0000,0x0000,0x0000,0x0000,0x0000,0x0000,
    0x0000,0x0000,0x0000,0x0000,0x0000,0x0000,0x0000,0x0000,0x0000,0x0000,0x0000,0x0000,0x0000,0x0000,0x0000,0x0000,
    0x0000,0x0000,0x0000,0x0000,0x0000,0x0000,0x0000,0x0000,0x0000,0x0000,0x0000,0x0000,0x0000,0x0000,0x0000,0x0000,
    0x0000,0x0000,0x0000,0x0000,0x0000,0x0000,0x0000,0x0000,0x0000,0x0000,0x0000,0x0000,0x0000,0x0000,0x0000,0x0000,
    0x0000,0x0000,0x0000,0x0000,0x0000,0x0000,0x0000,0x0000,0x0000,0x0000,0x0000,0x0000,0x0000,0x0000,0x0000,0x0000,
    0x0000,0x0000,0x0000,0x0000,0x0000,0x0000,0x0000,0x0000,0x0000,0x0000,0x0000,0x0000,0x0000,0x0000,0x0000,0x0000,
    0x0000,0x0000,0x0000,0x0000,0x0000,0x0000,0x0000,0x0000,0x0000,0x0000,0x0000,0x0000,0x0000,0x0000,0x0000,0x0000,
    0x0000,0x0000,0x0000,0x0000,0x0000,0x0000,0x0000,0x0000,0x0000,0x0000,0x0000,0x0000,0x0000,0x0000,0x0000,0x0000,
    0x0000,0x0000,0x0000,0x0000,0x0000,0x0000,0x0000,0x0000,0x0000,0x0000,0x0000,0x0000,0x0000,0x0000,0x0000,0x0000,
    0x0000,0x0000,0x0000,0x0000,0x0000,0x0000,0x0000,0x0000,0x0000,0x0000,0x0000,0x0000,0x0000,0x0000,0x0000,0x0000,
    0x0000,0x0000,0x0000,0x0000,0x0000,0x0000,0x0000,0x0000,0x0000,0x0000,0x0000,0x0000,0x0000,0x0000,0x0000,0x0000,
    0x0000,0x0000,0x0000,0x0000,0x0000,0x0000,0x0000,0x0000,0x0000,0x0000,0x0000,0x0000,0x0000,0x0000,0x0000,0x0000,
    0x0000,0x0000,0x0000,0x0000,0x0000,0x0000,0x0000,0x0000,0x0000,0x0000,0x0000,0x0000,0x0000,0x0000,0x0000,0x0000,
    0x0000,0x0000,0x0000,0x0000,0x0000,0x0000,0x0000,0x0000,0x0000,0x0000,0x0000,0x0000,0x0000,0x0000,0x0000,0x0000,
    0x0000,0x0000,0x0000,0x0000,0x0000,0x0000,0x0000,0x0000,0x0000,0x0000,0x0000,0x0000,0x0000,0x0000,0x0000,0x0000,
    0x0000,0x0000,0x0000,0x0000,0x0000,0x0000,0x0000,0x0000,0x0000,0x0000,0x0000,0x0000,0x0000,0x0000,0x0000,0x0000,
    0x0000,0x0000,0x0000,0x0000,0x0000,0x0000,0x0000,0x0000,0x0000,0x0000,0x0000,0x0000,0x0000,0x0000,0x0000,0x0000,
    0x0000,0x0000,0x0000,0x0000,0x0000,0x0000,0x0000,0x0000,0x0000,0x0000,0x0000,0x0000,0x0000,0x0000,0x0000,0x0000,
    0x0000,0x0000,0x0000,0x0000,0x0000,0x0000,0x0000,0x0000,0x0000,0x0000,0x0000,0x0000,0x0000,0x0000,0x0000,0x0000,
    0x0000,0x0000,0x0000,0x0000,0x0000,0x0000,0x0000,0x0000,0x0000,0x0000,0x0000,0x0000,0x0000,0x0000,0x0000,0x0000,
    0x0000,0x0000,0x0000,0x0000,0x0000,0x0000,0x0000,0x0000,0x0000,0x0000,0x0000,0x0000,0x0000,0x0000,0x0000,0x0000,
    0x0000,0x0000,0x0000,0x0000,0x0000,0x0000,0x0000,0x0000,0x0000,0x0000,0x0000,0x0000,0x0000,0x0000,0x0000,0x0000,
    0x0000,0x0000,0x0000,0x0000,0x0000,0x0000,0x0000,0x0000,0x0000,0x0000,0x0000,0x0000,0x0000,0x0000,0x0000,0x0000,
    0x0000,0x0000,0x0000,0x0000,0x0000,0x0000,0x0000,0x0000,0x0000,0x0000,0x0000,0x0000,0x0000,0x0000,0x0000,0x0000,
    0x0000,0x0000,0x0000,0x0000,0x0000,0x0000,0x0000,0x0000,0x0000,0x0000,0x0000,0x0000,0x0000,0x0000,0x0000,0x0000,
    0x0000,0x0000,0x0000,0x0000,0x0000,0x0000,0x0000,0x0000,0x0000,0x0000,0x0000,0x0000,0x0000,0x0000,0x0000,0x0000,
    0x0000,0x0000,0x0000,0x0000,0x0000,0x0000,0x0000,0x0000,0x0000,0x0000,0x0000,0x0000,0x0000,0x0000,0x0000,0x0000,
    0x0000,0x0000,0x0000,0x0000,0x0000,0x0000,0x0000,0x0000,0x0000,0x0000,0x0000,0x0000,0x0000,0x0000,0x0000,0x0000,
    0x0000,0x0000,0x0000,0x0000,0x0000,0x0000,0x0000,0x0000,0x0000,0x0000,0x0000,0x0000,0x0000,0x0000,0x0000,0x0000,
    0x0000,0x0000,0x0000,0x0000,0x0000,0x0000,0x0000,0x0000,0x0000,0x0000,0x0000,0x0000,0x0000,0x0000,0x0000,0x0000,
    0x0000,0x0000,0x0000,0x0000,0x0000,0x0000,0x0000,0x0000,0x0000,0x0000,0x0000,0x0000,0x0000,0x0000,0x0000,0x0000,
    0x0000,0x0000,0x0000,0x0000,0x0000,0x0000,0x0000,0x0000,0x0000,0x0000,0x0000,0x0000,0x0000,0x0000,0x0000,0x0000,
    0x0000,0x0000,0x0000,0x0000,0x0000,0x0000,0x0000,0x0000,0x0000,0x0000,0x0000,0x0000,0x0000,0x0000,0x0000,0x0000,
    0x0000,0x0000,0x0000,0x0000,0x0000,0x0000,0x0000,0x0000,0x0000,0x0000,0x0000,0x0000,0x0000,0x0000,0x0000,0x0000,
    0x0000,0x0000,0x0000,0x0000,0x0000,0x0000,0x0000,0x0000,0x0000,0x0000,0x0000,0x0000,0x0000,0x0000,0x0000,0x0000,
    0x0000,0x0000,0x0000,0x0000,0x0000,0x0000,0x0000,0x0000,0x0000,0x0000,0x0000,0x0000,0x0000,0x0000,0x0000,0x0000,
    0x0000,0x0000,0x0000,0x0000,0x0000,0x0000,0x0000,0x0000,0x0000,0x0000,0x0000,0x0000,0x0000,0x0000,0x0000,0x0000,
    0x0000,0x0000,0x0000,0x0000,0x0000,0x0000,0x0000,0x0000,0x0000,0x0000,0x0000,0x0000,0x0000,0x0000,0x0000,0x0000,
    0x0000,0x0000,0x0000,0x0000,0x0000,0x0000,0x0000,0x0000,0x0000,0x0000,0x0000,0x0000,0x0000,0x0000,0x0000,0x0000,
    0x0000,0x0000,0x0000,0x0000,0x0000,0x0000,0x0000,0x0000,0x0000,0x0000,0x0000,0x0000,0x0000,0x0000,0x0000,0x0000,
    0x0000,0x0000,0x0000,0x0000,0x0000,0x0000,0x0000,0x0000,0x0000,0x0000,0x0000,0x0000,0x0000,0x0000,0x0000,0x0000,
    0x0000,0x0000,0x0000,0x0000,0x0000,0x0000,0x0000,0x0000,0x0000,0x0000,0x0000,0x0000,0x0000,0x0000,0x0000,0x0000,
    0x0000,0x0000,0x0000,0x0000,0x0000,0x0000,0x0000,0x0000,0x0000,0x0000,0x0000,0x0000,0x0000,0x0000,0x0000,0x0000,
    0x0000,0x0000,0x0000,0x0000,0x0000,0x0000,0x0000,0x0000,0x0000,0x0000,0x0000,0x0000,0x0000,0x0000,0x0000,0x0000,
    0x0000,0x0000,0x0000,0x0000,0x0000,0x0000,0x0000,0x0000,0x0000,0x0000,0x0000,0x0000,0x0000,0x0000,0x0000,0x0000,
    0x0000,0x0000,0x0000,0x0000,0x0000,0x0000,0x0000,0x0000,0x0000,0x0000,0x0000,0x0000,0x0000,0x0000,0x0000,0x0000,
    0x0000,0x0000,0x0000,0x0000,0x0000,0x0000,0x0000,0x0000,0x0000,0x0000,0x0000,0x0000,0x0000,0x0000,0x0000,0x0000,
    0x0000,0x0000,0x0000,0x0000,0x0000,0x0000,0x0000,0x0000,0x0000,0x0000,0x0000,0x0000,0x0000,0x0000,0x0000,0x0000,
    0x0000,0x0000,0x0000,0x0000,0x0000,0x0000,0x0000,0x0000,0x0000,0x0000,0x0000,0x0000,0x0000,0x0000,0x0000,0x0000,
    0x0000,0x0000,0x0000,0x0000,0x0000,0x0000,0x0000,0x0000,0x0000,0x0000,0x0000,0x0000,0x0000,0x0000,0x0000,0x0000,
    0x0000,0x0000,0x0000,0x0000,0x0000,0x0000,0x0000,0x0000,0x0000,0x0000,0x0000,0x0000,0x0000,0x0000,0x0000,0x0000,
    0x0000,0x0000,0x0000,0x0000,0x0000,0x0000,0x0000,0x0000,0x0000,0x0000,0x0000,0x0000,0x0000,0x0000,0x0000,0x0000,
    0x0000,0x0000,0x0000,0x0000,0x0000,0x0000,0x0000,0x0000,0x0000,0x0000,0x0000,0x0000,0x0000,0x0000,0x0000,0x0000,
    0x0000,0x0000,0x0000,0x0000,0x0000,0x0000,0x0000,0x0000,0x0000,0x0000,0x0000,0x0000,0x0000,0x0000,0x0000,0x0000,
    0x0000,0x0000,0x0000,0x0000,0x0000,0x0000,0x0000,0x0000,0x0000,0x0000,0x0000,0x0000,0x0000,0x0000,0x0000,0x0000,
    0x0000,0x0000,0x0000,0x0000,0x0000,0x0000,0x0000,0x0000,0x0000,0x0000,0x0000,0x0000,0x0000,0x0000,0x0000,0x0000,
    0x0000,0x0000,0x0000,0x0000,0x0000,0x0000,0x0000,0x0000,0x0000,0x0000,0x0000,0x0000,0x0000,0x0000,0x0000,0x0000,
    0x0000,0x0000,0x0000,0x0000,0x0000,0x0000,0x0000,0x0000,0x0000,0x0000,0x0000,0x0000,0x0000,0x0000,0x0000,0x0000,
    0x0000,0x0000,0x0000,0x0000,0x0000,0x0000,0x0000,0x0000,0x0000,0x0000,0x0000,0x0000,0x0000,0x0000,0x0000,0x0000,
    0x0000,0x0000,0x0000,0x0000,0x0000,0x0000,0x0000,0x0000,0x0000,0x0000,0x0000,0x0000,0x0000,0x0000,0x0000,0x0000,
    0x0000,0x0000,0x0000,0x0000,0x0000,0x0000,0x0000,0x0000,0x0000,0x0000,0x0000,0x0000,0x0000,0x0000,0x0000,0x0000,
    0x0000,0x0000,0x0000,0x0000,0x0000,0x0000,0x0000,0x0000,0x0000,0x0000,0x0000,0x0000,0x0000,0x0000,0x0000,0x0000,
    0x0000,0x0000,0x0000,0x0000,0x0000,0x0000,0x0000,0x0000,0x0000,0x0000,0x0000,0x0000,0x0000,0x0000,0x0000,0x0000,
    0x0000,0x0000,0x0000,0x0000,0x0000,0x0000,0x0000,0x0000,0x0000,0x0000,0x0000,0x0000,0x0000,0x0000,0x0000,0x0000,
    0x0000,0x0000,0x0000,0x0000,0x0000,0x0000,0x0000,0x0000,0x0000,0x0000,0x0000,0x0000,0x0000,0x0000,0x0000,0x0000,
    0x0000,0x0000,0x0000,0x0000,0x0000,0x0000,0x0000,0x0000,0x0000,0x0000,0x0000,0x0000,0x0000,0x0000,0x0000,0x0000,
    0x0000,0x0000,0x0000,0x0000,0x0000,0x0000,0x0000,0x0000,0x0000,0x0000,0x0000,0x0000,0x0000,0x0000,0x0000,0x0000,
    0x0000,0x0000,0x0000,0x0000,0x0000,0x0000,0x0000,0x0000,0x0000,0x0000,0x0000,0x0000,0x0000,0x0000,0x0000,0x0000,
    0x0000,0x0000,0x0000,0x0000,0x0000,0x0000,0x0000,0x0000,0x0000,0x0000,0x0000,0x0000,0x0000,0x0000,0x0000,0x0000,
    0x0000,0x0000,0x0000,0x0000,0x0000,0x0000,0x0000,0x0000,0x0000,0x0000,0x0000,0x0000,0x0000,0x0000,0x0000,0x0000,
    0x0000,0x0000,0x0000,0x0000,0x0000,0x0000,0x0000,0x0000,0x0000,0x0000,0x0000,0x0000,0x0000,0x0000,0x0000,0x0000,
    0x0000,0x0000,0x0000,0x0000,0x0000,0x0000,0x0000,0x0000,0x0000,0x0000,0x0000,0x0000,0x0000,0x0000,0x0000,0x0000,
    0x0000,0x0000,0x0000,0x0000,0x0000,0x0000,0x0000,0x0000,0x0000,0x0000,0x0000,0x0000,0x0000,0x0000,0x0000,0x0000,
    0x0000,0x0000,0x0000,0x0000,0x0000,0x0000,0x0000,0x0000,0x0000,0x0000,0x0000,0x0000,0x0000,0x0000,0x0000,0x0000,
    0x0000,0x0000,0x0000,0x0000,0x0000,0x0000,0x0000,0x0000,0x0000,0x0000,0x0000,0x0000,0x0000,0x0000,0x0000,0x0000,
    0x0000,0x0000,0x0000,0x0000,0x0000,0x0000,0x0000,0x0000,0x0000,0x0000,0x0000,0x0000,0x0000,0x0000,0x0000,0x0000,
    0x0000,0x0000,0x0000,0x0000,0x0000,0x0000,0x0000,0x0000,0x0000,0x0000,0x0000,0x0000,0x0000,0x0000,0x0000,0x0000,
    0x0000,0x0000,0x0000,0x0000,0x0000,0x0000,0x0000,0x0000,0x0000,0x0000,0x0000,0x0000,0x0000,0x0000,0x0000,0x0000,
    0x0000,0x0000,0x0000,0x0000,0x0000,0x0000,0x0000,0x0000,0x0000,0x0000,0x0000,0x0000,0x0000,0x0000,0x0000,0x0000,
    0x0000,0x0000,0x0000,0x0000,0x0000,0x0000,0x0000,0x0000,0x0000,0x0000,0x0000,0x0000,0x0000,0x0000,0x0000,0x0000,
    0x0000,0x0000,0x0000,0x0000,0x0000,0x0000,0x0000,0x0000,0x0000,0x0000,0x0000,0x0000,0x0000,0x0000,0x0000,0x0000,
    0x0000,0x0000,0x0000,0x0000,0x0000,0x0000,0x0000,0x0000,0x0000,0x0000,0x0000,0x0000,0x0000,0x0000,0x0000,0x0000,
    0x0000,0x0000,0x0000,0x0000,0x0000,0x0000,0x0000,0x0000,0x0000,0x0000,0x0000,0x0000,0x0000,0x0000,0x0000,0x0000,
    0x0000,0x0000,0x0000,0x0000,0x0000,0x0000,0x0000,0x0000,0x0000,0x0000,0x0000,0x0000,0x0000,0x0000,0x0000,0x0000,
    0x0000,0x0000,0x0000,0x0000,0x0000,0x0000,0x0000,0x0000,0x0000,0x0000,0x0000,0x0000,0x0000,0x0000,0x0000,0x0000,
    0x0000,0x0000,0x0000,0x0000,0x0000,0x0000,0x0000,0x0000,0x0000,0x0000,0x0000,0x0000,0x0000,0x0000,0x0000,0x0000,
    0x0000,0x0000,0x0000,0x0000,0x0000,0x0000,0x0000,0x0000,0x0000,0x0000,0x0000,0x0000,0x0000,0x0000,0x0000,0x0000,
    0x0000,0x0000,0x0000,0x0000,0x0000,0x0000,0x0000,0x0000,0x0000,0x0000,0x0000,0x0000,0x0000,0x0000,0x0000,0x0000,
    0x0000,0x0000,0x0000,0x0000,0x0000,0x0000,0x0000,0x0000,0x0000,0x0000,0x0000,0x0000,0x0000,0x0000,0x0000,0x0000,
    0x0000,0x0000,0x0000,0x0000,0x0000,0x0000,0x0000,0x0000,0x0000,0x0000,0x0000,0x0000,0x0000,0x0000,0x0000,0x0000,
    0x0000,0x0000,0x0000,0x0000,0x0000,0x0000,0x0000,0x0000,0x0000,0x0000,0x0000,0x0000,0x0000,0x0000,0x0000,0x0000,
    0x0000,0x0000,0x0000,0x0000,0x0000,0x0000,0x0000,0x0000,0x0000,0x0000,0x0000,0x0000,0x0000,0x0000,0x0000,0x0000,
    0x0000,0x0000,0x0000,0x0000,0x0000,0x0000,0x0000,0x0000,0x0000,0x0000,0x0000,0x0000,0x0000,0x0000,0x0000,0x0000,
    0x0000,0x0000,0x0000,0x0000,0x0000,0x0000,0x0000,0x0000,0x0000,0x0000,0x0000,0x0000,0x0000,0x0000,0x0000,0x0000,
    0x0000,0x0000,0x0000,0x0000,0x0000,0x0000,0x0000,0x0000,0x0000,0x0000,0x0000,0x0000,0x0000,0x0000,0x0000,0x0000,
    0x0000,0x0000,0x0000,0x0000,0x0000,0x0000,0x0000,0x0000,0x0000,0x0000,0x0000,0x0000,0x0000,0x0000,0x0000,0x0000,
    0x0000,0x0000,0x0000,0x0000,0x0000,0x0000,0x0000,0x0000,0x0000,0x0000,0x0000,0x0000,0x0000,0x0000,0x0000,0x0000,
    0x0000,0x0000,0x0000,0x0000,0x0000,0x0000,0x0000,0x0000,0x0000,0x0000,0x0000,0x0000,0x0000,0x0000,0x0000,0x0000,
    0x0000,0x0000,0x0000,0x0000,0x0000,0x0000,0x0000,0x0000,0x0000,0x0000,0x0000,0x0000,0x0000,0x0000,0x0000,0x0000,
    0x0000,0x0000,0x0000,0x0000,0x0000,0x0000,0x0000,0x0000,0x0000,0x0000,0x0000,0x0000,0x0000,0x0000,0x0000,0x0000,
    0x0000,0x0000,0x0000,0x0000,0x0000,0x0000,0x0000,0x0000,0x0000,0x0000,0x0000,0x0000,0x0000,0x0000,0x0000,0x0000,
    0x0000,0x0000,0x0000,0x0000,0x0000,0x0000,0x0000,0x0000,0x0000,0x0000,0x0000,0x0000,0x0000,0x0000,0x0000,0x0000,
    0x0000,0x0000,0x0000,0x0000,0x0000,0x0000,0x0000,0x0000,0x0000,0x0000,0x0000,0x0000,0x0000,0x0000,0x0000,0x0000,
    0x0000,0x0000,0x0000,0x0000,0x0000,0x0000,0x0000,0x0000,0x0000,0x0000,0x0000,0x0000,0x0000,0x0000,0x0000,0x0000,
    0x0000,0x0000,0x0000,0x0000,0x0000,0x0000,0x0000,0x0000,0x0000,0x0000,0x0000,0x0000,0x0000,0x0000,0x0000,0x0000,
    0x0000,0x0000,0x0000,0x0000,0x0000,0x0000,0x0000,0x0000,0x0000,0x0000,0x0000,0x0000,0x0000,0x0000,0x0000,0x0000,
    0x0000,0x0000,0x0000,0x0000,0x0000,0x0000,0x0000,0x0000,0x0000,0x0000,0x0000,0x0000,0x0000,0x0000,0x0000,0x0000,
    0x0000,0x0000,0x0000,0x0000,0x0000,0x0000,0x0000,0x0000,0x0000,0x0000,0x0000,0x0000,0x0000,0x0000,0x0000,0x0000,
    0x0000,0x0000,0x0000,0x0000,0x0000,0x0000,0x0000,0x0000,0x0000,0x0000,0x0000,0x0000,0x0000,0x0000,0x0000,0x0000,
    0x0000,0x0000,0x0000,0x0000,0x0000,0x0000,0x0000,0x0000,0x0000,0x0000,0x0000,0x0000,0x0000,0x0000,0x0000,0x0000,
    0x0000,0x0000,0x0000,0x0000,0x0000,0x0000,0x0000,0x0000,0x0000,0x0000,0x0000,0x0000,0x0000,0x0000,0x0000,0x0000,
    0x0000,0x0000,0x0000,0x0000,0x0000,0x0000,0x0000,0x0000,0x0000,0x0000,0x0000,0x0000,0x0000,0x0000,0x0000,0x0000,
    0x0000,0x0000,0x0000,0x0000,0x0000,0x0000,0x0000,0x0000,0x0000,0x0000,0x0000,0x0000,0x0000,0x0000,0x0000,0x0000,
    0x0000,0x0000,0x0000,0x0000,0x0000,0x0000,0x0000,0x0000,0x0000,0x0000,0x0000,0x0000,0x0000,0x0000,0x0000,0x0000,
    0x0000,0x0000,0x0000,0x0000,0x0000,0x0000,0x0000,0x0000,0x0000,0x0000,0x0000,0x0000,0x0000,0x0000,0x0000,0x0000,
    0x0000,0x0000,0x0000,0x0000,0x0000,0x0000,0x0000,0x0000,0x0000,0x0000,0x0000,0x0000,0x0000,0x0000,0x0000,0x0000,
    0x0000,0x0000,0x0000,0x0000,0x0000,0x0000,0x0000,0x0000,0x0000,0x0000,0x0000,0x0000,0x0000,0x0000,0x0000,0x0000,
    0x0000,0x0000,0x0000,0x0000,0x0000,0x0000,0x0000,0x0000,0x0000,0x0000,0x0000,0x0000,0x0000,0x0000,0x0000,0x0000,
    0x0000,0x0000,0x0000,0x0000,0x0000,0x0000,0x0000,0x0000,0x0000,0x0000,0x0000,0x0000,0x0000,0x0000,0x0000,0x0000,
    0x0000,0x0000,0x0000,0x0000,0x0000,0x0000,0x0000,0x0000,0x0000,0x0000,0x0000,0x0000,0x0000,0x0000,0x0000,0x0000,
    0x0000,0x0000,0x0000,0x0000,0x0000,0x0000,0x0000,0x0000,0x0000,0x0000,0x0000,0x0000,0x0000,0x0000,0x0000,0x0000,
    0x0000,0x0000,0x0000,0x0000,0x0000,0x0000,0x0000,0x0000,0x0000,0x0000,0x0000,0x0000,0x0000,0x0000,0x0000,0x0000,
    0x0000,0x0000,0x0000,0x0000,0x0000,0x0000,0x0000,0x0000,0x0000,0x0000,0x0000,0x0000,0x0000,0x0000,0x0000,0x0000,
    0x0000,0x0000,0x0000,0x0000,0x0000,0x0000,0x0000,0x0000,0x0000,0x0000,0x0000,0x0000,0x0000,0x0000,0x0000,0x0000,
    0x0000,0x0000,0x0000,0x0000,0x0000,0x0000,0x0000,0x0000,0x0000,0x0000,0x0000,0x0000,0x0000,0x0000,0x0000,0x0000,
    0x0000,0x0000,0x0000,0x0000,0x0000,0x0000,0x0000,0x0000,0x0000,0x0000,0x0000,0x0000,0x0000,0x0000,0x0000,0x0000,
    0x0000,0x0000,0x0000,0x0000,0x0000,0x0000,0x0000,0x0000,0x0000,0x0000,0x0000,0x0000,0x0000,0x0000,0x0000,0x0000,
    0x0000,0x0000,0x0000,0x0000,0x0000,0x0000,0x0000,0x0000,0x0000,0x0000,0x0000,0x0000,0x0000,0x0000,0x0000,0x0000,
    0x0000,0x0000,0x0000,0x0000,0x0000,0x0000,0x0000,0x0000,0x0000,0x0000,0x0000,0x0000,0x0000,0x0000,0x0000,0x0000,
    0x0000,0x0000,0x0000,0x0000,0x0000,0x0000,0x0000,0x0000,0x0000,0x0000,0x0000,0x0000,0x0000,0x0000,0x0000,0x0000,
    0x0000,0x0000,0x0000,0x0000,0x0000,0x0000,0x0000,0x0000,0x0000,0x0000,0x0000,0x0000,0x0000,0x0000,0x0000,0x0000,
    0x0000,0x0000,0x0000,0x0000,0x0000,0x0000,0x0000,0x0000,0x0000,0x0000,0x0000,0x0000,0x0000,0x0000,0x0000,0x0000,
    0x0000,0x0000,0x0000,0x0000,0x0000,0x0000,0x0000,0x0000,0x0000,0x0000,0x0000,0x0000,0x0000,0x0000,0x0000,0x0000,
    0x0000,0x0000,0x0000,0x0000,0x0000,0x0000,0x0000,0x0000,0x0000,0x0000,0x0000,0x0000,0x0000,0x0000,0x0000,0x0000,
    0x0000,0x0000,0x0000,0x0000,0x0000,0x0000,0x0000,0x0000,0x0000,0x0000,0x0000,0x0000,0x0000,0x0000,0x0000,0x0000,
    0x0000,0x0000,0x0000,0x0000,0x0000,0x0000,0x0000,0x0000,0x0000,0x0000,0x0000,0x0000,0x0000,0x0000,0x0000,0x0000,
    0x0000,0x0000,0x0000,0x0000,0x0000,0x0000,0x0000,0x0000,0x0000,0x0000,0x0000,0x0000,0x0000,0x0000,0x0000,0x0000,
    0x0000,0x0000,0x0000,0x0000,0x0000,0x0000,0x0000,0x0000,0x0000,0x0000,0x0000,0x0000,0x0000,0x0000,0x0000,0x0000,
    0x0000,0x0000,0x0000,0x0000,0x0000,0x0000,0x0000,0x0000,0x0000,0x0000,0x0000,0x0000,0x0000,0x0000,0x0000,0x0000,
    0x0000,0x0000,0x0000,0x0000,0x0000,0x0000,0x0000,0x0000,0x0000,0x0000,0x0000,0x0000,0x0000,0x0000,0x0000,0x0000,
    0x0000,0x0000,0x0000,0x0000,0x0000,0x0000,0x0000,0x0000,0x0000,0x0000,0x0000,0x0000,0x0000,0x0000,0x0000,0x0000,
    0x0000,0x0000,0x0000,0x0000,0x0000,0x0000,0x0000,0x0000,0x0000,0x0000,0x0000,0x0000,0x0000,0x0000,0x0000,0x0000,
    0x0000,0x0000,0x0000,0x0000,0x0000,0x0000,0x0000,0x0000,0x0000,0x0000,0x0000,0x0000,0x0000,0x0000,0x0000,0x0000,
    0x0000,0x0000,0x0000,0x0000,0x0000,0x0000,0x0000,0x0000,0x0000,0x0000,0x0000,0x0000,0x0000,0x0000,0x0000,0x0000,
    0x0000,0x0000,0x0000,0x0000,0x0000,0x0000,0x0000,0x0000,0x0000,0x0000,0x0000,0x0000,0x0000,0x0000,0x0000,0x0000,
    0x0000,0x0000,0x0000,0x0000,0x0000,0x0000,0x0000,0x0000,0x0000,0x0000,0x0000,0x0000,0x0000,0x0000,0x0000,0x0000,
    0x0000,0x0000,0x0000,0x0000,0x0000,0x0000,0x0000,0x0000,0x0000,0x0000,0x0000,0x0000,0x0000,0x0000,0x0000,0x0000,
    0x0000,0x0000,0x0000,0x0000,0x0000,0x0000,0x0000,0x0000,0x0000,0x0000,0x0000,0x0000,0x0000,0x0000,0x0000,0x0000,
    0x0000,0x0000,0x0000,0x0000,0x0000,0x0000,0x0000,0x0000,0x0000,0x0000,0x0000,0x0000,0x0000,0x0000,0x0000,0x0000,
    0x0000,0x0000,0x0000,0x0000,0x0000,0x0000,0x0000,0x0000,0x0000,0x0000,0x0000,0x0000,0x0000,0x0000,0x0000,0x0000,
    0x0000,0x0000,0x0000,0x0000,0x0000,0x0000,0x0000,0x0000,0x0000,0x0000,0x0000,0x0000,0x0000,0x0000,0x0000,0x0000,
    0x0000,0x0000,0x0000,0x0000,0x0000,0x0000,0x0000,0x0000,0x0000,0x0000,0x0000,0x0000,0x0000,0x0000,0x0000,0x0000,
    0x0000,0x0000,0x0000,0x0000,0x0000,0x0000,0x0000,0x0000,0x0000,0x0000,0x0000,0x0000,0x0000,0x0000,0x0000,0x0000,
    0x0000,0x0000,0x0000,0x0000,0x0000,0x0000,0x0000,0x0000,0x0000,0x0000,0x0000,0x0000,0x0000,0x0000,0x0000,0x0000,
    0x0000,0x0000,0x0000,0x0000,0x0000,0x0000,0x0000,0x0000,0x0000,0x0000,0x0000,0x0000,0x0000,0x0000,0x0000,0x0000,
    0x0000,0x0000,0x0000,0x0000,0x0000,0x0000,0x0000,0x0000,0x0000,0x0000,0x0000,0x0000,0x0000,0x0000,0x0000,0x0000,
    0x0000,0x0000,0x0000,0x0000,0x0000,0x0000,0x0000,0x0000,0x0000,0x0000,0x0000,0x0000,0x0000,0x0000,0x0000,0x0000,
    0x0000,0x0000,0x0000,0x0000,0x0000,0x0000,0x0000,0x0000,0x0000,0x0000,0x0000,0x0000,0x0000,0x0000,0x0000,0x0000,
    0x0000,0x0000,0x0000,0x0000,0x0000,0x0000,0x0000,0x0000,0x0000,0x0000,0x0000,0x0000,0x0000,0x0000,0x0000,0x0000,
    0x0000,0x0000,0x0000,0x0000,0x0000,0x0000,0x0000,0x0000,0x0000,0x0000,0x0000,0x0000,0x0000,0x0000,0x0000,0x0000,
    0x0000,0x0000,0x0000,0x0000,0x0000,0x0000,0x0000,0x0000,0x0000,0x0000,0x0000,0x0000,0x0000,0x0000,0x0000,0x0000,
    0x0000,0x0000,0x0000,0x0000,0x0000,0x0000,0x0000,0x0000,0x0000,0x0000,0x0000,0x0000,0x0000,0x0000,0x0000,0x0000,
    0x0000,0x0000,0x0000,0x0000,0x0000,0x0000,0x0000,0x0000,0x0000,0x0000,0x0000,0x0000,0x0000,0x0000,0x0000,0x0000,
    0x0000,0x0000,0x0000,0x0000,0x0000,0x0000,0x0000,0x0000,0x0000,0x0000,0x0000,0x0000,0x0000,0x0000,0x0000,0x0000,
    0x0000,0x0000,0x0000,0x0000,0x0000,0x0000,0x0000,0x0000,0x0000,0x0000,0x0000,0x0000,0x0000,0x0000,0x0000,0x0000,
    0x0000,0x0000,0x0000,0x0000,0x0000,0x0000,0x0000,0x0000,0x0000,0x0000,0x0000,0x0000,0x0000,0x0000,0x0000,0x0000,
    0x0000,0x0000,0x0000,0x0000,0x0000,0x0000,0x0000,0x0000,0x0000,0x0000,0x0000,0x0000,0x0000,0x0000,0x0000,0x0000,
    0x0000,0x0000,0x0000,0x0000,0x0000,0x0000,0x0000,0x0000,0x0000,0x0000,0x0000,0x0000,0x0000,0x0000,0x0000,0x0000,
    0x0000,0x0000,0x0000,0x0000,0x0000,0x0000,0x0000,0x0000,0x0000,0x0000,0x0000,0x0000,0x0000,0x0000,0x0000,0x0000,
    0x0000,0x0000,0x0000,0x0000,0x0000,0x0000,0x0000,0x0000,0x0000,0x0000,0x0000,0x0000,0x0000,0x0000,0x0000,0x0000,
    0x0000,0x0000,0x0000,0x0000,0x0000,0x0000,0x0000,0x0000,0x0000,0x0000,0x0000,0x0000,0x0000,0x0000,0x0000,0x0000,
    0x0000,0x0000,0x0000,0x0000,0x0000,0x0000,0x0000,0x0000,0x0000,0x0000,0x0000,0x0000,0x0000,0x0000,0x0000,0x0000,
    0x0000,0x0000,0x0000,0x0000,0x0000,0x0000,0x0000,0x0000,0x0000,0x0000,0x0000,0x0000,0x0000,0x0000,0x0000,0x0000,
    0x0000,0x0000,0x0000,0x0000,0x0000,0x0000,0x0000,0x0000,0x0000,0x0000,0x0000,0x0000,0x0000,0x0000,0x0000,0x0000,
    0x0000,0x0000,0x0000,0x0000,0x0000,0x0000,0x0000,0x0000,0x0000,0x0000,0x0000,0x0000,0x0000,0x0000,0x0000,0x0000,
    0x0000,0x0000,0x0000,0x0000,0x0000,0x0000,0x0000,0x0000,0x0000,0x0000,0x0000,0x0000,0x0000,0x0000,0x0000,0x0000,
    0x0000,0x0000,0x0000,0x0000,0x0000,0x0000,0x0000,0x0000,0x0000,0x0000,0x0000,0x0000,0x0000,0x0000,0x0000,0x0000,
    0x0000,0x0000,0x0000,0x0000,0x0000,0x0000,0x0000,0x0000,0x0000,0x0000,0x0000,0x0000,0x0000,0x0000,0x0000,0x0000,
    0x0000,0x0000,0x0000,0x0000,0x0000,0x0000,0x0000,0x0000,0x0000,0x0000,0x0000,0x0000,0x0000,0x0000,0x0000,0x0000,
    0x0000,0x0000,0x0000,0x0000,0x0000,0x0000,0x0000,0x0000,0x0000,0x0000,0x0000,0x0000,0x0000,0x0000,0x0000,0x0000,
    0x0000,0x0000,0x0000,0x0000,0x0000,0x0000,0x0000,0x0000,0x0000,0x0000,0x0000,0x0000,0x0000,0x0000,0x0000,0x0000,
    0x0000,0x0000,0x0000,0x0000,0x0000,0x0000,0x0000,0x0000,0x0000,0x0000,0x0000,0x0000,0x0000,0x0000,0x0000,0x0000,
    0x0000,0x0000,0x0000,0x0000,0x0000,0x0000,0x0000,0x0000,0x0000,0x0000,0x0000,0x0000,0x0000,0x0000,0x0000,0x0000,
    0x0000,0x0000,0x0000,0x0000,0x0000,0x0000,0x0000,0x0000,0x0000,0x0000,0x0000,0x0000,0x0000,0x0000,0x0000,0x0000,
    0x0000,0x0000,0x0000,0x0000,0x0000,0x0000,0x0000,0x0000,0x0000,0x0000,0x0000,0x0000,0x0000,0x0000,0x0000,0x0000,
    0x0000,0x0000,0x0000,0x0000,0x0000,0x0000,0x0000,0x0000,0x0000,0x0000,0x0000,0x0000,0x0000,0x0000,0x0000,0x0000,
    0x0000,0x0000,0x0000,0x0000,0x0000,0x0000,0x0000,0x0000,0x0000,0x0000,0x0000,0x0000,0x0000,0x0000,0x0000,0x0000,
    0x0000,0x0000,0x0000,0x0000,0x0000,0x0000,0x0000,0x0000,0x0000,0x0000,0x0000,0x0000,0x0000,0x0000,0x0000,0x0000,
    0x0000,0x0000,0x0000,0x0000,0x0000,0x0000,0x0000,0x0000,0x0000,0x0000,0x0000,0x0000,0x0000,0x0000,0x0000,0x0000,
    0x0000,0x0000,0x0000,0x0000,0x0000,0x0000,0x0000,0x0000,0x0000,0x0000,0x0000,0x0000,0x0000,0x0000,0x0000,0x0000,
    0x0000,0x0000,0x0000,0x0000,0x0000,0x0000,0x0000,0x0000,0x0000,0x0000,0x0000,0x0000,0x0000,0x0000,0x0000,0x0000,
    0x0000,0x0000,0x0000,0x0000,0x0000,0x0000,0x0000,0x0000,0x0000,0x0000,0x0000,0x0000,0x0000,0x0000,0x0000,0x0000,
    0x0000,0x0000,0x0000,0x0000,0x0000,0x0000,0x0000,0x0000,0x0000,0x0000,0x0000,0x0000,0x0000,0x0000,0x0000,0x0000,
    0x0000,0x0000,0x0000,0x0000,0x0000,0x0000,0x0000,0x0000,0x0000,0x0000,0x0000,0x0000,0x0000,0x0000,0x0000,0x0000,
    0x0000,0x0000,0x0000,0x0000,0x0000,0x0000,0x0000,0x0000,0x0000,0x0000,0x0000,0x0000,0x0000,0x0000,0x0000,0x0000,
    0x0000,0x0000,0x0000,0x0000,0x0000,0x0000,0x0000,0x0000,0x0000,0x0000,0x0000,0x0000,0x0000,0x0000,0x0000,0x0000,
    0x0000,0x0000,0x0000,0x0000,0x0000,0x0000,0x0000,0x0000,0x0000,0x0000,0x0000,0x0000,0x0000,0x0000,0x0000,0x0000,
    0x0000,0x0000,0x0000,0x0000,0x0000,0x0000,0x0000,0x0000,0x0000,0x0000,0x0000,0x0000,0x0000,0x0000,0x0000,0x0000,
    0x0000,0x0000,0x0000,0x0000,0x0000,0x0000,0x0000,0x0000,0x0000,0x0000,0x0000,0x0000,0x0000,0x0000,0x0000,0x0000,
    0x0000,0x0000,0x0000,0x0000,0x0000,0x0000,0x0000,0x0000,0x0000,0x0000,0x0000,0x0000,0x0000,0x0000,0x0000,0x0000,
    0x0000,0x0000,0x0000,0x0000,0x0000,0x0000,0x0000,0x0000,0x0000,0x0000,0x0000,0x0000,0x0000,0x0000,0x0000,0x0000,
    0x0000,0x0000,0x0000,0x0000,0x0000,0x0000,0x0000,0x0000,0x0000,0x0000,0x0000,0x0000,0x0000,0x0000,0x0000,0x0000,
    0x0000,0x0000,0x0000,0x0000,0x0000,0x0000,0x0000,0x0000,0x0000,0x0000,0x0000,0x0000,0x0000,0x0000,0x0000,0x0000,
    0x0000,0x0000,0x0000,0x0000,0x0000,0x0000,0x0000,0x0000,0x0000,0x0000,0x0000,0x0000,0x0000,0x0000,0x0000,0x0000,
    0x0000,0x0000,0x0000,0x0000,0x0000,0x0000,0x0000,0x0000,0x0000,0x0000,0x0000,0x0000,0x0000,0x0000,0x0000,0x0000,
    0x0000,0x0000,0x0000,0x0000,0x0000,0x0000,0x0000,0x0000,0x0000,0x0000,0x0000,0x0000,0x0000,0x0000,0x0000,0x0000,
    0x0000,0x0000,0x0000,0x0000,0x0000,0x0000,0x0000,0x0000,0x0000,0x0000,0x0000,0x0000,0x0000,0x0000,0x0000,0x0000,
    0x0000,0x0000,0x0000,0x0000,0x0000,0x0000,0x0000,0x0000,0x0000,0x0000,0x0000,0x0000,0x0000,0x0000,0x0000,0x0000,
    0x0000,0x0000,0x0000,0x0000,0x0000,0x0000,0x0000,0x0000,0x0000,0x0000,0x0000,0x0000,0x0000,0x0000,0x0000,0x0000,
    0x0000,0x0000,0x0000,0x0000,0x0000,0x0000,0x0000,0x0000,0x0000,0x0000,0x0000,0x0000,0x0000,0x0000,0x0000,0x0000,
    0x0000,0x0000,0x0000,0x0000,0x0000,0x0000,0x0000,0x0000,0x0000,0x0000,0x0000,0x0000,0x0000,0x0000,0x0000,0x0000,
    0x0000,0x0000,0x0000,0x0000,0x0000,0x0000,0x0000,0x0000,0x0000,0x0000,0x0000,0x0000,0x0000,0x0000,0x0000,0x0000,
    0x0000,0x0000,0x0000,0x0000,0x0000,0x0000,0x0000,0x0000,0x0000,0x0000,0x0000,0x0000,0x0000,0x0000,0x0000,0x0000,
    0x0000,0x0000,0x0000,0x0000,0x0000,0x0000,0x0000,0x0000,0x0000,0x0000,0x0000,0x0000,0x0000,0x0000,0x0000,0x0000,
    0x0000,0x0000,0x0000,0x0000,0x0000,0x0000,0x0000,0x0000,0x0000,0x0000,0x0000,0x0000,0x0000,0x0000,0x0000,0x0000,
    0x0000,0x0000,0x0000,0x0000,0x0000,0x0000,0x0000,0x0000,0x0000,0x0000,0x0000,0x0000,0x0000,0x0000,0x0000,0x0000,
    0x0000,0x0000,0x0000,0x0000,0x0000,0x0000,0x0000,0x0000,0x0000,0x0000,0x0000,0x0000,0x0000,0x0000,0x0000,0x0000,
    0x0000,0x0000,0x0000,0x0000,0x0000,0x0000,0x0000,0x0000,0x0000,0x0000,0x0000,0x0000,0x0000,0x0000,0x0000,0x0000,
    0x0000,0x0000,0x0000,0x0000,0x0000,0x0000,0x0000,0x0000,0x0000,0x0000,0x0000,0x0000,0x0000,0x0000,0x0000,0x0000,
    0x0000,0x0000,0x0000,0x0000,0x0000,0x0000,0x0000,0x0000,0x0000,0x0000,0x0000,0x0000,0x0000,0x0000,0x0000,0x0000,
    0x0000,0x0000,0x0000,0x0000,0x0000,0x0000,0x0000,0x0000,0x0000,0x0000,0x0000,0x0000,0x0000,0x0000,0x0000,0x0000,
    0x0000,0x0000,0x0000,0x0000,0x0000,0x0000,0x0000,0x0000,0x0000,0x0000,0x0000,0x0000,0x0000,0x0000,0x0000,0x0000,
    0x0000,0x0000,0x0000,0x0000,0x0000,0x0000,0x0000,0x0000,0x0000,0x0000,0x0000,0x0000,0x0000,0x0000,0x0000,0x0000,
    0x0000,0x0000,0x0000,0x0000,0x0000,0x0000,0x0000,0x0000,0x0000,0x0000,0x0000,0x0000,0x0000,0x0000,0x0000,0x0000,
    0x0000,0x0000,0x0000,0x0000,0x0000,0x0000,0x0000,0x0000,0x0000,0x0000,0x0000,0x0000,0x0000,0x0000,0x0000,0x0000,
    0x0000,0x0000,0x0000,0x0000,0x0000,0x0000,0x0000,0x0000,0x0000,0x0000,0x0000,0x0000,0x0000,0x0000,0x0000,0x0000,
    0x0000,0x0000,0x0000,0x0000,0x0000,0x0000,0x0000,0x0000,0x0000,0x0000,0x0000,0x0000,0x0000,0x0000,0x0000,0x0000,
    0x0000,0x0000,0x0000,0x0000,0x0000,0x0000,0x0000,0x0000,0x0000,0x0000,0x0000,0x0000,0x0000,0x0000,0x0000,0x0000,
    0x0000,0x0000,0x0000,0x0000,0x0000,0x0000,0x0000,0x0000,0x0000,0x0000,0x0000,0x0000,0x0000,0x0000,0x0000,0x0000,
    0x0000,0x0000,0x0000,0x0000,0x0000,0x0000,0x0000,0x0000,0x0000,0x0000,0x0000,0x0000,0x0000,0x0000,0x0000,0x0000,
    0x0000,0x0000,0x0000,0x0000,0x0000,0x0000,0x0000,0x0000,0x0000,0x0000,0x0000,0x0000,0x0000,0x0000,0x0000,0x0000,
    0x0000,0x0000,0x0000,0x0000,0x0000,0x0000,0x0000,0x0000,0x0000,0x0000,0x0000,0x0000,0x0000,0x0000,0x0000,0x0000,
    0x0000,0x0000,0x0000,0x0000,0x0000,0x0000,0x0000,0x0000,0x0000,0x0000,0x0000,0x0000,0x0000,0x0000,0x0000,0x0000,
    0x0000,0x0000,0x0000,0x0000,0x0000,0x0000,0x0000,0x0000,0x0000,0x0000,0x0000,0x0000,0x0000,0x0000,0x0000,0x0000,
    0x0000,0x0000,0x0000,0x0000,0x0000,0x0000,0x0000,0x0000,0x0000,0x0000,0x0000,0x0000,0x0000,0x0000,0x0000,0x0000,
    0x0000,0x0000,0x0000,0x0000,0x0000,0x0000,0x0000,0x0000,0x0000,0x0000,0x0000,0x0000,0x0000,0x0000,0x0000,0x0000,
    0x0000,0x0000,0x0000,0x0000,0x0000,0x0000,0x0000,0x0000,0x0000,0x0000,0x0000,0x0000,0x0000,0x0000,0x0000,0x0000,
    0x0000,0x0000,0x0000,0x0000,0x0000,0x0000,0x0000,0x0000,0x0000,0x0000,0x0000,0x0000,0x0000,0x0000,0x0000,0x0000,
    0x0000,0x0000,0x0000,0x0000,0x0000,0x0000,0x0000,0x0000,0x0000,0x0000,0x0000,0x0000,0x0000,0x0000,0x0000,0x0000,
    0x0000,0x0000,0x0000,0x0000,0x0000,0x0000,0x0000,0x0000,0x0000,0x0000,0x0000,0x0000,0x0000,0x0000,0x0000,0x0000,
    0x0000,0x0000,0x0000,0x0000,0x0000,0x0000,0x0000,0x0000,0x0000,0x0000,0x0000,0x0000,0x0000,0x0000,0x0000,0x0000,
    0x0000,0x0000,0x0000,0x0000,0x0000,0x0000,0x0000,0x0000,0x0000,0x0000,0x0000,0x0000,0x0000,0x0000,0x0000,0x0000,
    0x0000,0x0000,0x0000,0x0000,0x0000,0x0000,0x0000,0x0000,0x0000,0x0000,0x0000,0x0000,0x0000,0x0000,0x0000,0x0000,
    0x0000,0x0000,0x0000,0x0000,0x0000,0x0000,0x0000,0x0000,0x0000,0x0000,0x0000,0x0000,0x0000,0x0000,0x0000,0x0000,
    0x0000,0x0000,0x0000,0x0000,0x0000,0x0000,0x0000,0x0000,0x0000,0x0000,0x0000,0x0000,0x0000,0x0000,0x0000,0x0000,
    0x0000,0x0000,0x0000,0x0000,0x0000,0x0000,0x0000,0x0000,0x0000,0x0000,0x0000,0x0000,0x0000,0x0000,0x0000,0x0000,
    0x0000,0x0000,0x0000,0x0000,0x0000,0x0000,0x0000,0x0000,0x0000,0x0000,0x0000,0x0000,0x0000,0x0000,0x0000,0x0000,
    0x0000,0x0000,0x0000,0x0000,0x0000,0x0000,0x0000,0x0000,0x0000,0x0000,0x0000,0x0000,0x0000,0x0000,0x0000,0x0000,
    0x0000,0x0000,0x0000,0x0000,0x0000,0x0000,0x0000,0x0000,0x0000,0x0000,0x0000,0x0000,0x0000,0x0000,0x0000,0x0000,
    0x0000,0x0000,0x0000,0x0000,0x0000,0x0000,0x0000,0x0000,0x0000,0x0000,0x0000,0x0000,0x0000,0x0000,0x0000,0x0000,
    0x0000,0x0000,0x0000,0x0000,0x0000,0x0000,0x0000,0x0000,0x0000,0x0000,0x0000,0x0000,0x0000,0x0000,0x0000,0x0000,
    0x0000,0x0000,0x0000,0x0000,0x0000,0x0000,0x0000,0x0000,0x0000,0x0000,0x0000,0x0000,0x0000,0x0000,0x0000,0x0000,
    0x0000,0x0000,0x0000,0x0000,0x0000,0x0000,0x0000,0x0000,0x0000,0x0000,0x0000,0x0000,0x0000,0x0000,0x0000,0x0000,
    0x0000,0x0000,0x0000,0x0000,0x0000,0x0000,0x0000,0x0000,0x0000,0x0000,0x0000,0x0000,0x0000,0x0000,0x0000,0x0000,
    0x0000,0x0000,0x0000,0x0000,0x0000,0x0000,0x0000,0x0000,0x0000,0x0000,0x0000,0x0000,0x0000,0x0000,0x0000,0x0000,
    0x0000,0x0000,0x0000,0x0000,0x0000,0x0000,0x0000,0x0000,0x0000,0x0000,0x0000,0x0000,0x0000,0x0000,0x0000,0x0000,
    0x0000,0x0000,0x0000,0x0000,0x0000,0x0000,0x0000,0x0000,0x0000,0x0000,0x0000,0x0000,0x0000,0x0000,0x0000,0x0000,
    0x0000,0x0000,0x0000,0x0000,0x0000,0x0000,0x0000,0x0000,0x0000,0x0000,0x0000,0x0000,0x0000,0x0000,0x0000,0x0000,
    0x0000,0x0000,0x0000,0x0000,0x0000,0x0000,0x0000,0x0000,0x0000,0x0000,0x0000,0x0000,0x0000,0x0000,0x0000,0x0000,
    0x0000,0x0000,0x0000,0x0000,0x0000,0x0000,0x0000,0x0000,0x0000,0x0000,0x0000,0x0000,0x0000,0x0000,0x0000,0x0000,
    0x0000,0x0000,0x0000,0x0000,0x0000,0x0000,0x0000,0x0000,0x0000,0x0000,0x0000,0x0000,0x0000,0x0000,0x0000,0x0000,
    0x0000,0x0000,0x0000,0x0000,0x0000,0x0000,0x0000,0x0000,0x0000,0x0000,0x0000,0x0000,0x0000,0x0000,0x0000,0x0000,
    0x0000,0x0000,0x0000,0x0000,0x0000,0x0000,0x0000,0x0000,0x0000,0x0000,0x0000,0x0000,0x0000,0x0000,0x0000,0x0000,
    0x0000,0x0000,0x0000,0x0000,0x0000,0x0000,0x0000,0x0000,0x0000,0x0000,0x0000,0x0000,0x0000,0x0000,0x0000,0x0000,
    0x0000,0x0000,0x0000,0x0000,0x0000,0x0000,0x0000,0x0000,0x0000,0x0000,0x0000,0x0000,0x0000,0x0000,0x0000,0x0000,
    0x0000,0x0000,0x0000,0x0000,0x0000,0x0000,0x0000,0x0000,0x0000,0x0000,0x0000,0x0000,0x0000,0x0000,0x0000,0x0000,
    0x0000,0x0000,0x0000,0x0000,0x0000,0x0000,0x0000,0x0000,0x0000,0x0000,0x0000,0x0000,0x0000,0x0000,0x0000,0x0000,
    0x0000,0x0000,0x0000,0x0000,0x0000,0x0000,0x0000,0x0000,0x0000,0x0000,0x0000,0x0000,0x0000,0x0000,0x0000,0x0000,
    0x0000,0x0000,0x0000,0x0000,0x0000,0x0000,0x0000,0x0000,0x0000,0x0000,0x0000,0x0000,0x0000,0x0000,0x0000,0x0000,
    0x0000,0x0000,0x0000,0x0000,0x0000,0x0000,0x0000,0x0000,0x0000,0x0000,0x0000,0x0000,0x0000,0x0000,0x0000,0x0000,
    0x0000,0x0000,0x0000,0x0000,0x0000,0x0000,0x0000,0x0000,0x0000,0x0000,0x0000,0x0000,0x0000,0x0000,0x0000,0x0000,
    0x0000,0x0000,0x0000,0x0000,0x0000,0x0000,0x0000,0x0000,0x0000,0x0000,0x0000,0x0000,0x0000,0x0000,0x0000,0x0000,
    0x0000,0x0000,0x0000,0x0000,0x0000,0x0000,0x0000,0x0000,0x0000,0x0000,0x0000,0x0000,0x0000,0x0000,0x0000,0x0000,
    0x0000,0x0000,0x0000,0x0000,0x0000,0x0000,0x0000,0x0000,0x0000,0x0000,0x0000,0x0000,0x0000,0x0000,0x0000,0x0000,
    0x0000,0x0000,0x0000,0x0000,0x0000,0x0000,0x0000,0x0000,0x0000,0x0000,0x0000,0x0000,0x0000,0x0000,0x0000,0x0000,
    0x0000,0x0000,0x0000,0x0000,0x0000,0x0000,0x0000,0x0000,0x0000,0x0000,0x0000,0x0000,0x0000,0x0000,0x0000,0x0000,
    0x0000,0x0000,0x0000,0x0000,0x0000,0x0000,0x0000,0x0000,0x0000,0x0000,0x0000,0x0000,0x0000,0x0000,0x0000,0x0000,
    0x0000,0x0000,0x0000,0x0000,0x0000,0x0000,0x0000,0x0000,0x0000,0x0000,0x0000,0x0000,0x0000,0x0000,0x0000,0x0000,
    0x0000,0x0000,0x0000,0x0000,0x0000,0x0000,0x0000,0x0000,0x0000,0x0000,0x0000,0x0000,0x0000,0x0000,0x0000,0x0000,
    0x0000,0x0000,0x0000,0x0000,0x0000,0x0000,0x0000,0x0000,0x0000,0x0000,0x0000,0x0000,0x0000,0x0000,0x0000,0x0000,
    0x0000,0x0000,0x0000,0x0000,0x0000,0x0000,0x0000,0x0000,0x0000,0x0000,0x0000,0x0000,0x0000,0x0000,0x0000,0x0000,
    0x0000,0x0000,0x0000,0x0000,0x0000,0x0000,0x0000,0x0000,0x0000,0x0000,0x0000,0x0000,0x0000,0x0000,0x0000,0x0000,
    0x0000,0x0000,0x0000,0x0000,0x0000,0x0000,0x0000,0x0000,0x0000,0x0000,0x0000,0x0000,0x0000,0x0000,0x0000,0x0000,
    0x0000,0x0000,0x0000,0x0000,0x0000,0x0000,0x0000,0x0000,0x0000,0x0000,0x0000,0x0000,0x0000,0x0000,0x0000,0x0000,
    0x0000,0x0000,0x0000,0x0000,0x0000,0x0000,0x0000,0x0000,0x0000,0x0000,0x0000,0x0000,0x0000,0x0000,0x0000,0x0000,
    0x0000,0x0000,0x0000,0x0000,0x0000,0x0000,0x0000,0x0000,0x0000,0x0000,0x0000,0x0000,0x0000,0x0000,0x0000,0x0000,
    0x0000,0x0000,0x0000,0x0000,0x0000,0x0000,0x0000,0x0000,0x0000,0x0000,0x0000,0x0000,0x0000,0x0000,0x0000,0x0000,
    0x0000,0x0000,0x0000,0x0000,0x0000,0x0000,0x0000,0x0000,0x0000,0x0000,0x0000,0x0000,0x0000,0x0000,0x0000,0x0000,
    0x0000,0x0000,0x0000,0x0000,0x0000,0x0000,0x0000,0x0000,0x0000,0x0000,0x0000,0x0000,0x0000,0x0000,0x0000,0x0000,
    0x0000,0x0000,0x0000,0x0000,0x0000,0x0000,0x0000,0x0000,0x0000,0x0000,0x0000,0x0000,0x0000,0x0000,0x0000,0x0000,
    0x0000,0x0000,0x0000,0x0000,0x0000,0x0000,0x0000,0x0000,0x0000,0x0000,0x0000,0x0000,0x0000,0x0000,0x0000,0x0000,
    0x0000,0x0000,0x0000,0x0000,0x0000,0x0000,0x0000,0x0000,0x0000,0x0000,0x0000,0x0000,0x0000,0x0000,0x0000,0x0000,
    0x0000,0x0000,0x0000,0x0000,0x0000,0x0000,0x0000,0x0000,0x0000,0x0000,0x0000,0x0000,0x0000,0x0000,0x0000,0x0000,
    0x0000,0x0000,0x0000,0x0000,0x0000,0x0000,0x0000,0x0000,0x0000,0x0000,0x0000,0x0000,0x0000,0x0000,0x0000,0x0000,
    0x0000,0x0000,0x0000,0x0000,0x0000,0x0000,0x0000,0x0000,0x0000,0x0000,0x0000,0x0000,0x0000,0x0000,0x0000,0x0000,
    0x0000,0x0000,0x0000,0x0000,0x0000,0x0000,0x0000,0x0000,0x0000,0x0000,0x0000,0x0000,0x0000,0x0000,0x0000,0x0000,
    0x0000,0x0000,0x0000,0x0000,0x0000,0x0000,0x0000,0x0000,0x0000,0x0000,0x0000,0x0000,0x0000,0x0000,0x0000,0x0000,
    0x0000,0x0000,0x0000,0x0000,0x0000,0x0000,0x0000,0x0000,0x0000,0x0000,0x0000,0x0000,0x0000,0x0000,0x0000,0x0000,
    0x0000,0x0000,0x0000,0x0000,0x0000,0x0000,0x0000,0x0000,0x0000,0x0000,0x0000,0x0000,0x0000,0x0000,0x0000,0x0000,
    0x0000,0x0000,0x0000,0x0000,0x0000,0x0000,0x0000,0x0000,0x0000,0x0000,0x0000,0x0000,0x0000,0x0000,0x0000,0x0000,
    0x0000,0x0000,0x0000,0x0000,0x0000,0x0000,0x0000,0x0000,0x0000,0x0000,0x0000,0x0000,0x0000,0x0000,0x0000,0x0000,
    0x0000,0x0000,0x0000,0x0000,0x0000,0x0000,0x0000,0x0000,0x0000,0x0000,0x0000,0x0000,0x0000,0x0000,0x0000,0x0000,
    0x0000,0x0000,0x0000,0x0000,0x0000,0x0000,0x0000,0x0000,0x0000,0x0000,0x0000,0x0000,0x0000,0x0000,0x0000,0x0000,
    0x0000,0x0000,0x0000,0x0000,0x0000,0x0000,0x0000,0x0000,0x0000,0x0000,0x0000,0x0000,0x0000,0x0000,0x0000,0x0000,
    0x0000,0x0000,0x0000,0x0000,0x0000,0x0000,0x0000,0x0000,0x0000,0x0000,0x0000,0x0000,0x0000,0x0000,0x0000,0x0000,
    0x0000,0x0000,0x0000,0x0000,0x0000,0x0000,0x0000,0x0000,0x0000,0x0000,0x0000,0x0000,0x0000,0x0000,0x0000,0x0000,
    0x0000,0x0000,0x0000,0x0000,0x0000,0x0000,0x0000,0x0000,0x0000,0x0000,0x0000,0x0000,0x0000,0x0000,0x0000,0x0000,
    0x0000,0x0000,0x0000,0x0000,0x0000,0x0000,0x0000,0x0000,0x0000,0x0000,0x0000,0x0000,0x0000,0x0000,0x0000,0x0000,
    0x0000,0x0000,0x0000,0x0000,0x0000,0x0000,0x0000,0x0000,0x0000,0x0000,0x0000,0x0000,0x0000,0x0000,0x0000,0x0000,
    0x0000,0x0000,0x0000,0x0000,0x0000,0x0000,0x0000,0x0000,0x0000,0x0000,0x0000,0x0000,0x0000,0x0000,0x0000,0x0000,
    0x0000,0x0000,0x0000,0x0000,0x0000,0x0000,0x0000,0x0000,0x0000,0x0000,0x0000,0x0000,0x0000,0x0000,0x0000,0x0000,
    0x0000,0x0000,0x0000,0x0000,0x0000,0x0000,0x0000,0x0000,0x0000,0x0000,0x0000,0x0000,0x0000,0x0000,0x0000,0x0000,
    0x0000,0x0000,0x0000,0x0000,0x0000,0x0000,0x0000,0x0000,0x0000,0x0000,0x0000,0x0000,0x0000,0x0000,0x0000,0x0000,
    0x0000,0x0000,0x0000,0x0000,0x0000,0x0000,0x0000,0x0000,0x0000,0x0000,0x0000,0x0000,0x0000,0x0000,0x0000,0x0000,
    0x0000,0x0000,0x0000,0x0000,0x0000,0x0000,0x0000,0x0000,0x0000,0x0000,0x0000,0x0000,0x0000,0x0000,0x0000,0x0000,
    0x0000,0x0000,0x0000,0x0000,0x0000,0x0000,0x0000,0x0000,0x0000,0x0000,0x0000,0x0000,0x0000,0x0000,0x0000,0x0000,
    0x0000,0x0000,0x0000,0x0000,0x0000,0x0000,0x0000,0x0000,0x0000,0x0000,0x0000,0x0000,0x0000,0x0000,0x0000,0x0000,
    0x0000,0x0000,0x0000,0x0000,0x0000,0x0000,0x0000,0x0000,0x0000,0x0000,0x0000,0x0000,0x0000,0x0000,0x0000,0x0000,
    0x0000,0x0000,0x0000,0x0000,0x0000,0x0000,0x0000,0x0000,0x0000,0x0000,0x0000,0x0000,0x0000,0x0000,0x0000,0x0000,
    0x0000,0x0000,0x0000,0x0000,0x0000,0x0000,0x0000,0x0000,0x0000,0x0000,0x0000,0x0000,0x0000,0x0000,0x0000,0x0000,
    0x0000,0x0000,0x0000,0x0000,0x0000,0x0000,0x0000,0x0000,0x0000,0x0000,0x0000,0x0000,0x0000,0x0000,0x0000,0x0000,
    0x0000,0x0000,0x0000,0x0000,0x0000,0x0000,0x0000,0x0000,0x0000,0x0000,0x0000,0x0000,0x0000,0x0000,0x0000,0x0000,
    0x0000,0x0000,0x0000,0x0000,0x0000,0x0000,0x0000,0x0000,0x0000,0x0000,0x0000,0x0000,0x0000,0x0000,0x0000,0x0000,
    0x0000,0x0000,0x0000,0x0000,0x0000,0x0000,0x0000,0x0000,0x0000,0x0000,0x0000,0x0000,0x0000,0x0000,0x0000,0x0000,
    0x0000,0x0000,0x0000,0x0000,0x0000,0x0000,0x0000,0x0000,0x0000,0x0000,0x0000,0x0000,0x0000,0x0000,0x0000,0x0000,
    0x0000,0x0000,0x0000,0x0000,0x0000,0x0000,0x0000,0x0000,0x0000,0x0000,0x0000,0x0000,0x0000,0x0000,0x0000,0x0000,
    0x0000,0x0000,0x0000,0x0000,0x0000,0x0000,0x0000,0x0000,0x0000,0x0000,0x0000,0x0000,0x0000,0x0000,0x0000,0x0000,
    0x0000,0x0000,0x0000,0x0000,0x0000,0x0000,0x0000,0x0000,0x0000,0x0000,0x0000,0x0000,0x0000,0x0000,0x0000,0x0000,
    0x0000,0x0000,0x0000,0x0000,0x0000,0x0000,0x0000,0x0000,0x0000,0x0000,0x0000,0x0000,0x0000,0x0000,0x0000,0x0000,
    0x0000,0x0000,0x0000,0x0000,0x0000,0x0000,0x0000,0x0000,0x0000,0x0000,0x0000,0x0000,0x0000,0x0000,0x0000,0x0000,
    0x0000,0x0000,0x0000,0x0000,0x0000,0x0000,0x0000,0x0000,0x0000,0x0000,0x0000,0x0000,0x0000,0x0000,0x0000,0x0000,
    0x0000,0x0000,0x0000,0x0000,0x0000,0x0000,0x0000,0x0000,0x0000,0x0000,0x0000,0x0000,0x0000,0x0000,0x0000,0x0000,
    0x0000,0x0000,0x0000,0x0000,0x0000,0x0000,0x0000,0x0000,0x0000,0x0000,0x0000,0x0000,0x0000,0x0000,0x0000,0x0000,
    0x0000,0x0000,0x0000,0x0000,0x0000,0x0000,0x0000,0x0000,0x0000,0x0000,0x0000,0x0000,0x0000,0x0000,0x0000,0x0000,
    0x0000,0x0000,0x0000,0x0000,0x0000,0x0000,0x0000,0x0000,0x0000,0x0000,0x0000,0x0000,0x0000,0x0000,0x0000,0x0000,
    0x0000,0x0000,0x0000,0x0000,0x0000,0x0000,0x0000,0x0000,0x0000,0x0000,0x0000,0x0000,0x0000,0x0000,0x0000,0x0000,
    0x0000,0x0000,0x0000,0x0000,0x0000,0x0000,0x0000,0x0000,0x0000,0x0000,0x0000,0x0000,0x0000,0x0000,0x0000,0x0000,
    0x0000,0x0000,0x0000,0x0000,0x0000,0x0000,0x0000,0x0000,0x0000,0x0000,0x0000,0x0000,0x0000,0x0000,0x0000,0x0000,
    0x0000,0x0000,0x0000,0x0000,0x0000,0x0000,0x0000,0x0000,0x0000,0x0000,0x0000,0x0000,0x0000,0x0000,0x0000,0x0000,
    0x0000,0x0000,0x0000,0x0000,0x0000,0x0000,0x0000,0x0000,0x0000,0x0000,0x0000,0x0000,0x0000,0x0000,0x0000,0x0000,
    0x0000,0x0000,0x0000,0x0000,0x0000,0x0000,0x0000,0x0000,0x0000,0x0000,0x0000,0x0000,0x0000,0x0000,0x0000,0x0000,
    0x0000,0x0000,0x0000,0x0000,0x0000,0x0000,0x0000,0x0000,0x0000,0x0000,0x0000,0x0000,0x0000,0x0000,0x0000,0x0000,
    0x0000,0x0000,0x0000,0x0000,0x0000,0x0000,0x0000,0x0000,0x0000,0x0000,0x0000,0x0000,0x0000,0x0000,0x0000,0x0000,
    0x0000,0x0000,0x0000,0x0000,0x0000,0x0000,0x0000,0x0000,0x0000,0x0000,0x0000,0x0000,0x0000,0x0000,0x0000,0x0000,
    0x0000,0x0000,0x0000,0x0000,0x0000,0x0000,0x0000,0x0000,0x0000,0x0000,0x0000,0x0000,0x0000,0x0000,0x0000,0x0000,
    0x0000,0x0000,0x0000,0x0000,0x0000,0x0000,0x0000,0x0000,0x0000,0x0000,0x0000,0x0000,0x0000,0x0000,0x0000,0x0000,
    0x0000,0x0000,0x0000,0x0000,0x0000,0x0000,0x0000,0x0000,0x0000,0x0000,0x0000,0x0000,0x0000,0x0000,0x0000,0x0000,
    0x0000,0x0000,0x0000,0x0000,0x0000,0x0000,0x0000,0x0000,0x0000,0x0000,0x0000,0x0000,0x0000,0x0000,0x0000,0x0000,
    0x0000,0x0000,0x0000,0x0000,0x0000,0x0000,0x0000,0x0000,0x0000,0x0000,0x0000,0x0000,0x0000,0x0000,0x0000,0x0000,
    0x0000,0x0000,0x0000,0x0000,0x0000,0x0000,0x0000,0x0000,0x0000,0x0000,0x0000,0x0000,0x0000,0x0000,0x0000,0x0000,
    0x0000,0x0000,0x0000,0x0000,0x0000,0x0000,0x0000,0x0000,0x0000,0x0000,0x0000,0x0000,0x0000,0x0000,0x0000,0x0000,
    0x0000,0x0000,0x0000,0x0000,0x0000,0x0000,0x0000,0x0000,0x0000,0x0000,0x0000,0x0000,0x0000,0x0000,0x0000,0x0000,
    0x0000,0x0000,0x0000,0x0000,0x0000,0x0000,0x0000,0x0000,0x0000,0x0000,0x0000,0x0000,0x0000,0x0000,0x0000,0x0000,
    0x0000,0x0000,0x0000,0x0000,0x0000,0x0000,0x0000,0x0000,0x0000,0x0000,0x0000,0x0000,0x0000,0x0000,0x0000,0x0000,
    0x0000,0x0000,0x0000,0x0000,0x0000,0x0000,0x0000,0x0000,0x0000,0x0000,0x0000,0x0000,0x0000,0x0000,0x0000,0x0000,
    0x0000,0x0000,0x0000,0x0000,0x0000,0x0000,0x0000,0x0000,0x0000,0x0000,0x0000,0x0000,0x0000,0x0000,0x0000,0x0000,
    0x0000,0x0000,0x0000,0x0000,0x0000,0x0000,0x0000,0x0000,0x0000,0x0000,0x0000,0x0000,0x0000,0x0000,0x0000,0x0000,
    0x0000,0x0000,0x0000,0x0000,0x0000,0x0000,0x0000,0x0000,0x0000,0x0000,0x0000,0x0000,0x0000,0x0000,0x0000,0x0000,
    0x0000,0x0000,0x0000,0x0000,0x0000,0x0000,0x0000,0x0000,0x0000,0x0000,0x0000,0x0000,0x0000,0x0000,0x0000,0x0000,
    0x0000,0x0000,0x0000,0x0000,0x0000,0x0000,0x0000,0x0000,0x0000,0x0000,0x0000,0x0000,0x0000,0x0000,0x0000,0x0000,
    0x0000,0x0000,0x0000,0x0000,0x0000,0x0000,0x0000,0x0000,0x0000,0x0000,0x0000,0x0000,0x0000,0x0000,0x0000,0x0000,
    0x0000,0x0000,0x0000,0x0000,0x0000,0x0000,0x0000,0x0000,0x0000,0x0000,0x0000,0x0000,0x0000,0x0000,0x0000,0x0000,
    0x0000,0x0000,0x0000,0x0000,0x0000,0x0000,0x0000,0x0000,0x0000,0x0000,0x0000,0x0000,0x0000,0x0000,0x0000,0x0000,
    0x0000,0x0000,0x0000,0x0000,0x0000,0x0000,0x0000,0x0000,0x0000,0x0000,0x0000,0x0000,0x0000,0x0000,0x0000,0x0000,
    0x0000,0x0000,0x0000,0x0000,0x0000,0x0000,0x0000,0x0000,0x0000,0x0000,0x0000,0x0000,0x0000,0x0000,0x0000,0x0000,
    0x0000,0x0000,0x0000,0x0000,0x0000,0x0000,0x0000,0x0000,0x0000,0x0000,0x0000,0x0000,0x0000,0x0000,0x0000,0x0000,
    0x0000,0x0000,0x0000,0x0000,0x0000,0x0000,0x0000,0x0000,0x0000,0x0000,0x0000,0x0000,0x0000,0x0000,0x0000,0x0000,
    0x0000,0x0000,0x0000,0x0000,0x0000,0x0000,0x0000,0x0000,0x0000,0x0000,0x0000,0x0000,0x0000,0x0000,0x0000,0x0000,
    0x0000,0x0000,0x0000,0x0000,0x0000,0x0000,0x0000,0x0000,0x0000,0x0000,0x0000,0x0000,0x0000,0x0000,0x0000,0x0000,
    0x0000,0x0000,0x0000,0x0000,0x0000,0x0000,0x0000,0x0000,0x0000,0x0000,0x0000,0x0000,0x0000,0x0000,0x0000,0x0000,
    0x0000,0x0000,0x0000,0x0000,0x0000,0x0000,0x0000,0x0000,0x0000,0x0000,0x0000,0x0000,0x0000,0x0000,0x0000,0x0000,
    0x0000,0x0000,0x0000,0x0000,0x0000,0x0000,0x0000,0x0000,0x0000,0x0000,0x0000,0x0000,0x0000,0x0000,0x0000,0x0000,
    0x0000,0x0000,0x0000,0x0000,0x0000,0x0000,0x0000,0x0000,0x0000,0x0000,0x0000,0x0000,0x0000,0x0000,0x0000,0x0000,
    0x0000,0x0000,0x0000,0x0000,0x0000,0x0000,0x0000,0x0000,0x0000,0x0000,0x0000,0x0000,0x0000,0x0000,0x0000,0x0000,
    0x0000,0x0000,0x0000,0x0000,0x0000,0x0000,0x0000,0x0000,0x0000,0x0000,0x0000,0x0000,0x0000,0x0000,0x0000,0x0000,
    0x0000,0x0000,0x0000,0x0000,0x0000,0x0000,0x0000,0x0000,0x0000,0x0000,0x0000,0x0000,0x0000,0x0000,0x0000,0x0000,
    0x0000,0x0000,0x0000,0x0000,0x0000,0x0000,0x0000,0x0000,0x0000,0x0000,0x0000,0x0000,0x0000,0x0000,0x0000,0x0000,
    0x0000,0x0000,0x0000,0x0000,0x0000,0x0000,0x0000,0x0000,0x0000,0x0000,0x0000,0x0000,0x0000,0x0000,0x0000,0x0000,
    0x0000,0x0000,0x0000,0x0000,0x0000,0x0000,0x0000,0x0000,0x0000,0x0000,0x0000,0x0000,0x0000,0x0000,0x0000,0x0000,
    0x0000,0x0000,0x0000,0x0000,0x0000,0x0000,0x0000,0x0000,0x0000,0x0000,0x0000,0x0000,0x0000,0x0000,0x0000,0x0000,
    0x0000,0x0000,0x0000,0x0000,0x0000,0x0000,0x0000,0x0000,0x0000,0x0000,0x0000,0x0000,0x0000,0x0000,0x0000,0x0000,
    0x0000,0x0000,0x0000,0x0000,0x0000,0x0000,0x0000,0x0000,0x0000,0x0000,0x0000,0x0000,0x0000,0x0000,0x0000,0x0000,
    0x0000,0x0000,0x0000,0x0000,0x0000,0x0000,0x0000,0x0000,0x0000,0x0000,0x0000,0x0000,0x0000,0x0000,0x0000,0x0000,
    0x0000,0x0000,0x0000,0x0000,0x0000,0x0000,0x0000,0x0000,0x0000,0x0000,0x0000,0x0000,0x0000,0x0000,0x0000,0x0000,
    0x0000,0x0000,0x0000,0x0000,0x0000,0x0000,0x0000,0x0000,0x0000,0x0000,0x0000,0x0000,0x0000,0x0000,0x0000,0x0000,
    0x0000,0x0000,0x0000,0x0000,0x0000,0x0000,0x0000,0x0000,0x0000,0x0000,0x0000,0x0000,0x0000,0x0000,0x0000,0x0000,
    0x0000,0x0000,0x0000,0x0000,0x0000,0x0000,0x0000,0x0000,0x0000,0x0000,0x0000,0x0000,0x0000,0x0000,0x0000,0x0000,
    0x0000,0x0000,0x0000,0x0000,0x0000,0x0000,0x0000,0x0000,0x0000,0x0000,0x0000,0x0000,0x0000,0x0000,0x0000,0x0000,
    0x0000,0x0000,0x0000,0x0000,0x0000,0x0000,0x0000,0x0000,0x0000,0x0000,0x0000,0x0000,0x0000,0x0000,0x0000,0x0000,
    0x0000,0x0000,0x0000,0x0000,0x0000,0x0000,0x0000,0x0000,0x0000,0x0000,0x0000,0x0000,0x0000,0x0000,0x0000,0x0000,
    0x0000,0x0000,0x0000,0x0000,0x0000,0x0000,0x0000,0x0000,0x0000,0x0000,0x0000,0x0000,0x0000,0x0000,0x0000,0x0000,
    0x0000,0x0000,0x0000,0x0000,0x0000,0x0000,0x0000,0x0000,0x0000,0x0000,0x0000,0x0000,0x0000,0x0000,0x0000,0x0000,
    0x0000,0x0000,0x0000,0x0000,0x0000,0x0000,0x0000,0x0000,0x0000,0x0000,0x0000,0x0000,0x0000,0x0000,0x0000,0x0000,
    0x0000,0x0000,0x0000,0x0000,0x0000,0x0000,0x0000,0x0000,0x0000,0x0000,0x0000,0x0000,0x0000,0x0000,0x0000,0x0000,
    0x0000,0x0000,0x0000,0x0000,0x0000,0x0000,0x0000,0x0000,0x0000,0x0000,0x0000,0x0000,0x0000,0x0000,0x0000,0x0000,
    0x0000,0x0000,0x0000,0x0000,0x0000,0x0000,0x0000,0x0000,0x0000,0x0000,0x0000,0x0000,0x0000,0x0000,0x0000,0x0000,
    0x0000,0x0000,0x0000,0x0000,0x0000,0x0000,0x0000,0x0000,0x0000,0x0000,0x0000,0x0000,0x0000,0x0000,0x0000,0x0000,
    0x0000,0x0000,0x0000,0x0000,0x0000,0x0000,0x0000,0x0000,0x0000,0x0000,0x0000,0x0000,0x0000,0x0000,0x0000,0x0000,
    0x0000,0x0000,0x0000,0x0000,0x0000,0x0000,0x0000,0x0000,0x0000,0x0000,0x0000,0x0000,0x0000,0x0000,0x0000,0x0000,
    0x0000,0x0000,0x0000,0x0000,0x0000,0x0000,0x0000,0x0000,0x0000,0x0000,0x0000,0x0000,0x0000,0x0000,0x0000,0x0000,
    0x0000,0x0000,0x0000,0x0000,0x0000,0x0000,0x0000,0x0000,0x0000,0x0000,0x0000,0x0000,0x0000,0x0000,0x0000,0x0000,
    0x0000,0x0000,0x0000,0x0000,0x0000,0x0000,0x0000,0x0000,0x0000,0x0000,0x0000,0x0000,0x0000,0x0000,0x0000,0x0000,
    0x0000,0x0000,0x0000,0x0000,0x0000,0x0000,0x0000,0x0000,0x0000,0x0000,0x0000,0x0000,0x0000,0x0000,0x0000,0x0000,
    0x0000,0x0000,0x0000,0x0000,0x0000,0x0000,0x0000,0x0000,0x0000,0x0000,0x0000,0x0000,0x0000,0x0000,0x0000,0x0000,
    0x0000,0x0000,0x0000,0x0000,0x0000,0x0000,0x0000,0x0000,0x0000,0x0000,0x0000,0x0000,0x0000,0x0000,0x0000,0x0000,
    0x0000,0x0000,0x0000,0x0000,0x0000,0x0000,0x0000,0x0000,0x0000,0x0000,0x0000,0x0000,0x0000,0x0000,0x0000,0x0000,
    0x0000,0x0000,0x0000,0x0000,0x0000,0x0000,0x0000,0x0000,0x0000,0x0000,0x0000,0x0000,0x0000,0x0000,0x0000,0x0000,
    0x0000,0x0000,0x0000,0x0000,0x0000,0x0000,0x0000,0x0000,0x0000,0x0000,0x0000,0x0000,0x0000,0x0000,0x0000,0x0000,
    0x0000,0x0000,0x0000,0x0000,0x0000,0x0000,0x0000,0x0000,0x0000,0x0000,0x0000,0x0000,0x0000,0x0000,0x0000,0x0000,
    0x0000,0x0000,0x0000,0x0000,0x0000,0x0000,0x0000,0x0000,0x0000,0x0000,0x0000,0x0000,0x0000,0x0000,0x0000,0x0000,
    0x0000,0x0000,0x0000,0x0000,0x0000,0x0000,0x0000,0x0000,0x0000,0x0000,0x0000,0x0000,0x0000,0x0000,0x0000,0x0000,
    0x0000,0x0000,0x0000,0x0000,0x0000,0x0000,0x0000,0x0000,0x0000,0x0000,0x0000,0x0000,0x0000,0x0000,0x0000,0x0000,
    0x0000,0x0000,0x0000,0x0000,0x0000,0x0000,0x0000,0x0000,0x0000,0x0000,0x0000,0x0000,0x0000,0x0000,0x0000,0x0000,
    0x0000,0x0000,0x0000,0x0000,0x0000,0x0000,0x0000,0x0000,0x0000,0x0000,0x0000,0x0000,0x0000,0x0000,0x0000,0x0000,
    0x0000,0x0000,0x0000,0x0000,0x0000,0x0000,0x0000,0x0000,0x0000,0x0000,0x0000,0x0000,0x0000,0x0000,0x0000,0x0000,
    0x0000,0x0000,0x0000,0x0000,0x0000,0x0000,0x0000,0x0000,0x0000,0x0000,0x0000,0x0000,0x0000,0x0000,0x0000,0x0000,
    0x0000,0x0000,0x0000,0x0000,0x0000,0x0000,0x0000,0x0000,0x0000,0x0000,0x0000,0x0000,0x0000,0x0000,0x0000,0x0000,
    0x0000,0x0000,0x0000,0x0000,0x0000,0x0000,0x0000,0x0000,0x0000,0x0000,0x0000,0x0000,0x0000,0x0000,0x0000,0x0000,
    0x0000,0x0000,0x0000,0x0000,0x0000,0x0000,0x0000,0x0000,0x0000,0x0000,0x0000,0x0000,0x0000,0x0000,0x0000,0x0000,
    0x0000,0x0000,0x0000,0x0000,0x0000,0x0000,0x0000,0x0000,0x0000,0x0000,0x0000,0x0000,0x0000,0x0000,0x0000,0x0000,
    0x0000,0x0000,0x0000,0x0000,0x0000,0x0000,0x0000,0x0000,0x0000,0x0000,0x0000,0x0000,0x0000,0x0000,0x0000,0x0000,
    0x0000,0x0000,0x0000,0x0000,0x0000,0x0000,0x0000,0x0000,0x0000,0x0000,0x0000,0x0000,0x0000,0x0000,0x0000,0x0000,
    0x0000,0x0000,0x0000,0x0000,0x0000,0x0000,0x0000,0x0000,0x0000,0x0000,0x0000,0x0000,0x0000,0x0000,0x0000,0x0000,
    0x0000,0x0000,0x0000,0x0000,0x0000,0x0000,0x0000,0x0000,0x0000,0x0000,0x0000,0x0000,0x0000,0x0000,0x0000,0x0000,
    0x0000,0x0000,0x0000,0x0000,0x0000,0x0000,0x0000,0x0000,0x0000,0x0000,0x0000,0x0000,0x0000,0x0000,0x0000,0x0000,
    0x0000,0x0000,0x0000,0x0000,0x0000,0x0000,0x0000,0x0000,0x0000,0x0000,0x0000,0x0000,0x0000,0x0000,0x0000,0x0000,
    0x0000,0x0000,0x0000,0x0000,0x0000,0x0000,0x0000,0x0000,0x0000,0x0000,0x0000,0x0000,0x0000,0x0000,0x0000,0x0000,
    0x0000,0x0000,0x0000,0x0000,0x0000,0x0000,0x0000,0x0000,0x0000,0x0000,0x0000,0x0000,0x0000,0x0000,0x0000,0x0000,
    0x0000,0x0000,0x0000,0x0000,0x0000,0x0000,0x0000,0x0000,0x0000,0x0000,0x0000,0x0000,0x0000,0x0000,0x0000,0x0000,
    0x0000,0x0000,0x0000,0x0000,0x0000,0x0000,0x0000,0x0000,0x0000,0x0000,0x0000,0x0000,0x0000,0x0000,0x0000,0x0000,
    0x0000,0x0000,0x0000,0x0000,0x0000,0x0000,0x0000,0x0000,0x0000,0x0000,0x0000,0x0000,0x0000,0x0000,0x0000,0x0000,
    0x0000,0x0000,0x0000,0x0000,0x0000,0x0000,0x0000,0x0000,0x0000,0x0000,0x0000,0x0000,0x0000,0x0000,0x0000,0x0000,
    0x0000,0x0000,0x0000,0x0000,0x0000,0x0000,0x0000,0x0000,0x0000,0x0000,0x0000,0x0000,0x0000,0x0000,0x0000,0x0000,
    0x0000,0x0000,0x0000,0x0000,0x0000,0x0000,0x0000,0x0000,0x0000,0x0000,0x0000,0x0000,0x0000,0x0000,0x0000,0x0000,
    0x0000,0x0000,0x0000,0x0000,0x0000,0x0000,0x0000,0x0000,0x0000,0x0000,0x0000,0x0000,0x0000,0x0000,0x0000,0x0000,
    0x0000,0x0000,0x0000,0x0000,0x0000,0x0000,0x0000,0x0000,0x0000,0x0000,0x0000,0x0000,0x0000,0x0000,0x0000,0x0000,
    0x0000,0x0000,0x0000,0x0000,0x0000,0x0000,0x0000,0x0000,0x0000,0x0000,0x0000,0x0000,0x0000,0x0000,0x0000,0x0000,
    0x0000,0x0000,0x0000,0x0000,0x0000,0x0000,0x0000,0x0000,0x0000,0x0000,0x0000,0x0000,0x0000,0x0000,0x0000,0x0000,
    0x0000,0x0000,0x0000,0x0000,0x0000,0x0000,0x0000,0x0000,0x0000,0x0000,0x0000,0x0000,0x0000,0x0000,0x0000,0x0000,
    0x0000,0x0000,0x0000,0x0000,0x0000,0x0000,0x0000,0x0000,0x0000,0x0000,0x0000,0x0000,0x0000,0x0000,0x0000,0x0000,
    0x0000,0x0000,0x0000,0x0000,0x0000,0x0000,0x0000,0x0000,0x0000,0x0000,0x0000,0x0000,0x0000,0x0000,0x0000,0x0000,
    0x0000,0x0000,0x0000,0x0000,0x0000,0x0000,0x0000,0x0000,0x0000,0x0000,0x0000,0x0000,0x0000,0x0000,0x0000,0x0000,
    0x0000,0x0000,0x0000,0x0000,0x0000,0x0000,0x0000,0x0000,0x0000,0x0000,0x0000,0x0000,0x0000,0x0000,0x0000,0x0000,
    0x0000,0x0000,0x0000,0x0000,0x0000,0x0000,0x0000,0x0000,0x0000,0x0000,0x0000,0x0000,0x0000,0x0000,0x0000,0x0000,
    0x0000,0x0000,0x0000,0x0000,0x0000,0x0000,0x0000,0x0000,0x0000,0x0000,0x0000,0x0000,0x0000,0x0000,0x0000,0x0000,
    0x0000,0x0000,0x0000,0x0000,0x0000,0x0000,0x0000,0x0000,0x0000,0x0000,0x0000,0x0000,0x0000,0x0000,0x0000,0x0000,
    0x0000,0x0000,0x0000,0x0000,0x0000,0x0000,0x0000,0x0000,0x0000,0x0000,0x0000,0x0000,0x0000,0x0000,0x0000,0x0000,
    0x0000,0x0000,0x0000,0x0000,0x0000,0x0000,0x0000,0x0000,0x0000,0x0000,0x0000,0x0000,0x0000,0x0000,0x0000,0x0000,
    0x0000,0x0000,0x0000,0x0000,0x0000,0x0000,0x0000,0x0000,0x0000,0x0000,0x0000,0x0000,0x0000,0x0000,0x0000,0x0000,
    0x0000,0x0000,0x0000,0x0000,0x0000,0x0000,0x0000,0x0000,0x0000,0x0000,0x0000,0x0000,0x0000,0x0000,0x0000,0x0000,
    0x0000,0x0000,0x0000,0x0000,0x0000,0x0000,0x0000,0x0000,0x0000,0x0000,0x0000,0x0000,0x0000,0x0000,0x0000,0x0000,
    0x0000,0x0000,0x0000,0x0000,0x0000,0x0000,0x0000,0x0000,0x0000,0x0000,0x0000,0x0000,0x0000,0x0000,0x0000,0x0000,
    0x0000,0x0000,0x0000,0x0000,0x0000,0x0000,0x0000,0x0000,0x0000,0x0000,0x0000,0x0000,0x0000,0x0000,0x0000,0x0000,
    0x0000,0x0000,0x0000,0x0000,0x0000,0x0000,0x0000,0x0000,0x0000,0x0000,0x0000,0x0000,0x0000,0x0000,0x0000,0x0000,
    0x0000,0x0000,0x0000,0x0000,0x0000,0x0000,0x0000,0x0000,0x0000,0x0000,0x0000,0x0000,0x0000,0x0000,0x0000,0x0000,
    0x0000,0x0000,0x0000,0x0000,0x0000,0x0000,0x0000,0x0000,0x0000,0x0000,0x0000,0x0000,0x0000,0x0000,0x0000,0x0000,
    0x0000,0x0000,0x0000,0x0000,0x0000,0x0000,0x0000,0x0000,0x0000,0x0000,0x0000,0x0000,0x0000,0x0000,0x0000,0x0000,
    0x0000,0x0000,0x0000,0x0000,0x0000,0x0000,0x0000,0x0000,0x0000,0x0000,0x0000,0x0000,0x0000,0x0000,0x0000,0x0000,
    0x0000,0x0000,0x0000,0x0000,0x0000,0x0000,0x0000,0x0000,0x0000,0x0000,0x0000,0x0000,0x0000,0x0000,0x0000,0x0000,
    0x0000,0x0000,0x0000,0x0000,0x0000,0x0000,0x0000,0x0000,0x0000,0x0000,0x0000,0x0000,0x0000,0x0000,0x0000,0x0000,
    0x0000,0x0000,0x0000,0x0000,0x0000,0x0000,0x0000,0x0000,0x0000,0x0000,0x0000,0x0000,0x0000,0x0000,0x0000,0x0000,
    0x0000,0x0000,0x0000,0x0000,0x0000,0x0000,0x0000,0x0000,0x0000,0x0000,0x0000,0x0000,0x0000,0x0000,0x0000,0x0000,
    0x0000,0x0000,0x0000,0x0000,0x0000,0x0000,0x0000,0x0000,0x0000,0x0000,0x0000,0x0000,0x0000,0x0000,0x0000,0x0000,
    0x0000,0x0000,0x0000,0x0000,0x0000,0x0000,0x0000,0x0000,0x0000,0x0000,0x0000,0x0000,0x0000,0x0000,0x0000,0x0000,
    0x0000,0x0000,0x0000,0x0000,0x0000,0x0000,0x0000,0x0000,0x0000,0x0000,0x0000,0x0000,0x0000,0x0000,0x0000,0x0000,
    0x0000,0x0000,0x0000,0x0000,0x0000,0x0000,0x0000,0x0000,0x0000,0x0000,0x0000,0x0000,0x0000,0x0000,0x0000,0x0000,
    0x0000,0x0000,0x0000,0x0000,0x0000,0x0000,0x0000,0x0000,0x0000,0x0000,0x0000,0x0000,0x0000,0x0000,0x0000,0x0000,
    0x0000,0x0000,0x0000,0x0000,0x0000,0x0000,0x0000,0x0000,0x0000,0x0000,0x0000,0x0000,0x0000,0x0000,0x0000,0x0000,
    0x0000,0x0000,0x0000,0x0000,0x0000,0x0000,0x0000,0x0000,0x0000,0x0000,0x0000,0x0000,0x0000,0x0000,0x0000,0x0000,
    0x0000,0x0000,0x0000,0x0000,0x0000,0x0000,0x0000,0x0000,0x0000,0x0000,0x0000,0x0000,0x0000,0x0000,0x0000,0x0000,
    0x0000,0x0000,0x0000,0x0000,0x0000,0x0000,0x0000,0x0000,0x0000,0x0000,0x0000,0x0000,0x0000,0x0000,0x0000,0x0000,
    0x0000,0x0000,0x0000,0x0000,0x0000,0x0000,0x0000,0x0000,0x0000,0x0000,0x0000,0x0000,0x0000,0x0000,0x0000,0x0000,
    0x0000,0x0000,0x0000,0x0000,0x0000,0x0000,0x0000,0x0000,0x0000,0x0000,0x0000,0x0000,0x0000,0x0000,0x0000,0x0000,
    0x0000,0x0000,0x0000,0x0000,0x0000,0x0000,0x0000,0x0000,0x0000,0x0000,0x0000,0x0000,0x0000,0x0000,0x0000,0x0000,
    0x0000,0x0000,0x0000,0x0000,0x0000,0x0000,0x0000,0x0000,0x0000,0x0000,0x0000,0x0000,0x0000,0x0000,0x0000,0x0000,
    0x0000,0x0000,0x0000,0x0000,0x0000,0x0000,0x0000,0x0000,0x0000,0x0000,0x0000,0x0000,0x0000,0x0000,0x0000,0x0000,
    0x0000,0x0000,0x0000,0x0000,0x0000,0x0000,0x0000,0x0000,0x0000,0x0000,0x0000,0x0000,0x0000,0x0000,0x0000,0x0000,
    0x0000,0x0000,0x0000,0x0000,0x0000,0x0000,0x0000,0x0000,0x0000,0x0000,0x0000,0x0000,0x0000,0x0000,0x0000,0x0000,
    0x0000,0x0000,0x0000,0x0000,0x0000,0x0000,0x0000,0x0000,0x0000,0x0000,0x0000,0x0000,0x0000,0x0000,0x0000,0x0000,
    0x0000,0x0000,0x0000,0x0000,0x0000,0x0000,0x0000,0x0000,0x0000,0x0000,0x0000,0x0000,0x0000,0x0000,0x0000,0x0000,
    0x0000,0x0000,0x0000,0x0000,0x0000,0x0000,0x0000,0x0000,0x0000,0x0000,0x0000,0x0000,0x0000,0x0000,0x0000,0x0000,
    0x0000,0x0000,0x0000,0x0000,0x0000,0x0000,0x0000,0x0000,0x0000,0x0000,0x0000,0x0000,0x0000,0x0000,0x0000,0x0000,
    0x0000,0x0000,0x0000,0x0000,0x0000,0x0000,0x0000,0x0000,0x0000,0x0000,0x0000,0x0000,0x0000,0x0000,0x0000,0x0000,
    0x0000,0x0000,0x0000,0x0000,0x0000,0x0000,0x0000,0x0000,0x0000,0x0000,0x0000,0x0000,0x0000,0x0000,0x0000,0x0000,
    0x0000,0x0000,0x0000,0x0000,0x0000,0x0000,0x0000,0x0000,0x0000,0x0000,0x0000,0x0000,0x0000,0x0000,0x0000,0x0000,
    0x0000,0x0000,0x0000,0x0000,0x0000,0x0000,0x0000,0x0000,0x0000,0x0000,0x0000,0x0000,0x0000,0x0000,0x0000,0x0000,
    0x0000,0x0000,0x0000,0x0000,0x0000,0x0000,0x0000,0x0000,0x0000,0x0000,0x0000,0x0000,0x0000,0x0000,0x0000,0x0000,
    0x0000,0x0000,0x0000,0x0000,0x0000,0x0000,0x0000,0x0000,0x0000,0x0000,0x0000,0x0000,0x0000,0x0000,0x0000,0x0000,
    0x0000,0x0000,0x0000,0x0000,0x0000,0x0000,0x0000,0x0000,0x0000,0x0000,0x0000,0x0000,0x0000,0x0000,0x0000,0x0000,
    0x0000,0x0000,0x0000,0x0000,0x0000,0x0000,0x0000,0x0000,0x0000,0x0000,0x0000,0x0000,0x0000,0x0000,0x0000,0x0000,
    0x0000,0x0000,0x0000,0x0000,0x0000,0x0000,0x0000,0x0000,0x0000,0x0000,0x0000,0x0000,0x0000,0x0000,0x0000,0x0000,
    0x0000,0x0000,0x0000,0x0000,0x0000,0x0000,0x0000,0x0000,0x0000,0x0000,0x0000,0x0000,0x0000,0x0000,0x0000,0x0000,
    0x0000,0x0000,0x0000,0x0000,0x0000,0x0000,0x0000,0x0000,0x0000,0x0000,0x0000,0x0000,0x0000,0x0000,0x0000,0x0000,
    0x0000,0x0000,0x0000,0x0000,0x0000,0x0000,0x0000,0x0000,0x0000,0x0000,0x0000,0x0000,0x0000,0x0000,0x0000,0x0000,
    0x0000,0x0000,0x0000,0x0000,0x0000,0x0000,0x0000,0x0000,0x0000,0x0000,0x0000,0x0000,0x0000,0x0000,0x0000,0x0000,
    0x0000,0x0000,0x0000,0x0000,0x0000,0x0000,0x0000,0x0000,0x0000,0x0000,0x0000,0x0000,0x0000,0x0000,0x0000,0x0000,
    0x0000,0x0000,0x0000,0x0000,0x0000,0x0000,0x0000,0x0000,0x0000,0x0000,0x0000,0x0000,0x0000,0x0000,0x0000,0x0000,
    0x0000,0x0000,0x0000,0x0000,0x0000,0x0000,0x0000,0x0000,0x0000,0x0000,0x0000,0x0000,0x0000,0x0000,0x0000,0x0000,
    0x0000,0x0000,0x0000,0x0000,0x0000,0x0000,0x0000,0x0000,0x0000,0x0000,0x0000,0x0000,0x0000,0x0000,0x0000,0x0000,
    0x0000,0x0000,0x0000,0x0000,0x0000,0x0000,0x0000,0x0000,0x0000,0x0000,0x0000,0x0000,0x0000,0x0000,0x0000,0x0000,
    0x0000,0x0000,0x0000,0x0000,0x0000,0x0000,0x0000,0x0000,0x0000,0x0000,0x0000,0x0000,0x0000,0x0000,0x0000,0x0000,
    0x0000,0x0000,0x0000,0x0000,0x0000,0x0000,0x0000,0x0000,0x0000,0x0000,0x0000,0x0000,0x0000,0x0000,0x0000,0x0000,
    0x0000,0x0000,0x0000,0x0000,0x0000,0x0000,0x0000,0x0000,0x0000,0x0000,0x0000,0x0000,0x0000,0x0000,0x0000,0x0000,
    0x0000,0x0000,0x0000,0x0000,0x0000,0x0000,0x0000,0x0000,0x0000,0x0000,0x0000,0x0000,0x0000,0x0000,0x0000,0x0000,
    0x0000,0x0000,0x0000,0x0000,0x0000,0x0000,0x0000,0x0000,0x0000,0x0000,0x0000,0x0000,0x0000,0x0000,0x0000,0x0000,
    0x0000,0x0000,0x0000,0x0000,0x0000,0x0000,0x0000,0x0000,0x0000,0x0000,0x0000,0x0000,0x0000,0x0000,0x0000,0x0000,
    0x0000,0x0000,0x0000,0x0000,0x0000,0x0000,0x0000,0x0000,0x0000,0x0000,0x0000,0x0000,0x0000,0x0000,0x0000,0x0000,
    0x0000,0x0000,0x0000,0x0000,0x0000,0x0000,0x0000,0x0000,0x0000,0x0000,0x0000,0x0000,0x0000,0x0000,0x0000,0x0000,
    0x0000,0x0000,0x0000,0x0000,0x0000,0x0000,0x0000,0x0000,0x0000,0x0000,0x0000,0x0000,0x0000,0x0000,0x0000,0x0000,
    0x0000,0x0000,0x0000,0x0000,0x0000,0x0000,0x0000,0x0000,0x0000,0x0000,0x0000,0x0000,0x0000,0x0000,0x0000,0x0000,
    0x0000,0x0000,0x0000,0x0000,0x0000,0x0000,0x0000,0x0000,0x0000,0x0000,0x0000,0x0000,0x0000,0x0000,0x0000,0x0000,
    0x0000,0x0000,0x0000,0x0000,0x0000,0x0000,0x0000,0x0000,0x0000,0x0000,0x0000,0x0000,0x0000,0x0000,0x0000,0x0000,
    0x0000,0x0000,0x0000,0x0000,0x0000,0x0000,0x0000,0x0000,0x0000,0x0000,0x0000,0x0000,0x0000,0x0000,0x0000,0x0000,
    0x0000,0x0000,0x0000,0x0000,0x0000,0x0000,0x0000,0x0000,0x0000,0x0000,0x0000,0x0000,0x0000,0x0000,0x0000,0x0000,
    0x0000,0x0000,0x0000,0x0000,0x0000,0x0000,0x0000,0x0000,0x0000,0x0000,0x0000,0x0000,0x0000,0x0000,0x0000,0x0000,
    0x0000,0x0000,0x0000,0x0000,0x0000,0x0000,0x0000,0x0000,0x0000,0x0000,0x0000,0x0000,0x0000,0x0000,0x0000,0x0000,
    0x0000,0x0000,0x0000,0x0000,0x0000,0x0000,0x0000,0x0000,0x0000,0x0000,0x0000,0x0000,0x0000,0x0000,0x0000,0x0000,
    0x0000,0x0000,0x0000,0x0000,0x0000,0x0000,0x0000,0x0000,0x0000,0x0000,0x0000,0x0000,0x0000,0x0000,0x0000,0x0000,
    0x0000,0x0000,0x0000,0x0000,0x0000,0x0000,0x0000,0x0000,0x0000,0x0000,0x0000,0x0000,0x0000,0x0000,0x0000,0x0000,
    0x0000,0x0000,0x0000,0x0000,0x0000,0x0000,0x0000,0x0000,0x0000,0x0000,0x0000,0x0000,0x0000,0x0000,0x0000,0x0000,
    0x0000,0x0000,0x0000,0x0000,0x0000,0x0000,0x0000,0x0000,0x0000,0x0000,0x0000,0x0000,0x0000,0x0000,0x0000,0x0000,
    0x0000,0x0000,0x0000,0x0000,0x0000,0x0000,0x0000,0x0000,0x0000,0x0000,0x0000,0x0000,0x0000,0x0000,0x0000,0x0000,
    0x0000,0x0000,0x0000,0x0000,0x0000,0x0000,0x0000,0x0000,0x0000,0x0000,0x0000,0x0000,0x0000,0x0000,0x0000,0x0000,
    0x0000,0x0000,0x0000,0x0000,0x0000,0x0000,0x0000,0x0000,0x0000,0x0000,0x0000,0x0000,0x0000,0x0000,0x0000,0x0000,
    0x0000,0x0000,0x0000,0x0000,0x0000,0x0000,0x0000,0x0000,0x0000,0x0000,0x0000,0x0000,0x0000,0x0000,0x0000,0x0000,
    0x0000,0x0000,0x0000,0x0000,0x0000,0x0000,0x0000,0x0000,0x0000,0x0000,0x0000,0x0000,0x0000,0x0000,0x0000,0x0000,
    0x0000,0x0000,0x0000,0x0000,0x0000,0x0000,0x0000,0x0000,0x0000,0x0000,0x0000,0x0000,0x0000,0x0000,0x0000,0x0000,
    0x0000,0x0000,0x0000,0x0000,0x0000,0x0000,0x0000,0x0000,0x0000,0x0000,0x0000,0x0000,0x0000,0x0000,0x0000,0x0000,
    0x0000,0x0000,0x0000,0x0000,0x0000,0x0000,0x0000,0x0000,0x0000,0x0000,0x0000,0x0000,0x0000,0x0000,0x0000,0x0000,
    0x0000,0x0000,0x0000,0x0000,0x0000,0x0000,0x0000,0x0000,0x0000,0x0000,0x0000,0x0000,0x0000,0x0000,0x0000,0x0000,
    0x0000,0x0000,0x0000,0x0000,0x0000,0x0000,0x0000,0x0000,0x0000,0x0000,0x0000,0x0000,0x0000,0x0000,0x0000,0x0000,
    0x0000,0x0000,0x0000,0x0000,0x0000,0x0000,0x0000,0x0000,0x0000,0x0000,0x0000,0x0000,0x0000,0x0000,0x0000,0x0000,
    0x0000,0x0000,0x0000,0x0000,0x0000,0x0000,0x0000,0x0000,0x0000,0x0000,0x0000,0x0000,0x0000,0x0000,0x0000,0x0000,
    0x0000,0x0000,0x0000,0x0000,0x0000,0x0000,0x0000,0x0000,0x0000,0x0000,0x0000,0x0000,0x0000,0x0000,0x0000,0x0000,
    0x0000,0x0000,0x0000,0x0000,0x0000,0x0000,0x0000,0x0000,0x0000,0x0000,0x0000,0x0000,0x0000,0x0000,0x0000,0x0000,
    0x0000,0x0000,0x0000,0x0000,0x0000,0x0000,0x0000,0x0000,0x0000,0x0000,0x0000,0x0000,0x0000,0x0000,0x0000,0x0000,
    0x0000,0x0000,0x0000,0x0000,0x0000,0x0000,0x0000,0x0000,0x0000,0x0000,0x0000,0x0000,0x0000,0x0000,0x0000,0x0000,
    0x0000,0x0000,0x0000,0x0000,0x0000,0x0000,0x0000,0x0000,0x0000,0x0000,0x0000,0x0000,0x0000,0x0000,0x0000,0x0000,
    0x0000,0x0000,0x0000,0x0000,0x0000,0x0000,0x0000,0x0000,0x0000,0x0000,0x0000,0x0000,0x0000,0x0000,0x0000,0x0000,
    0x0000,0x0000,0x0000,0x0000,0x0000,0x0000,0x0000,0x0000,0x0000,0x0000,0x0000,0x0000,0x0000,0x0000,0x0000,0x0000,
    0x0000,0x0000,0x0000,0x0000,0x0000,0x0000,0x0000,0x0000,0x0000,0x0000,0x0000,0x0000,0x0000,0x0000,0x0000,0x0000,
    0x0000,0x0000,0x0000,0x0000,0x0000,0x0000,0x0000,0x0000,0x0000,0x0000,0x0000,0x0000,0x0000,0x0000,0x0000,0x0000,
    0x0000,0x0000,0x0000,0x0000,0x0000,0x0000,0x0000,0x0000,0x0000,0x0000,0x0000,0x0000,0x0000,0x0000,0x0000,0x0000,
    0x0000,0x0000,0x0000,0x0000,0x0000,0x0000,0x0000,0x0000,0x0000,0x0000,0x0000,0x0000,0x0000,0x0000,0x0000,0x0000,
    0x0000,0x0000,0x0000,0x0000,0x0000,0x0000,0x0000,0x0000,0x0000,0x0000,0x0000,0x0000,0x0000,0x0000,0x0000,0x0000,
    0x0000,0x0000,0x0000,0x0000,0x0000,0x0000,0x0000,0x0000,0x0000,0x0000,0x0000,0x0000,0x0000,0x0000,0x0000,0x0000,
    0x0000,0x0000,0x0000,0x0000,0x0000,0x0000,0x0000,0x0000,0x0000,0x0000,0x0000,0x0000,0x0000,0x0000,0x0000,0x0000,
    0x0000,0x0000,0x0000,0x0000,0x0000,0x0000,0x0000,0x0000,0x0000,0x0000,0x0000,0x0000,0x0000,0x0000,0x0000,0x0000,
    0x0000,0x0000,0x0000,0x0000,0x0000,0x0000,0x0000,0x0000,0x0000,0x0000,0x0000,0x0000,0x0000,0x0000,0x0000,0x0000,
    0x0000,0x0000,0x0000,0x0000,0x0000,0x0000,0x0000,0x0000,0x0000,0x0000,0x0000,0x0000,0x0000,0x0000,0x0000,0x0000,
    0x0000,0x0000,0x0000,0x0000,0x0000,0x0000,0x0000,0x0000,0x0000,0x0000,0x0000,0x0000,0x0000,0x0000,0x0000,0x0000,
    0x0000,0x0000,0x0000,0x0000,0x0000,0x0000,0x0000,0x0000,0x0000,0x0000,0x0000,0x0000,0x0000,0x0000,0x0000,0x0000,
    0x0000,0x0000,0x0000,0x0000,0x0000,0x0000,0x0000,0x0000,0x0000,0x0000,0x0000,0x0000,0x0000,0x0000,0x0000,0x0000,
    0x0000,0x0000,0x0000,0x0000,0x0000,0x0000,0x0000,0x0000,0x0000,0x0000,0x0000,0x0000,0x0000,0x0000,0x0000,0x0000,
    0x0000,0x0000,0x0000,0x0000,0x0000,0x0000,0x0000,0x0000,0x0000,0x0000,0x0000,0x0000,0x0000,0x0000,0x0000,0x0000,
    0x0000,0x0000,0x0000,0x0000,0x0000,0x0000,0x0000,0x0000,0x0000,0x0000,0x0000,0x0000,0x0000,0x0000,0x0000,0x0000,
    0x0000,0x0000,0x0000,0x0000,0x0000,0x0000,0x0000,0x0000,0x0000,0x0000,0x0000,0x0000,0x0000,0x0000,0x0000,0x0000,
    0x0000,0x0000,0x0000,0x0000,0x0000,0x0000,0x0000,0x0000,0x0000,0x0000,0x0000,0x0000,0x0000,0x0000,0x0000,0x0000,
    0x0000,0x0000,0x0000,0x0000,0x0000,0x0000,0x0000,0x0000,0x0000,0x0000,0x0000,0x0000,0x0000,0x0000,0x0000,0x0000,
    0x0000,0x0000,0x0000,0x0000,0x0000,0x0000,0x0000,0x0000,0x0000,0x0000,0x0000,0x0000,0x0000,0x0000,0x0000,0x0000,
    0x0000,0x0000,0x0000,0x0000,0x0000,0x0000,0x0000,0x0000,0x0000,0x0000,0x0000,0x0000,0x0000,0x0000,0x0000,0x0000,
    0x0000,0x0000,0x0000,0x0000,0x0000,0x0000,0x0000,0x0000,0x0000,0x0000,0x0000,0x0000,0x0000,0x0000,0x0000,0x0000,
    0x0000,0x0000,0x0000,0x0000,0x0000,0x0000,0x0000,0x0000,0x0000,0x0000,0x0000,0x0000,0x0000,0x0000,0x0000,0x0000,
    0x0000,0x0000,0x0000,0x0000,0x0000,0x0000,0x0000,0x0000,0x0000,0x0000,0x0000,0x0000,0x0000,0x0000,0x0000,0x0000,
    0x0000,0x0000,0x0000,0x0000,0x0000,0x0000,0x0000,0x0000,0x0000,0x0000,0x0000,0x0000,0x0000,0x0000,0x0000,0x0000,
    0x0000,0x0000,0x0000,0x0000,0x0000,0x0000,0x0000,0x0000,0x0000,0x0000,0x0000,0x0000,0x0000,0x0000,0x0000,0x0000,
    0x0000,0x0000,0x0000,0x0000,0x0000,0x0000,0x0000,0x0000,0x0000,0x0000,0x0000,0x0000,0x0000,0x0000,0x0000,0x0000,
    0x0000,0x0000,0x0000,0x0000,0x0000,0x0000,0x0000,0x0000,0x0000,0x0000,0x0000,0x0000,0x0000,0x0000,0x0000,0x0000,
    0x0000,0x0000,0x0000,0x0000,0x0000,0x0000,0x0000,0x0000,0x0000,0x0000,0x0000,0x0000,0x0000,0x0000,0x0000,0x0000,
    0x0000,0x0000,0x0000,0x0000,0x0000,0x0000,0x0000,0x0000,0x0000,0x0000,0x0000,0x0000,0x0000,0x0000,0x0000,0x0000,
    0x0000,0x0000,0x0000,0x0000,0x0000,0x0000,0x0000,0x0000,0x0000,0x0000,0x0000,0x0000,0x0000,0x0000,0x0000,0x0000,
    0x0000,0x0000,0x0000,0x0000,0x0000,0x0000,0x0000,0x0000,0x0000,0x0000,0x0000,0x0000,0x0000,0x0000,0x0000,0x0000,
    0x0000,0x0000,0x0000,0x0000,0x0000,0x0000,0x0000,0x0000,0x0000,0x0000,0x0000,0x0000,0x0000,0x0000,0x0000,0x0000,
    0x0000,0x0000,0x0000,0x0000,0x0000,0x0000,0x0000,0x0000,0x0000,0x0000,0x0000,0x0000,0x0000,0x0000,0x0000,0x0000,
    0x0000,0x0000,0x0000,0x0000,0x0000,0x0000,0x0000,0x0000,0x0000,0x0000,0x0000,0x0000,0x0000,0x0000,0x0000,0x0000,
    0x0000,0x0000,0x0000,0x0000,0x0000,0x0000,0x0000,0x0000,0x0000,0x0000,0x0000,0x0000,0x0000,0x0000,0x0000,0x0000,
    0x0000,0x0000,0x0000,0x0000,0x0000,0x0000,0x0000,0x0000,0x0000,0x0000,0x0000,0x0000,0x0000,0x0000,0x0000,0x0000,
    0x0000,0x0000,0x0000,0x0000,0x0000,0x0000,0x0000,0x0000,0x0000,0x0000,0x0000,0x0000,0x0000,0x0000,0x0000,0x0000,
    0x0000,0x0000,0x0000,0x0000,0x0000,0x0000,0x0000,0x0000,0x0000,0x0000,0x0000,0x0000,0x0000,0x0000,0x0000,0x0000,
    0x0000,0x0000,0x0000,0x0000,0x0000,0x0000,0x0000,0x0000,0x0000,0x0000,0x0000,0x0000,0x0000,0x0000,0x0000,0x0000,
    0x0000,0x0000,0x0000,0x0000,0x0000,0x0000,0x0000,0x0000,0x0000,0x0000,0x0000,0x0000,0x0000,0x0000,0x0000,0x0000,
    0x0000,0x0000,0x0000,0x0000,0x0000,0x0000,0x0000,0x0000,0x0000,0x0000,0x0000,0x0000,0x0000,0x0000,0x0000,0x0000,
    0x0000,0x0000,0x0000,0x0000,0x0000,0x0000,0x0000,0x0000,0x0000,0x0000,0x0000,0x0000,0x0000,0x0000,0x0000,0x0000,
    0x0000,0x0000,0x0000,0x0000,0x0000,0x0000,0x0000,0x0000,0x0000,0x0000,0x0000,0x0000,0x0000,0x0000,0x0000,0x0000,
    0x0000,0x0000,0x0000,0x0000,0x0000,0x0000,0x0000,0x0000,0x0000,0x0000,0x0000,0x0000,0x0000,0x0000,0x0000,0x0000,
    0x0000,0x0000,0x0000,0x0000,0x0000,0x0000,0x0000,0x0000,0x0000,0x0000,0x0000,0x0000,0x0000,0x0000,0x0000,0x0000,
    0x0000,0x0000,0x0000,0x0000,0x0000,0x0000,0x0000,0x0000,0x0000,0x0000,0x0000,0x0000,0x0000,0x0000,0x0000,0x0000,
    0x0000,0x0000,0x0000,0x0000,0x0000,0x0000,0x0000,0x0000,0x0000,0x0000,0x0000,0x0000,0x0000,0x0000,0x0000,0x0000,
    0x0000,0x0000,0x0000,0x0000,0x0000,0x0000,0x0000,0x0000,0x0000,0x0000,0x0000,0x0000,0x0000,0x0000,0x0000,0x0000,
    0x0000,0x0000,0x0000,0x0000,0x0000,0x0000,0x0000,0x0000,0x0000,0x0000,0x0000,0x0000,0x0000,0x0000,0x0000,0x0000,
    0x0000,0x0000,0x0000,0x0000,0x0000,0x0000,0x0000,0x0000,0x0000,0x0000,0x0000,0x0000,0x0000,0x0000,0x0000,0x0000,
    0x0000,0x0000,0x0000,0x0000,0x0000,0x0000,0x0000,0x0000,0x0000,0x0000,0x0000,0x0000,0x0000,0x0000,0x0000,0x0000,
    0x0000,0x0000,0x0000,0x0000,0x0000,0x0000,0x0000,0x0000,0x0000,0x0000,0x0000,0x0000,0x0000,0x0000,0x0000,0x0000,
    0x0000,0x0000,0x0000,0x0000,0x0000,0x0000,0x0000,0x0000,0x0000,0x0000,0x0000,0x0000,0x0000,0x0000,0x0000,0x0000,
    0x0000,0x0000,0x0000,0x0000,0x0000,0x0000,0x0000,0x0000,0x0000,0x0000,0x0000,0x0000,0x0000,0x0000,0x0000,0x0000,
    0x0000,0x0000,0x0000,0x0000,0x0000,0x0000,0x0000,0x0000,0x0000,0x0000,0x0000,0x0000,0x0000,0x0000,0x0000,0x0000,
    0x0000,0x0000,0x0000,0x0000,0x0000,0x0000,0x0000,0x0000,0x0000,0x0000,0x0000,0x0000,0x0000,0x0000,0x0000,0x0000,
    0x0000,0x0000,0x0000,0x0000,0x0000,0x0000,0x0000,0x0000,0x0000,0x0000,0x0000,0x0000,0x0000,0x0000,0x0000,0x0000,
    0x0000,0x0000,0x0000,0x0000,0x0000,0x0000,0x0000,0x0000,0x0000,0x0000,0x0000,0x0000,0x0000,0x0000,0x0000,0x0000,
    0x0000,0x0000,0x0000,0x0000,0x0000,0x0000,0x0000,0x0000,0x0000,0x0000,0x0000,0x0000,0x0000,0x0000,0x0000,0x0000,
    0x0000,0x0000,0x0000,0x0000,0x0000,0x0000,0x0000,0x0000,0x0000,0x0000,0x0000,0x0000,0x0000,0x0000,0x0000,0x0000,
    0x0000,0x0000,0x0000,0x0000,0x0000,0x0000,0x0000,0x0000,0x0000,0x0000,0x0000,0x0000,0x0000,0x0000,0x0000,0x0000,
    0x0000,0x0000,0x0000,0x0000,0x0000,0x0000,0x0000,0x0000,0x0000,0x0000,0x0000,0x0000,0x0000,0x0000,0x0000,0x0000,
    0x0000,0x0000,0x0000,0x0000,0x0000,0x0000,0x0000,0x0000,0x0000,0x0000,0x0000,0x0000,0x0000,0x0000,0x0000,0x0000,
    0x0000,0x0000,0x0000,0x0000,0x0000,0x0000,0x0000,0x0000,0x0000,0x0000,0x0000,0x0000,0x0000,0x0000,0x0000,0x0000,
    0x0000,0x0000,0x0000,0x0000,0x0000,0x0000,0x0000,0x0000,0x0000,0x0000,0x0000,0x0000,0x0000,0x0000,0x0000,0x0000,
    0x0000,0x0000,0x0000,0x0000,0x0000,0x0000,0x0000,0x0000,0x0000,0x0000,0x0000,0x0000,0x0000,0x0000,0x0000,0x0000,
    0x0000,0x0000,0x0000,0x0000,0x0000,0x0000,0x0000,0x0000,0x0000,0x0000,0x0000,0x0000,0x0000,0x0000,0x0000,0x0000,
    0x0000,0x0000,0x0000,0x0000,0x0000,0x0000,0x0000,0x0000,0x0000,0x0000,0x0000,0x0000,0x0000,0x0000,0x0000,0x0000,
    0x0000,0x0000,0x0000,0x0000,0x0000,0x0000,0x0000,0x0000,0x0000,0x0000,0x0000,0x0000,0x0000,0x0000,0x0000,0x0000,
    0x0000,0x0000,0x0000,0x0000,0x0000,0x0000,0x0000,0x0000,0x0000,0x0000,0x0000,0x0000,0x0000,0x0000,0x0000,0x0000,
    0x0000,0x0000,0x0000,0x0000,0x0000,0x0000,0x0000,0x0000,0x0000,0x0000,0x0000,0x0000,0x0000,0x0000,0x0000,0x0000,
    0x0000,0x0000,0x0000,0x0000,0x0000,0x0000,0x0000,0x0000,0x0000,0x0000,0x0000,0x0000,0x0000,0x0000,0x0000,0x0000,
    0x0000,0x0000,0x0005,0x0000,0x0000,0x0000,0x0000,0x0000,0x0000,0x0000,0x0000,0x0000,0x0000,0x0000,0x6745,0x00f2,
    0x0000,0x0000,0x0000,0x0000,0x0000,0x0000,0x0000,0x0000,0x0000,0x0004,0x0000,0x0000,0x0000,0x0000,0x0000,0x0000,
    0x0000,0x0000,0x0000,0x0000,0x0000,0x0000,0x0000,0x0000,0x0000,0x0000,0x0000,0x0004,0x0000,0x0000,0x0000,0x0000,
    0x0000,0x0000,0x0000,0x0004,0x0e0c,0x180f,0x001e,0x0000,0x0000,0x0000,0x0000,0x0000,0x0400,0x8000,0x1210,0x0201,
    0x1403,0x1c0a,0x2e29,0x0b11,0x150d,0x1916,0x0e0c,0x180f,0x131e,0x0000,0x0000,0x0003,0x0000,0x0001,0x0000,0x0002,
    0x0000,0x0009,0x0006,0x0008,0x0002,0x0005,0x0024,0x0010,0x0026,0x0012,0x004e,0x0050,0x0012,0x0186,0x0187,0x000a,
    0x0017,0x0015,0x004e,0x000d,0x006e,0x0002,0x0001,0x0060,0x0007,0x0000,0x0011,0x0007,0x0000,0x005a,0x002a,0x0060,
    0x005e,0x0028,0x005c,0x0062,0x0020,0x0064,0x0066,0x000c,0x00d9,0x00af,0x00ad,0x0000,0x0015,0x0016,0x00d0,0x00d1,
    0x00d2,0x00d3,0x00d4,0x0005,0x000b,0x0007,0x0028,0x0215,0x000a,0x0085,0x0004,0x0004,0x0001,0x0001,0x0001,0x0003,
    0x0004,0x0215,0x042b,0x0085,0x010b,0x0004,0x0006,0x0000,0x0002,0x0002,0x0003,0x0005,0x042b,0x0640,0x010b,0x0190,
    0x0006,0x0008,0x0001,0x0003,0x0002,0x0004,0x0006,0x0640,0x0855,0x0190,0x0215,0x0008,0x000a,0x0002,0x0004,0x0003,
    0x0004,0x0007,0x0855,0x0abe,0x0215,0x02b0,0x0008,0x000e,0x0001,0x0007,0x0004,0x0004,0x0008,0x0abe,0x0c80,0x02b0,
    0x0320,0x000a,0x0010,0x0003,0x0009,0x0004,0x0004,0x0008,0x0000,0x0000,0x0000,0x0000,0x0000,0x0000,0x0000,0x0000,
    0x0000,0x0000,0x0000,0x0000,0x0000,0x0000,0x0000,0x0000,0x0000,0x0000,0x0000,0x0000,0x0000,0x0000,0x0000,0x0000,
    0x0000,0x0000,0x0000,0x0000,0x0000,0x0000,0x0000,0x0000,0x0000,0x0000,0x0000,0x0000,0x0000,0x0000,0x0000,0x0000,
    0x0000,0x0000,0x0000,0x0000,0x0000,0x0000,0x0000,0x0000,0x0000,0x0000,0x0000,0x0000,0x0000,0x0000,0x0000,0x0000,
    0x0000,0x0000,0x0000,0x0000,0x0000,0x0000,0x0000,0x0000,0x0000,0x0000,0x0028,0x0215,0x0005,0x0043,0x0002,0x0002,
    0x0000,0x0000,0x0001,0x0002,0x0003,0x0215,0x042b,0x0043,0x0085,0x0002,0x0003,0x0000,0x0001,0x0001,0x0002,0x0003,
    0x042b,0x0640,0x0085,0x00c8,0x0003,0x0004,0x0001,0x0002,0x0001,0x0002,0x0003,0x0640,0x0855,0x00c8,0x010b,0x0004,
    0x0005,0x0001,0x0002,0x0002,0x0002,0x0004,0x0855,0x0abe,0x010b,0x0158,0x0004,0x0007,0x0001,0x0004,0x0002,0x0002,
    0x0004,0x0abe,0x0c80,0x0158,0x0190,0x0005,0x0008,0x0002,0x0005,0x0002,0x0002,0x0004,0x0c80,0x0e95,0x0190,0x01d3,
    0x0006,0x0009,0x0002,0x0005,0x0003,0x0002,0x0005,0x0e95,0x10ab,0x01d3,0x0215,0x0006,0x000b,0x0002,0x0007,0x0003,
    0x0002,0x0005,0x10ab,0x12c0,0x0215,0x0258,0x0007,0x000c,0x0003,0x0008,0x0003,0x0002,0x0005,0x12c0,0x157c,0x0258,
    0x02b0,0x0008,0x000e,0x0003,0x0009,0x0004,0x0002,0x0006,0x157c,0x1770,0x02b0,0x02ee,0x0009,0x000f,0x0004,0x000a,
    0x0004,0x0002,0x0006,0x1770,0x1900,0x02ee,0x0320,0x0009,0x0010,0x0004,0x000b,0x0004,0x0002,0x0006,0x0028,0x0215,
    0x000a,0x0085,0x0006,0x0006,0x0006,0x0000,0x0000,0x0000,0x0001,0x0006,0x0007,0x0215,0x042b,0x0085,0x010b,0x0008,
    0x0008,0x0008,0x0000,0x0000,0x0000,0x0002,0x0007,0x0009,0x042b,0x0640,0x010b,0x0190,0x000a,0x000a,0x000c,0x0001,
    0x0001,0x0003,0x0002,0x0008,0x000a,0x0640,0x0855,0x0190,0x0215,0x000c,0x000e,0x000e,0x0002,0x0004,0x0004,0x0003,
    0x0008,0x000b,0x0855,0x0abe,0x0215,0x02b0,0x0010,0x0010,0x0012,0x0003,0x0003,0x0005,0x0004,0x000a,0x000e,0x0abe,
    0x0c80,0x02b0,0x0320,0x0012,0x0014,0x0014,0x0005,0x0007,0x0007,0x0004,0x000a,0x000e,0x0000,0x0000,0x0000,0x0000,
    0x0000,0x0000,0x0000,0x0000,0x0000,0x0000,0x0000,0x0000,0x0000,0x0000,0x0000,0x0000,0x0000,0x0000,0x0000,0x0000,
    0x0000,0x0000,0x0000,0x0000,0x0000,0x0000,0x0000,0x0000,0x0000,0x0000,0x0000,0x0000,0x0000,0x0000,0x0000,0x0000,
    0x0000,0x0000,0x0000,0x0000,0x0000,0x0000,0x0000,0x0000,0x0000,0x0000,0x0000,0x0000,0x0000,0x0000,0x0000,0x0000,
    0x0000,0x0000,0x0000,0x0000,0x0000,0x0000,0x0000,0x0000,0x0000,0x0000,0x0000,0x0000,0x0000,0x0000,0x0000,0x0000,
    0x0000,0x0000,0x0000,0x0000,0x0000,0x0000,0x0000,0x0000,0x0000,0x0000,0x0028,0x0215,0x0005,0x0043,0x0003,0x0003,
    0x0003,0x0000,0x0000,0x0000,0x0001,0x0003,0x0004,0x0215,0x042b,0x0043,0x0085,0x0004,0x0004,0x0004,0x0000,0x0000,
    0x0000,0x0001,0x0004,0x0005,0x042b,0x0640,0x0085,0x00c8,0x0005,0x0005,0x0005,0x0001,0x0001,0x0002,0x0001,0x0004,
    0x0005,0x0640,0x0855,0x00c8,0x010b,0x0006,0x0007,0x0007,0x0001,0x0002,0x0002,0x0002,0x0004,0x0006,0x0855,0x0abe,
    0x010b,0x0158,0x0008,0x0008,0x0009,0x0002,0x0002,0x0003,0x0002,0x0005,0x0007,0x0abe,0x0c80,0x0158,0x0190,0x0009,
    0x000a,0x000a,0x0003,0x0004,0x0004,0x0002,0x0005,0x0007,0x0c80,0x0e95,0x0190,0x01d3,0x000a,0x000b,0x000c,0x0003,
    0x0004,0x0005,0x0003,0x0005,0x0008,0x0e95,0x10ab,0x01d3,0x0215,0x000c,0x000d,0x000e,0x0004,0x0005,0x0006,0x0003,
    0x0006,0x0009,0x10ab,0x12c0,0x0215,0x0258,0x000d,0x000e,0x000f,0x0005,0x0006,0x0007,0x0003,0x0006,0x0009,0x12c0,
    0x157c,0x0258,0x02b0,0x000f,0x0010,0x0011,0x0006,0x0007,0x0008,0x0004,0x0006,0x000a,0x157c,0x1770,0x02b0,0x02ee,
    0x0010,0x0011,0x0013,0x0006,0x0007,0x0009,0x0004,0x0007,0x000b,0x1770,0x1900,0x02ee,0x0320,0x0011,0x0012,0x0014,
    0x0007,0x0008,0x000a,0x0004,0x0007,0x000b,0x0000,0x0000,0x0000,0x0000,0x0000,0x0000,0x0000,0x0000,0x0000,0x0000,
    0x0000,0x0000,0x0000,0x0000,0x0000,0x0000,0x0000,0x0000,0x0000,0x0000,0x0000,0x0000,0x0000,0x0000,0x0000,0x0000,
    0x0000,0x0000,0x0000,0x0000,0x0000,0x0000,0x0000,0x0000,0x0000,0x0000,0x0000,0x0000,0x0000,0x0000,0x0000,0x0000,
    0x0000,0x0000,0x0000,0x0000,0x0000,0x0000,0x0000,0x0000,0x0000,0x0000,0x0000,0x0000,0x0000,0x0000,0x0000,0x0000,
    0x0000,0x0000,0x0000,0x0000,0x0000,0x0000,0x0000,0x0000,0x0000,0x0000,0x0000,0x0000,0x0000,0x0000,0x0000,0x0000,
    0x0000,0x0000,0x0000,0x0000,0x0000,0x0000,0x0000,0x0000,0x0000,0x0000,0x0000,0x0000,0x0000,0x0000,0x0000,0x0000,
    0x0000,0x0000,0x0000,0x0000,0x0000,0x0000,0x0000,0x0000,0x0000,0x0000,0x0000,0x0000,0x0000,0x0000,0x0000,0x0000,
    0x0000,0x0000,0x0000,0x0000,0x0000,0x0000,0x0000,0x0000,0x0000,0x0000,0x0000,0x0000,0x0000,0x0000,0x0000,0x0000,
    0x0000,0x0000,0x0000,0x0000,0x0000,0x0000,0x0000,0x0000,0x0000,0x0000,0x0000,0x0000,0x0000,0x0000,0x0000,0x0000,
    0x0000,0x0000,0x0000,0x0000,0x0000,0x0000,0x0000,0x0000,0x0000,0x0000,0x0000,0x0000,0x0000,0x0000,0x0000,0x0000,
    0x0000,0x0000,0x0000,0x0000,0x0000,0x0000,0x0000,0x0000,0x0000,0x0000,0x0000,0x0000,0x0000,0x0000,0x0000,0x0000,
    0x0000,0x0000,0x0000,0x0000,0x0000,0x0000,0x0000,0x0000,0x0000,0x0000,0x0000,0x0000,0x0000,0x0000,0x0000,0x0000,
    0x0000,0x0000,0x0000,0x0000,0x0000,0x0000,0x0000,0x0000,0x0000,0x0000,0x0000,0x0000,0x0000,0x0000,0x0000,0x0000,
    0x0000,0x0000,0x0000,0x0000,0x0000,0x0000,0x0000,0x0000,0x0000,0x0000,0x0000,0x0000,0x0000,0x0000,0x0000,0x0000,
    0x0000,0x0000,0x0000,0x0000,0x0000,0x0000,0x0000,0x0000,0x0000,0x0000,0x0000,0x0000,0x0000,0x0000,0x0000,0x0000,
    0x0000,0x0000,0x0000,0x0000,0x0000,0x0000,0x0000,0x0000,0x0000,0x0000,0x0000,0x0000,0x0000,0x0000,0x0000,0x0000,
    0x0000,0x0000,0x0000,0x0000,0x0000,0x0000,0x0000,0x0000,0x0000,0x0000,0x0000,0x0000,0x0000,0x0000,0x0000,0x0000,
    0x0000,0x0000,0x0000,0x0000,0x0000,0x0000,0x0000,0x0000,0x0000,0x0000,0x0000,0x0000,0x0000,0x0000,0x0000,0x0000,
    0x0000,0x0000,0x0000,0x0000,0x0000,0x0000,0x0000,0x0000,0x0000,0x0000,0x0000,0x0000,0x0000,0x0000,0x0000,0x0000,
    0x0000,0x0000,0x0000,0x0000,0x0000,0x0000,0x0000,0x0000,0x0000,0x0000,0x0000,0x0000,0x0000,0x0000,0x0000,0x0000,
    0x0000,0x0000,0x0000,0x0000,0x0000,0x0000,0x0000,0x0000,0x0000,0x0000,0x0000,0x0000,0x0000,0x0000,0x0000,0x0000,
    0x0000,0x0000,0x0000,0x0000,0x0000,0x0000,0x0000,0x0000,0x0000,0x0000,0x0000,0x0000,0x0000,0x0000,0x0000,0x0000,
    0x0000,0x0000,0x0000,0x0000,0x0000,0x0000,0x0000,0x0000,0x0000,0x0000,0x0000,0x0000,0x0000,0x0000,0x0000,0x0000,
    0x0000,0x0000,0x0000,0x0000,0x0000,0x0000,0x0000,0x0000,0x0000,0x0000,0x0000,0x0000,0x0000,0x0000,0x0000,0x0000,
    0x0000,0x0000,0x0000,0x0000,0x0000,0x0000,0x0000,0x0000,0x0000,0x0000,0x0000,0x0000,0x0000,0x0000,0x0000,0x0000,
    0x0000,0x0000,0x0000,0x0000,0x0000,0x0000,0x0000,0x0000,0x0000,0x0000,0x0000,0x0000,0x0000,0x0000,0x0000,0x0000,
    0x0000,0x0000,0x0000,0x0000,0x0000,0x0000,0x0000,0x0000,0x0000,0x0000,0x0000,0x0000,0x0000,0x0000,0x0000,0x0000,
    0x0000,0x0000,0x0000,0x0000,0x0000,0x0000,0x0000,0x0000,0x0000,0x0000,0x0000,0x0000,0x0000,0x0000,0x0000,0x0000,
    0x0000,0x0000,0x0000,0x0000,0x0000,0x0000,0x0000,0x0000,0x0000,0x0000,0x0000,0x0000,0x0000,0x0000,0x0000,0x0000,
    0x0000,0x0000,0x0000,0x0000,0x0000,0x0000,0x0000,0x0000,0x0000,0x0000,0x0000,0x0000,0x0000,0x0000,0x0000,0x0000,
    0x0000,0x0000,0x0000,0x0000,0x0000,0x0000,0x0000,0x0000,0x0000,0x0000,0x0000,0x0000,0x0000,0x0000,0x0000,0x0000,
    0x0000,0x0000,0x0000,0x0000,0x0000,0x0000,0x0000,0x0000,0x0000,0x0000,0x0000,0x0000,0x0000,0x0000,0x0000,0x0000,
    0x0000,0x0000,0x0000,0x0000,0x0000,0x0000,0x0000,0x0000,0x0000,0x0000,0x0000,0x0000,0x0000,0x0000,0x0000,0x0000,
    0x0000,0x0000,0x0000,0x0000,0x0000,0x0000,0x0000,0x0000,0x0000,0x0000,0x0000,0x0000,0x0000,0x0000,0x0000,0x0000,
    0x0000,0x0000,0x0000,0x0000,0x0000,0x0000,0x0000,0x0000,0x0000,0x0000,0x0000,0x0000,0x0000,0x0000,0x0000,0x0000,
    0x0000,0x0000,0x0000,0x0000,0x0000,0x0000,0x0000,0x0000,0x0000,0x0000,0x0000,0x0000,0x0000,0x0000,0x0000,0x0000,
    0x0000,0x0000,0x0000,0x0000,0x0000,0x0000,0x0000,0x0000,0x0000,0x0000,0x0000,0x0000,0x0000,0x0000,0x0000,0x0000,
    0x0000,0x0000,0x0000,0x0000,0x0000,0x0000,0x0000,0x0000,0x0000,0x0000,0x0000,0x0000,0x0000,0x0000,0x0000,0x0000,
    0x0000,0x0000,0x0000,0x0000,0x0000,0x0000,0x0000,0x0000,0x0000,0x0000,0x0000,0x0000,0x0000,0x0000,0x0000,0x0000,
    0x0000,0x0000,0x0000,0x0000,0x0000,0x0000,0x0000,0x0000,0x0000,0x0000,0x0000,0x0000,0x0000,0x0000,0x0000,0x0000,
    0x0000,0x0000,0x0000,0x0000,0x0000,0x0000,0x0000,0x0000,0x0000,0x0000,0x0000,0x0000,0x0000,0x0000,0x0000,0x0000,
    0x0000,0x0000,0x0000,0x0000,0x0000,0x0000,0x0000,0x0000,0x0000,0x0000,0x0000,0x0000,0x0000,0x0000,0x0000,0x0000,
    0x0000,0x0000,0x0000,0x0000,0x0000,0x0000,0x0000,0x0000,0x0000,0x0000,0x0000,0x0000,0x0000,0x0000,0x0000,0x0000,
    0x0000,0x0000,0x0000,0x0000,0x0000,0x0000,0x0000,0x0000,0x0000,0x0000,0x0000,0x0000,0x0000,0x0000,0x0000,0x0000,
    0x0000,0x0000,0x0000,0x0000,0x0000,0x0000,0x0000,0x0000,0x0000,0x0000,0x0000,0x0000,0x0000,0x0000,0x0000,0x0000,
    0x0000,0x0000,0x0000,0x0000,0x0000,0x0000,0x0000,0x0000,0x0000,0x0000,0x0000,0x0000,0x0000,0x0000,0x0000,0x0000,
    0x0000,0x0000,0x0000,0x0000,0x0000,0x0000,0x0000,0x0000,0x0000,0x0000,0x0000,0x0000,0x0000,0x0000,0x0000,0x0000,
    0x0000,0x0000,0x0000,0x0000,0x0000,0x0000,0x0000,0x0000,0x0000,0x0000,0x0000,0x0000,0x0000,0x0000,0x0000,0x0000,
    0x0000,0x0000,0x0000,0x0000,0x0000,0x0000,0x0000,0x0000,0x0000,0x0000,0x0000,0x0000,0x0000,0x0000,0x0000,0x0000,
    0x0000,0x0000,0x0000,0x0000,0x0000,0x0000,0x0000,0x0000,0x0000,0x0000,0x0000,0x0000,0x0000,0x0000,0x0000,0x0000,
    0x0000,0x0000,0x0000,0x0000,0x0000,0x0000,0x0000,0x0000,0x0000,0x0000,0x0000,0x0000,0x0000,0x0000,0x0000,0x0000,
    0x0000,0x0000,0x0000,0x0000,0x0000,0x0000,0x0000,0x0000,0x0000,0x0000,0x0000,0x0000,0x0000,0x0000,0x0000,0x0000,
    0x0000,0x0000,0x0000,0x0000,0x0000,0x0000,0x0000,0x0000,0x0000,0x0000,0x0000,0x0000,0x0000,0x0000,0x0000,0x0000,
    0x0000,0x0000,0x0000,0x0000,0x0000,0x0000,0x0000,0x0000,0x0000,0x0000,0x0000,0x0000,0x0000,0x0000,0x0000,0x0000,
    0x0000,0x0000,0x0000,0x0000,0x0000,0x0000,0x0000,0x0000,0x0000,0x0000,0x0000,0x0000,0x0000,0x0000,0x0000,0x0000,
    0x0000,0x0000,0x0000,0x0000,0x0000,0x0000,0x0000,0x0000,0x0000,0x0000,0x0000,0x0000,0x0000,0x0000,0x0000,0x0000,
    0x0000,0x0000,0x0000,0x0000,0x0000,0x0000,0x0000,0x0000,0x0000,0x0000,0x0000,0x0000,0x0000,0x0000,0x0000,0x0000,
    0x0000,0x0000,0x0000,0x0000,0x0000,0x0000,0x0000,0x0000,0x0000,0x0000,0x0000,0x0000,0x0000,0x0000,0x0000,0x0000,
    0x0000,0x0000,0x0000,0x0000,0x0000,0x0000,0x0000,0x0000,0x0000,0x0000,0x0000,0x0000,0x0000,0x0000,0x0000,0x0000,
    0x0000,0x0000,0x0000,0x0000,0x0000,0x0000,0x0000,0x0000,0x0000,0x0000,0x0000,0x0000,0x0000,0x0000,0x0000,0x0000,
    0x0000,0x0000,0x0000,0x0000,0x0000,0x0000,0x0000,0x0000,0x0000,0x0000,0x0000,0x0000,0x0000,0x0000,0x0000,0x0000,
    0x0000,0x0000,0x0000,0x0000,0x0000,0x0000,0x0000,0x0000,0x0000,0x0000,0x0000,0x0000,0x0000,0x0000,0x0000,0x0000,
    0x0000,0x0000,0x0000,0x0000,0x0000,0x0000,0x0000,0x0000,0x0000,0x0000,0x0000,0x0000,0x0000,0x0000,0x0000,0x0000,
    0x0000,0x0000,0x0000,0x0000,0x0000,0x0000,0x0000,0x0000,0x0000,0x0000,0x0000,0x0000,0x0000,0x0000,0x0000,0x0000,
    0x0000,0x0000,0x0000,0x0000,0x0000,0x0000,0x0000,0x0000,0x0000,0x0000,0x0000,0x0000,0x0000,0x0000,0x0000,0x0000,
    0x0000,0x0000,0x0000,0x0000,0x0000,0x0000,0x0000,0x0000,0x0000,0x0000,0x0000,0x0000,0x0000,0x0000,0x0000,0x0000,
    0x0000,0x0000,0x0000,0x0000,0x0000,0x0000,0x0000,0x0000,0x0000,0x0000,0x0000,0x0000,0x0000,0x0000,0x0000,0x0000,
    0x0000,0x0000,0x0000,0x0000,0x0000,0x0000,0x0000,0x0000,0x0000,0x0000,0x0000,0x0000,0x0000,0x0000,0x0000,0x0000,
    0x0000,0x0000,0x0000,0x0000,0x0000,0x0000,0x0000,0x0000,0x0000,0x0000,0x0000,0x0000,0x0000,0x0000,0x0000,0x0000,
    0x0000,0x0000,0x0000,0x0000,0x0000,0x0000,0x0000,0x0000,0x0000,0x0000,0x0000,0x0000,0x0000,0x0000,0x0000,0x0000,
    0x0000,0x0000,0x0000,0x0000,0x0000,0x0000,0x0000,0x0000,0x0000,0x0000,0x0000,0x0000,0x0000,0x0000,0x0000,0x0000,
    0x0000,0x0000,0x0000,0x0000,0x0000,0x0000,0x0000,0x0000,0x0000,0x0000,0x0000,0x0000,0x0000,0x0000,0x0000,0x0000,
    0x0000,0x0000,0x0000,0x0000,0x0000,0x0000,0x0000,0x0000,0x0000,0x0000,0x0000,0x0000,0x0000,0x0000,0x0000,0x0000,
    0x0000,0x0000,0x0000,0x0000,0x0000,0x0000,0x0000,0x0000,0x0000,0x0000,0x0000,0x0000,0x0000,0x0000,0x0000,0x0000,
    0x0000,0x0000,0x0000,0x0000,0x0000,0x0000,0x0000,0x0000,0x0000,0x0000,0x0000,0x0000,0x0000,0x0000,0x0000,0x0000,
    0x0000,0x0000,0x0000,0x0000,0x0000,0x0000,0x0000,0x0000,0x0000,0x0000,0x0000,0x0000,0x0000,0x0000,0x0000,0x0000,
    0x0000,0x0000,0x0000,0x0000,0x0000,0x0000,0x0000,0x0000,0x0000,0x0000,0x0000,0x0000,0x0000,0x0000,0x0000,0x0000,
    0x0000,0x0000,0x0000,0x0000,0x0000,0x0000,0x0000,0x0000,0x0000,0x0000,0x0000,0x0000,0x0000,0x0000,0x0000,0x0000,
    0x0000,0x0000,0x0000,0x0000,0x0000,0x0000,0x0000,0x0000,0x0000,0x0000,0x0000,0x0000,0x0000,0x0000,0x0000,0x0000,
    0x0000,0x0000,0x0000,0x0000,0x0000,0x0000,0x0000,0x0000,0x0000,0x0000,0x0000,0x0000,0x0000,0x0000,0x0000,0x0000,
    0x0000,0x0000,0x0000,0x0000,0x0000,0x0000,0x0000,0x0000,0x0000,0x0000,0x0000,0x0000,0x0000,0x0000,0x0000,0x0000,
    0x0000,0x0000,0x0000,0x0000,0x0000,0x0000,0x0000,0x0000,0x0000,0x0000,0x0000,0x0000,0x0000,0x0000,0x0000,0x0000,
    0x0000,0x0000,0x0000,0x0000,0x0000,0x0000,0x0000,0x0000,0x0000,0x0000,0x0000,0x0000,0x0000,0x0000,0x0000,0x0000,
    0x0000,0x0000,0x0000,0x0000,0x0000,0x0000,0x0000,0x0000,0x0000,0x0000,0x0000,0x0000,0x0000,0x0000,0x0000,0x0000,
    0x0000,0x0000,0x0000,0x0000,0x0000,0x0000,0x0000,0x0000,0x0000,0x0000,0x0000,0x0000,0x0000,0x0000,0x0000,0x0000,
    0x0000,0x0000,0x0000,0x0000,0x0000,0x0000,0x0000,0x0000,0x0000,0x0000,0x0000,0x0000,0x0000,0x0000,0x0000,0x0000,
    0x0000,0x0000,0x0000,0x0000,0x0000,0x0000,0x0000,0x0000,0x0000,0x0000,0x0000,0x0000,0x0000,0x0000,0x0000,0x0000,
    0x0000,0x0000,0x0000,0x0000,0x0000,0x0000,0x0000,0x0000,0x0000,0x0000,0x0000,0x0000,0x0000,0x0000,0x0000,0x0000,
    0x0000,0x0000,0x0000,0x0000,0x0000,0x0000,0x0000,0x0000,0x0000,0x0000,0x0000,0x0000,0x0000,0x0000,0x0000,0x0000,
    0x0000,0x0000,0x0000,0x0000,0x0000,0x0000,0x0000,0x0000,0x0000,0x0000,0x0000,0x0000,0x0000,0x0000,0x0000,0x0000,
    0x0000,0x0000,0x0000,0x0000,0x0000,0x0000,0x0000,0x0000,0x0000,0x0000,0x0000,0x0000,0x0000,0x0000,0x0000,0x0000,
    0x0000,0x0000,0x0000,0x0000,0x0000,0x0000,0x0000,0x0000,0x0000,0x0000,0x0000,0x0000,0x0000,0x0000,0x0000,0x0000,
    0x0000,0x0000,0x0000,0x0000,0x0000,0x0000,0x0000,0x0000,0x0000,0x0000,0x0000,0x0000,0x0000,0x0000,0x0000,0x0000,
    0x0000,0x0000,0x0000,0x0000,0x0000,0x0000,0x0000,0x0000,0x0000,0x0000,0x0000,0x0000,0x0000,0x0000,0x0000,0x0000,
    0x0000,0x0000,0x0000,0x0000,0x0000,0x0000,0x0000,0x0000,0x0000,0x0000,0x0000,0x0000,0x0000,0x0000,0x0000,0x0000,
    0x0000,0x0000,0x0000,0x0000,0x0000,0x0000,0x0000,0x0000,0x0000,0x0000,0x0000,0x0000,0x0000,0x0000,0x0000,0x0000,
    0x0000,0x0000,0x0000,0x0000,0x0000,0x0000,0x0000,0x0000,0x0000,0x0000,0x0000,0x0000,0x0000,0x0000,0x0000,0x0000,
    0x0000,0x0000,0x0000,0x0000,0x0000,0x0000,0x0000,0x0000,0x0000,0x0000,0x0000,0x0000,0x0000,0x0000,0x0000,0x0000,
    0x0000,0x0000,0x0000,0x0000,0x0000,0x0000,0x0000,0x0000,0x0000,0x0000,0x0000,0x0000,0x0000,0x0000,0x0000,0x0000,
    0x0000,0x0000,0x0000,0x0000,0x0000,0x0000,0x0000,0x0000,0x0000,0x0000,0x0000,0x0000,0x0000,0x0000,0x0000,0x0000,
    0x0000,0x0000,0x0000,0x0000,0x0000,0x0000,0x0000,0x0000,0x0000,0x0000,0x0000,0x0000,0x0000,0x0000,0x0000,0x0000,
    0x0000,0x0000,0x0000,0x0000,0x0000,0x0000,0x0000,0x0000,0x0000,0x0000,0x0000,0x0000,0x0000,0x0000,0x0000,0x0000,
    0x0000,0x0000,0x0000,0x0000,0x0000,0x0000,0x0000,0x0000,0x0000,0x0000,0x0000,0x0000,0x0000,0x0000,0x0000,0x0000,
    0x0000,0x0000,0x0000,0x0000,0x0000,0x0000,0x0000,0x0000,0x0000,0x0000,0x0000,0x0000,0x0000,0x0000,0x0000,0x0000,
    0x0000,0x0000,0x0000,0x0000,0x0000,0x0000,0x0000,0x0000,0x0000,0x0000,0x0000,0x0000,0x0000,0x0000,0x0000,0x0000,
    0x0000,0x0000,0x0000,0x0000,0x0000,0x0000,0x0000,0x0000,0x0000,0x0000,0x0000,0x0000,0x0000,0x0000,0x0000,0x0000,
    0x0000,0x0000,0x0000,0x0000,0x0000,0x0000,0x0000,0x0000,0x0000,0x0000,0x0000,0x0000,0x0000,0x0000,0x0000,0x0000,
    0x0000,0x0000,0x0000,0x0000,0x0000,0x0000,0x0000,0x0000,0x0000,0x0000,0x0000,0x0000,0x0000,0x0000,0x0000,0x0000,
    0x0000,0x0000,0x0000,0x0000,0x0000,0x0000,0x0000,0x0000,0x0000,0x0000,0x0000,0x0000,0x0000,0x0000,0x0000,0x0000,
    0x0000,0x0000,0x0000,0x0000,0x0000,0x0000,0x0000,0x0000,0x0000,0x0000,0x0000,0x0000,0x0000,0x0000,0x0000,0x0000,
    0x0000,0x0000,0x0000,0x0000,0x0000,0x0000,0x0000,0x0000,0x0000,0x0000,0x0000,0x0000,0x0000,0x0000,0x0000,0x0000,
    0x0000,0x0000,0x0000,0x0000,0x0000,0x0000,0x0000,0x0000,0x0000,0x0000,0x0000,0x0000,0x0000,0x0000,0x0000,0x0000,
    0x0000,0x0000,0x0000,0x0000,0x0000,0x0000,0x0000,0x0000,0x0000,0x0000,0x0000,0x0000,0x0000,0x0000,0x0000,0x0000,
    0x0000,0x0000,0x0000,0x0000,0x0000,0x0000,0x0000,0x0000,0x0000,0x0000,0x0000,0x0000,0x0000,0x0000,0x0000,0x0000,
    0x0000,0x0000,0x0000,0x0000,0x0000,0x0000,0x0000,0x0000,0x0000,0x0000,0x0000,0x0000,0x0000,0x0000,0x0000,0x0000,
    0x0000,0x0000,0x0000,0x0000,0x0000,0x0000,0x0000,0x0000,0x0000,0x0000,0x0000,0x0000,0x0000,0x0000,0x0000,0x0000,
    0x0000,0x0000,0x0000,0x0000,0x0000,0x0000,0x0000,0x0000,0x0000,0x0000,0x0000,0x0000,0x0000,0x0000,0x0000,0x0000,
    0x0000,0x0000,0x0000,0x0000,0x0000,0x0000,0x0000,0x0000,0x0000,0x0000,0x0000,0x0000,0x0000,0x0000,0x0000,0x0000,
    0x0000,0x0000,0x0000,0x0000,0x0000,0x0000,0x0000,0x0000,0x0000,0x0000,0x0000,0x0000,0x0000,0x0000,0x0000,0x0000,
    0x0000,0x0000,0x0000,0x0000,0x0000,0x0000,0x0000,0x0000,0x0000,0x0000,0x0000,0x0000,0x0000,0x0000,0x0000,0x0000,
    0x0000,0x0000,0x0000,0x0000,0x0000,0x0000,0x0000,0x0000,0x0000,0x0000,0x0000,0x0000,0x0000,0x0000,0x0000,0x0000,
    0x0000,0x0000,0x0000,0x0000,0x0000,0x0000,0x0000,0x0000,0x0000,0x0000,0x0000,0x0000,0x0000,0x0000,0x0000,0x0000,
    0x0000,0x0000,0x0000,0x0000,0x0000,0x0000,0x0000,0x0000,0x0000,0x0000,0x0000,0x0000,0x0000,0x0000,0x0000,0x0000,
    0x0000,0x0000,0x0000,0x0000,0x0000,0x0000,0x0000,0x0000,0x0000,0x0000,0x0000,0x0000,0x0000,0x0000,0x0000,0x0000,
    0x0000,0x0000,0x0000,0x0000,0x0000,0x0000,0x0000,0x0000,0x0000,0x0000,0x0000,0x0000,0x0000,0x0000,0x0000,0x0000,
    0x0000,0x0000,0x0000,0x0000,0x0000,0x0000,0x0000,0x0000,0x0000,0x0000,0x0000,0x0000,0x0000,0x0000,0x0000,0x0000,
    0x0000,0x0000,0x0000,0x0000,0x0000,0x0000,0x0000,0x0000,0x0000,0x0000,0x0000,0x0000,0x0000,0x0000,0x0000,0x0000,
    0x0000,0x0000,0x0000,0x0000,0x0000,0x0000,0x0000,0x0000,0x0000,0x0000,0x0000,0x0000,0x0000,0x0000,0x0000,0x0000,
    0x0000,0x0000,0x0000,0x0000,0x0000,0x0000,0x0000,0x0000,0x0000,0x0000,0x0000,0x0000,0x0000,0x0000,0x0000,0x0000,
    0x0000,0x0000,0x0000,0x0000,0x0000,0x0000,0x0000,0x0000,0x0000,0x0000,0x0000,0x0000,0x0000,0x0000,0x0000,0x0000,
    0x0000,0x0000,0x0000,0x0000,0x0000,0x0000,0x0000,0x0000,0x0000,0x0000,0x0000,0x0000,0x0000,0x0000,0x0000,0x0000,
    0x0000,0x0000,0x0000,0x0000,0x0000,0x0000,0x0000,0x0000,0x0000,0x0000,0x0000,0x0000,0x0000,0x0000,0x0000,0x0000,
    0x0000,0x0000,0x0000,0x0000,0x0000,0x0000,0x0000,0x0000,0x0000,0x0000,0x0000,0x0000,0x0000,0x0000,0x0000,0x0000,
    0x0000,0x0000,0x0000,0x0000,0x0000,0x0000,0x0000,0x0000,0x0000,0x0000,0x0000,0x0000,0x0000,0x0000,0x0000,0x0000,
    0x0000,0x0000,0x0000,0x0000,0x0000,0x0000,0x0000,0x0000,0x0000,0x0000,0x0000,0x0000,0x0000,0x0000,0x0000,0x0000,
    0x0000,0x0000,0x0000,0x0000,0x0000,0x0000,0x0000,0x0000,0x0000,0x0000,0x0000,0x0000,0x0000,0x0000,0x0000,0x0000,
    0x0000,0x0000,0x0000,0x0000,0x0000,0x0000,0x0000,0x0000,0x0000,0x0000,0x0000,0x0000,0x0000,0x0000,0x0000,0x0000,
    0x0000,0x0000,0x0000,0x0000,0x0000,0x0000,0x0000,0x0000,0x0000,0x0000,0x0000,0x0000,0x0000,0x0000,0x0000,0x0000,
    0x0000,0x0000,0x0000,0x0000,0x0000,0x0000,0x0000,0x0000,0x0000,0x0000,0x0000,0x0000,0x0000,0x0000,0x0000,0x0000,
    0x0000,0x0000,0x0000,0x0000,0x0000,0x0000,0x0000,0x0000,0x0000,0x0000,0x0000,0x0000,0x0000,0x0000,0x0000,0x0000,
    0x0000,0x0000,0x0000,0x0000,0x0000,0x0000,0x0000,0x0000,0x0000,0x0000,0x0000,0x0000,0x0000,0x0000,0x0000,0x0000,
    0x0000,0x0000,0x0000,0x0000,0x0000,0x0000,0x0000,0x0000,0x0000,0x0000,0x0000,0x0000,0x0000,0x0000,0x0000,0x0000,
    0x0000,0x0000,0x0000,0x0000,0x0000,0x0000,0x0000,0x0000,0x0000,0x0000,0x0000,0x0000,0x0000,0x0000,0x0000,0x0000,
    0x0000,0x0000,0x0000,0x0000,0x0000,0x0000,0x0000,0x0000,0x0000,0x0000,0x0000,0x0000,0x0000,0x0000,0x0000,0x0000,
    0x0000,0x0000,0x0000,0x0000,0x0000,0x0000,0x0000,0x0000,0x0000,0x0000,0x0000,0x0000,0x0000,0x0000,0x0000,0x0000,
    0x0000,0x0000,0x0000,0x0000,0x0000,0x0000,0x0000,0x0000,0x0000,0x0000,0x0000,0x0000,0x0000,0x0000,0x0000,0x0000,
    0x0000,0x0000,0x0000,0x0000,0x0000,0x0000,0x0000,0x0000,0x0000,0x0000,0x0000,0x0000,0x0000,0x0000,0x0000,0x0000,
    0x0000,0x0000,0x0000,0x0000,0x0000,0x0000,0x0000,0x0000,0x0000,0x0000,0x0000,0x0000,0x0000,0x0000,0x0000,0x0000,
    0x0000,0x0000,0x0000,0x0000,0x0000,0x0000,0x0000,0x0000,0x0000,0x0000,0x0000,0x0000,0x0000,0x0000,0x0000,0x0000,
    0x0000,0x0000,0x0000,0x0000,0x0000,0x0000,0x0000,0x0000,0x0000,0x0000,0x0000,0x0000,0x0000,0x0000,0x0000,0x0000,
    0x0000,0x0000,0x0000,0x0000,0x0000,0x0000,0x0000,0x0000,0x0000,0x0000,0x0000,0x0000,0x0000,0x0000,0x0000,0x0000,
    0x0000,0x0000,0x0000,0x0000,0x0000,0x0000,0x0000,0x0000,0x0000,0x0000,0x0000,0x0000,0x0000,0x0000,0x0000,0x0000,
    0x0000,0x0000,0x0000,0x0000,0x0000,0x0000,0x0000,0x0000,0x0000,0x0000,0x0000,0x0000,0x0000,0x0000,0x0000,0x0000,
    0x0000,0x0000,0x0000,0x0000,0x0000,0x0000,0x0000,0x0000,0x0000,0x0000,0x0000,0x0000,0x0000,0x0000,0x0000,0x0000,
    0x0000,0x0000,0x0000,0x0000,0x0000,0x0000,0x0000,0x0000,0x0000,0x0000,0x0000,0x0000,0x0000,0x0000,0x0000,0x0000,
    0x0000,0x0000,0x0000,0x0000,0x0000,0x0000,0x0000,0x0000,0x0000,0x0000,0x0000,0x0000,0x0000,0x0000,0x0000,0x0000,
    0x0000,0x0000,0x0000,0x0000,0x0000,0x0000,0x0000,0x0000,0x0000,0x0000,0x0000,0x0000,0x0000,0x0000,0x0000,0x0000,
    0x0000,0x0000,0x0000,0x0000,0x0000,0x0000,0x0000,0x0000,0x0000,0x0000,0x0000,0x0000,0x0000,0x0000,0x0000,0x0000,
    0x0000,0x0000,0x0000,0x0000,0x0000,0x0000,0x0000,0x0000,0x0000,0x0000,0x0000,0x0000,0x0000,0x0000,0x0000,0x0000,
    0x0000,0x0000,0x0000,0x0000,0x0000,0x0000,0x0000,0x0000,0x0000,0x0000,0x0000,0x0000,0x0000,0x0000,0x0000,0x0000,
    0x0000,0x0000,0x0000,0x0000,0x0000,0x0000,0x0000,0x0000,0x0000,0x0000,0x0000,0x0000,0x0000,0x0000,0x0000,0x0000,
    0x0000,0x0000,0x0000,0x0000,0x0000,0x0000,0x0000,0x0000,0x0000,0x0000,0x0000,0x0000,0x0000,0x0000,0x0000,0x0000,
    0x0000,0x0000,0x0000,0x0000,0x0000,0x0000,0x0000,0x0000,0x0000,0x0000,0x0000,0x0000,0x0000,0x0000,0x0000,0x0000,
    0x0000,0x0000,0x0000,0x0000,0x0000,0x0000,0x0000,0x0000,0x0000,0x0000,0x0000,0x0000,0x0000,0x0000,0x0000,0x0000,
    0x0000,0x0000,0x0000,0x0000,0x0000,0x0000,0x0000,0x0000,0x0000,0x0000,0x0000,0x0000,0x0000,0x0000,0x0000,0x0000,
    0x0000,0x0000,0x0000,0x0000,0x0000,0x0000,0x0000,0x0000,0x0000,0x0000,0x0000,0x0000,0x0000,0x0000,0x0000,0x0000,
    0x0000,0x0000,0x0000,0x0000,0x0000,0x0000,0x0000,0x0000,0x0000,0x0000,0x0000,0x0000,0x0000,0x0000,0x0000,0x0000,
    0x0000,0x0000,0x0000,0x0000,0x0000,0x0000,0x0000,0x0000,0x0000,0x0000,0x0000,0x0000,0x0000,0x0000,0x0000,0x0000,
    0x0000,0x0000,0x0000,0x0000,0x0000,0x0000,0x0000,0x0000,0x0000,0x0000,0x0000,0x0000,0x0000,0x0000,0x0000,0x0000,
    0x0000,0x0000,0x0000,0x0000,0x0000,0x0000,0x0000,0x0000,0x0000,0x0000,0x0000,0x0000,0x0000,0x0000,0x0000,0x0000,
    0x0000,0x0000,0x0000,0x0000,0x0000,0x0000,0x0000,0x0000,0x0000,0x0000,0x0000,0x0000,0x0000,0x0000,0x0000,0x0000,
    0x0000,0x0000,0x0000,0x0000,0x0000,0x0000,0x0000,0x0000,0x0000,0x0000,0x0000,0x0000,0x0000,0x0000,0x0000,0x0000,
    0x0000,0x0000,0x0000,0x0000,0x0000,0x0000,0x0000,0x0000,0x0000,0x0000,0x0000,0x0000,0x0000,0x0000,0x0000,0x0000,
    0x0000,0x0000,0x0000,0x0000,0x0000,0x0000,0x0000,0x0000,0x0000,0x0000,0x0000,0x0000,0x0000,0x0000,0x0000,0x0000,
    0x0000,0x0000,0x0000,0x0000,0x0000,0x0000,0x0000,0x0000,0x0000,0x0000,0x0000,0x0000,0x0000,0x0000,0x0000,0x0000,
    0x0000,0x0000,0x0000,0x0000,0x0000,0x0000,0x0000,0x0000,0x0000,0x0000,0x0000,0x0000,0x0000,0x0000,0x0000,0x0000,
    0x0000,0x0000,0x0000,0x0000,0x0000,0x0000,0x0000,0x0000,0x0000,0x0000,0x0000,0x0000,0x0000,0x0000,0x0000,0x0000,
    0x0000,0x0000,0x0000,0x0000,0x0000,0x0000,0x0000,0x0000,0x0000,0x0000,0x0000,0x0000,0x0000,0x0000,0x0000,0x0000,
    0x0000,0x0000,0x0000,0x0000,0x0000,0x0000,0x0000,0x0000,0x0000,0x0000,0x0000,0x0000,0x0000,0x0000,0x0000,0x0000,
    0x0000,0x0000,0x0000,0x0000,0x0000,0x0000,0x0000,0x0000,0x0000,0x0000,0x0000,0x0000,0x0000,0x0000,0x0000,0x0000,
    0x0000,0x0000,0x0000,0x0000,0x0000,0x0000,0x0000,0x0000,0x0000,0x0000,0x0000,0x0000,0x0000,0x0000,0x0000,0x0000,
    0x0000,0x0000,0x0000,0x0000,0x0000,0x0000,0x0000,0x0000,0x0000,0x0000,0x0000,0x0000,0x0000,0x0000,0x0000,0x0000,
    0x0000,0x0000,0x0000,0x0000,0x0000,0x0000,0x0000,0x0000,0x0000,0x0000,0x0000,0x0000,0x0000,0x0000,0x0000,0x0000,
    0x0000,0x0000,0x0000,0x0000,0x0000,0x0000,0x0000,0x0000,0x0000,0x0000,0x0000,0x0000,0x0000,0x0000,0x0000,0x0000,
    0x0000,0x0000,0x0000,0x0000,0x0000,0x0000,0x0000,0x0000,0x0000,0x0000,0x0000,0x0000,0x0000,0x0000,0x0000,0x0000,
    0x0000,0x0000,0x0000,0x0000,0x0000,0x0000,0x0000,0x0000,0x0000,0x0000,0x0000,0x0000,0x0000,0x0000,0x0000,0x0000,
    0x0000,0x0000,0x0000,0x0000,0x0000,0x0000,0x0000,0x0000,0x0000,0x0000,0x0000,0x0000,0x0000,0x0000,0x0000,0x0000,
    0x0000,0x0000,0x0000,0x0000,0x0000,0x0000,0x0000,0x0000,0x0000,0x0000,0x0000,0x0000,0x0000,0x0000,0x0000,0x0000,
    0x0000,0x0000,0x0000,0x0000,0x0000,0x0000,0x0000,0x0000,0x0000,0x0000,0x0000,0x0000,0x0000,0x0000,0x0000,0x0000,
    0x0000,0x0000,0x0000,0x0000,0x0000,0x0000,0x0000,0x0000,0x0000,0x0000,0x0000,0x0000,0x0000,0x0000,0x0000,0x0000,
    0x0000,0x0000,0x0000,0x0000,0x0000,0x0000,0x0000,0x0000,0x0000,0x0000,0x0000,0x0000,0x0000,0x0000,0x0000,0x0000,
    0x0000,0x0000,0x0000,0x0000,0x0000,0x0000,0x0000,0x0000,0x0000,0x0000,0x0000,0x0000,0x0000,0x0000,0x0000,0x0000,
    0x0000,0x0000,0x0000,0x0000,0x0000,0x0000,0x0000,0x0000,0x0000,0x0000,0x0000,0x0000,0x0000,0x0000,0x0000,0x0000,
    0x0000,0x0000,0x0000,0x0000,0x0000,0x0000,0x0000,0x0000,0x0000,0x0000,0x0000,0x0000,0x0000,0x0000,0x0000,0x0000,
    0x0000,0x0000,0x0000,0x0000,0x0000,0x0000,0x0000,0x0000,0x0000,0x0000,0x0000,0x0000,0x0000,0x0000,0x0000,0x0000,
    0x0000,0x0000,0x0000,0x0000,0x0000,0x0000,0x0000,0x0000,0x0000,0x0000,0x0000,0x0000,0x0000,0x0000,0x0000,0x0000,
    0x0000,0x0000,0x0000,0x0000,0x0000,0x0000,0x0000,0x0000,0x0000,0x0000,0x0000,0x0000,0x0000,0x0000,0x0000,0x0000,
    0x0000,0x0000,0x0000,0x0000,0x0000,0x0000,0x0000,0x0000,0x0000,0x0000,0x0000,0x0000,0x0000,0x0000,0x0000,0x0000,
    0x0000,0x0000,0x0000,0x0000,0x0000,0x0000,0x0000,0x0000,0x0000,0x0000,0x0000,0x0000,0x0000,0x0000,0x0000,0x0000,
    0x0000,0x0000,0x0000,0x0000,0x0000,0x0000,0x0000,0x0000,0x0000,0x0000,0x0000,0x0000,0x0000,0x0000,0x0000,0x0000,
    0x0000,0x0000,0x0000,0x0000,0x0000,0x0000,0x0000,0x0000,0x0000,0x0000,0x0000,0x0000,0x0000,0x0000,0x0000,0x0000,
    0x0000,0x0000,0x0000,0x0000,0x0000,0x0000,0x0000,0x0000,0x0000,0x0000,0x0000,0x0000,0x0000,0x0000,0x0000,0x0000,
    0x0000,0x0000,0x0000,0x0000,0x0000,0x0000,0x0000,0x0000,0x0000,0x0000,0x0000,0x0000,0x0000,0x0000,0x0000,0x0000,
    0x0000,0x0000,0x0000,0x0000,0x0000,0x0000,0x0000,0x0000,0x0000,0x0000,0x0000,0x0000,0x0000,0x0000,0x0000,0x0000,
    0x0000,0x0000,0x0000,0x0000,0x0000,0x0000,0x0000,0x0000,0x0000,0x0000,0x0000,0x0000,0x0000,0x0000,0x0000,0x0000,
    0x0000,0x0000,0x0000,0x0000,0x0000,0x0000,0x0000,0x0000,0x0000,0x0000,0x0000,0x0000,0x0000,0x0000,0x0000,0x0000,
    0x0000,0x0000,0x0000,0x0000,0x0000,0x0000,0x0000,0x0000,0x0000,0x0000,0x0000,0x0000,0x0000,0x0000,0x0000,0x0000,
    0x0000,0x0000,0x0000,0x0000,0x0000,0x0000,0x0000,0x0000,0x0000,0x0000,0x0000,0x0000,0x0000,0x0000,0x0000,0x0000,
    0x0000,0x0000,0x0000,0x0000,0x0000,0x0000,0x0000,0x0000,0x0000,0x0000,0x0000,0x0000,0x0000,0x0000,0x0000,0x0000,
    0x0000,0x0000,0x0000,0x0000,0x0000,0x0000,0x0000,0x0000,0x0000,0x0000,0x0000,0x0000,0x0000,0x0000,0x0000,0x0000,
    0x0000,0x0000,0x0000,0x0000,0x0000,0x0000,0x0000,0x0000,0x0000,0x0000,0x0000,0x0000,0x0000,0x0000,0x0000,0x0000,
    0x0000,0x0000,0x0000,0x0000,0x0000,0x0000,0x0000,0x0000,0x0000,0x0000,0x0000,0x0000,0x0000,0x0000,0x0000,0x0000,
    0x0000,0x0000,0x0000,0x0000,0x0000,0x0000,0x0000,0x0000,0x0000,0x0000,0x0000,0x0000,0x0000,0x0000,0x0000,0x0000,
    0x0000,0x0000,0x0000,0x0000,0x0000,0x0000,0x0000,0x0000,0x0000,0x0000,0x0000,0x0000,0x0000,0x0000,0x0000,0x0000,
    0x0000,0x0000,0x0000,0x0000,0x0000,0x0000,0x0000,0x0000,0x0000,0x0000,0x0000,0x0000,0x0000,0x0000,0x0000,0x0000,
    0x0000,0x0000,0x0000,0x0000,0x0000,0x0000,0x0000,0x0000,0x0000,0x0000,0x0000,0x0000,0x0000,0x0000,0x0000,0x0000,
    0x0000,0x0000,0x0000,0x0000,0x0000,0x0000,0x0000,0x0000,0x0000,0x0000,0x0000,0x0000,0x0000,0x0000,0x0000,0x0000,
    0x0000,0x0000,0x0000,0x0000,0x0000,0x0000,0x0000,0x0000,0x0000,0x0000,0x0000,0x0000,0x0000,0x0000,0x0000,0x0000,
    0x0000,0x0000,0x0000,0x0000,0x0000,0x0000,0x0000,0x0000,0x0000,0x0000,0x0000,0x0000,0x0000,0x0000,0x0000,0x0000,
    0x0000,0x0000,0x0000,0x0000,0x0000,0x0000,0x0000,0x0000,0x0000,0x0000,0x0000,0x0000,0x0000,0x0000,0x0000,0x0000,
    0x0000,0x0000,0x0000,0x0000,0x0000,0x0000,0x0000,0x0000,0x0000,0x0000,0x0000,0x0000,0x0000,0x0000,0x0000,0x0000,
    0x0000,0x0000,0x0000,0x0000,0x0000,0x0000,0x0000,0x0000,0x0000,0x0000,0x0000,0x0000,0x0000,0x0000,0x0000,0x0000,
    0x0000,0x0000,0x0000,0x0000,0x0000,0x0000,0x0000,0x0000,0x0000,0x0000,0x0000,0x0000,0x0000,0x0000,0x0000,0x0000,
    0x0000,0x0000,0x0000,0x0000,0x0000,0x0000,0x0000,0x0000,0x0000,0x0000,0x0000,0x0000,0x0000,0x0000,0x0000,0x0000,
    0x0000,0x0000,0x0000,0x0000,0x0000,0x0000,0x0000,0x0000,0x0000,0x0000,0x0000,0x0000,0x0000,0x0000,0x0000,0x0000,
    0x0000,0x0000,0x0000,0x0000,0x0000,0x0000,0x0000,0x0000,0x0000,0x0000,0x0000,0x0000,0x0000,0x0000,0x0000,0x0000,
    0x0000,0x0000,0x0000,0x0000,0x0000,0x0000,0x0000,0x0000,0x0000,0x0000,0x0000,0x0000,0x0000,0x0000,0x0000,0x0000,
    0x0000,0x0000,0x0000,0x0000,0x0000,0x0000,0x0000,0x0000,0x0000,0x0000,0x0000,0x0000,0x0000,0x0000,0x0000,0x0000,
    0x0000,0x0000,0x0000,0x0000,0x0000,0x0000,0x0000,0x0000,0x0000,0x0000,0x0000,0x0000,0x0000,0x0000,0x0000,0x0000,
    0x0000,0x0000,0x0000,0x0000,0x0000,0x0000,0x0000,0x0000,0x0000,0x0000,0x0000,0x0000,0x0000,0x0000,0x0000,0x0000,
    0x0000,0x0000,0x0000,0x0000,0x0000,0x0000,0x0000,0x0000,0x0000,0x0000,0x0000,0x0000,0x0000,0x0000,0x0000,0x0000,
    0x0000,0x0000,0x0000,0x0000,0x0000,0x0000,0x0000,0x0000,0x0000,0x0000,0x0000,0x0000,0x0000,0x0000,0x0000,0x0000,
    0x0000,0x0000,0x0000,0x0000,0x0000,0x0000,0x0000,0x0000,0x0000,0x0000,0x0000,0x0000,0x0000,0x0000,0x0000,0x0000,
    0x0000,0x0000,0x0000,0x0000,0x0000,0x0000,0x0000,0x0000,0x0000,0x0000,0x0000,0x0000,0x0000,0x0000,0x0000,0x0000,
    0x0000,0x0000,0x0000,0x0000,0x0000,0x0000,0x0000,0x0000,0x0000,0x0000,0x0000,0x0000,0x0000,0x0000,0x0000,0x0000,
    0x0000,0x0000,0x0000,0x0000,0x0000,0x0000,0x0000,0x0000,0x0000,0x0000,0x0000,0x0000,0x0000,0x0000,0x0000,0x0000,
    0x0000,0x0000,0x0000,0x0000,0x0000,0x0000,0x0000,0x0000,0x0000,0x0000,0x0000,0x0000,0x0000,0x0000,0x0000,0x0000,
    0x0000,0x0000,0x0000,0x0000,0x0000,0x0000,0x0000,0x0000,0x0000,0x0000,0x0000,0x0000,0x0000,0x0000,0x0000,0x0000,
    0x0000,0x0000,0x0000,0x0000,0x0000,0x0000,0x0000,0x0000,0x0000,0x0000,0x0000,0x0000,0x0000,0x0000,0x0000,0x0000,
    0x0000,0x0000,0x0000,0x0000,0x0000,0x0000,0x0000,0x0000,0x0000,0x0000,0x0000,0x0000,0x0000,0x0000,0x0000,0x0000,
    0x0000,0x0000,0x0000,0x0000,0x0000,0x0000,0x0000,0x0000,0x0000,0x0000,0x0000,0x0000,0x0000,0x0000,0x0000,0x0000,
    0x0000,0x0000,0x0000,0x0000,0x0000,0x0000,0x0000,0x0000,0x0000,0x0000,0x0000,0x0000,0x0000,0x0000,0x0000,0x0000,
    0x0000,0x0000,0x0000,0x0000,0x0000,0x0000,0x0000,0x0000,0x0000,0x0000,0x0000,0x0000,0x0000,0x0000,0x0000,0x0000,
    0x0000,0x0000,0x0000,0x0000,0x0000,0x0000,0x0000,0x0000,0x0000,0x0000,0x0000,0x0000,0x0000,0x0000,0x0000,0x0000,
    0x0000,0x0000,0x0000,0x0000,0x0000,0x0000,0x0000,0x0000,0x0000,0x0000,0x0000,0x0000,0x0000,0x0000,0x0000,0x0000,
    0x0000,0x0000,0x0000,0x0000,0x0000,0x0000,0x0000,0x0000,0x0000,0x0000,0x0000,0x0000,0x0000,0x0000,0x0000,0x0000,
    0x0000,0x0000,0x0000,0x0000,0x0000,0x0000,0x0000,0x0000,0x0000,0x0000,0x0000,0x0000,0x0000,0x0000,0x0000,0x0000,
    0x0000,0x0000,0x0000,0x0000,0x0000,0x0000,0x0000,0x0000,0x0000,0x0000,0x0000,0x0000,0x0000,0x0000,0x0000,0x0000,
    0x0000,0x0000,0x0000,0x0000,0x0000,0x0000,0x0000,0x0000,0x0000,0x0000,0x0000,0x0000,0x0000,0x0000,0x0000,0x0000,
    0x0000,0x0000,0x0000,0x0000,0x0000,0x0000,0x0000,0x0000,0x0000,0x0000,0x0000,0x0000,0x0000,0x0000,0x0000,0x0000,
    0x0000,0x0000,0x0000,0x0000,0x0000,0x0000,0x0000,0x0000,0x0000,0x0000,0x0000,0x0000,0x0000,0x0000,0x0000,0x0000,
    0x0000,0x0000,0x0000,0x0000,0x0000,0x0000,0x0000,0x0000,0x0000,0x0000,0x0000,0x0000,0x0000,0x0000,0x0000,0x0000,
    0x0000,0x0000,0x0000,0x0000,0x0000,0x0000,0x0000,0x0000,0x0000,0x0000,0x0000,0x0000,0x0000,0x0000,0x0000,0x0000,
    0x0000,0x0000,0x0000,0x0000,0x0000,0x0000,0x0000,0x0000,0x0000,0x0000,0x0000,0x0000,0x0000,0x0000,0x0000,0x0000,
    0x0000,0x0000,0x0000,0x0000,0x0000,0x0000,0x0000,0x0000,0x0000,0x0000,0x0000,0x0000,0x0000,0x0000,0x0000,0x0000,
    0x0000,0x0000,0x0000,0x0000,0x0000,0x0000,0x0000,0x0000,0x0000,0x0000,0x0000,0x0000,0x0000,0x0000,0x0000,0x0000,
    0x0000,0x0000,0x0000,0x0000,0x0000,0x0000,0x0000,0x0000,0x0000,0x0000,0x0000,0x0000,0x0000,0x0000,0x0000,0x0000,
    0x0000,0x0000,0x0000,0x0000,0x0000,0x0000,0x0000,0x0000,0x0000,0x0000,0x0000,0x0000,0x0000,0x0000,0x0000,0x0000,
    0x0000,0x0000,0x0000,0x0000,0x0000,0x0000,0x0000,0x0000,0x0000,0x0000,0x0000,0x0000,0x0000,0x0000,0x0000,0x0000,
    0x0000,0x0000,0x0000,0x0000,0x0000,0x0000,0x0000,0x0000,0x0000,0x0000,0x0000,0x0000,0x0000,0x0000,0x0000,0x0000,
    0x0000,0x0000,0x0000,0x0000,0x0000,0x0000,0x0000,0x0000,0x0000,0x0000,0x0000,0x0000,0x0000,0x0000,0x0000,0x0000,
    0x0000,0x0000,0x0000,0x0000,0x0000,0x0000,0x0000,0x0000,0x0000,0x0000,0x0000,0x0000,0x0000,0x0000,0x0000,0x0000,
    0x0000,0x0000,0x0000,0x0000,0x0000,0x0000,0x0000,0x0000,0x0000,0x0000,0x0000,0x0000,0x0000,0x0000,0x0000,0x0000,
    0x0000,0x0000,0x0000,0x0000,0x0000,0x0000,0x0000,0x0000,0x0000,0x0000,0x0000,0x0000,0x0000,0x0000,0x0000,0x0000,
    0x0000,0x0000,0x0000,0x0000,0x0000,0x0000,0x0000,0x0000,0x0000,0x0000,0x0000,0x0000,0x0000,0x0000,0x0000,0x0000,
    0x0000,0x0000,0x0000,0x0000,0x0000,0x0000,0x0000,0x0000,0x0000,0x0000,0x0000,0x0000,0x0000,0x0000,0x0000,0x0000,
    0x0000,0x0000,0x0000,0x0000,0x0000,0x0000,0x0000,0x0000,0x0000,0x0000,0x0000,0x0000,0x0000,0x0000,0x0000,0x0000,
    0x0000,0x0000,0x0000,0x0000,0x0000,0x0000,0x0000,0x0000,0x0000,0x0000,0x0000,0x0000,0x0000,0x0000,0x0000,0x0000,
    0x0000,0x0000,0x0000,0x0000,0x0000,0x0000,0x0000,0x0000,0x0000,0x0000,0x0000,0x0000,0x0000,0x0000,0x0000,0x0000,
    0x0000,0x0000,0x0000,0x0000,0x0000,0x0000,0x0000,0x0000,0x0000,0x0000,0x0000,0x0000,0x0000,0x0000,0x0000,0x0000,
    0x0000,0x0000,0x0000,0x0000,0x0000,0x0000,0x0000,0x0000,0x0000,0x0000,0x0000,0x0000,0x0000,0x0000,0x0000,0x0000,
    0x0000,0x0000,0x0000,0x0000,0x0000,0x0000,0x0000,0x0000,0x0000,0x0000,0x0000,0x0000,0x0000,0x0000,0x0000,0x0000,
    0x0000,0x0000,0x0000,0x0000,0x0000,0x0000,0x0000,0x0000,0x0000,0x0000,0x0000,0x0000,0x0000,0x0000,0x0000,0x0000,
    0x0000,0x0000,0x0000,0x0000,0x0000,0x0000,0x0000,0x0000,0x0000,0x0000,0x0000,0x0000,0x0000,0x0000,0x0000,0x0000,
    0x0000,0x0000,0x0000,0x0000,0x0000,0x0000,0x0000,0x0000,0x0000,0x0000,0x0000,0x0000,0x0000,0x0000,0x0000,0x0000,
    0x0000,0x0000,0x0000,0x0000,0x0000,0x0000,0x0000,0x0000,0x0000,0x0000,0x0000,0x0000,0x0000,0x0000,0x0000,0x0000,
    0x0000,0x0000,0x0000,0x0000,0x0000,0x0000,0x0000,0x0000,0x0000,0x0000,0x0000,0x0000,0x0000,0x0000,0x0000,0x0000,
    0x0000,0x0000,0x0000,0x0000,0x0000,0x0000,0x0000,0x0000,0x0000,0x0000,0x0000,0x0000,0x0000,0x0000,0x0000,0x0000,
    0x0000,0x0000,0x0000,0x0000,0x0000,0x0000,0x0000,0x0000,0x0000,0x0000,0x0000,0x0000,0x0000,0x0000,0x0000,0x0000,
    0x0000,0x0000,0x0000,0x0000,0x0000,0x0000,0x0000,0x0000,0x0000,0x0000,0x0000,0x0000,0x0000,0x0000,0x0000,0x0000,
    0x0000,0x0000,0x0000,0x0000,0x0000,0x0000,0x0000,0x0000,0x0000,0x0000,0x0000,0x0000,0x0000,0x0000,0x0000,0x0000,
    0x0000,0x0000,0x0000,0x0000,0x0000,0x0000,0x0000,0x0000,0x0000,0x0000,0x0000,0x0000,0x0000,0x0000,0x0000,0x0000,
    0x0000,0x0000,0x0000,0x0000,0x0000,0x0000,0x0000,0x0000,0x0000,0x0000,0x0000,0x0000,0x0000,0x0000,0x0000,0x0000,
    0x0000,0x0000,0x0000,0x0000,0x0000,0x0000,0x0000,0x0000,0x0000,0x0000,0x0000,0x0000,0x0000,0x0000,0x0000,0x0000,
    0x0000,0x0000,0x0000,0x0000,0x0000,0x0000,0x0000,0x0000,0x0000,0x0000,0x0000,0x0000,0x0000,0x0000,0x0000,0x0000,
    0x0000,0x0000,0x0000,0x0000,0x0000,0x0000,0x0000,0x0000,0x0000,0x0000,0x0000,0x0000,0x0000,0x0000,0x0000,0x0000,
    0x0000,0x0000,0x0000,0x0000,0x0000,0x0000,0x0000,0x0000,0x0000,0x0000,0x0000,0x0000,0x0000,0x0000,0x0000,0x0000,
    0x0000,0x0000,0x0000,0x0000,0x0000,0x0000,0x0000,0x0000,0x0000,0x0000,0x0000,0x0000,0x0000,0x0000,0x0000,0x0000,
    0x0000,0x0000,0x0000,0x0000,0x0000,0x0000,0x0000,0x0000,0x0000,0x0000,0x0000,0x0000,0x0000,0x0000,0x0000,0x0000,
    0x0000,0x0000,0x0000,0x0000,0x0000,0x0000,0x0000,0x0000,0x0000,0x0000,0x0000,0x0000,0x0000,0x0000,0x0000,0x0000,
    0x0000,0x0000,0x0000,0x0000,0x0000,0x0000,0x0000,0x0000,0x0000,0x0000,0x0000,0x0000,0x0000,0x0000,0x0000,0x0000,
    0x0000,0x0000,0x0000,0x0000,0x0000,0x0000,0x0000,0x0000,0x0000,0x0000,0x0000,0x0000,0x0000,0x0000,0x0000,0x0000,
    0x0000,0x0000,0x0000,0x0000,0x0000,0x0000,0x0000,0x0000,0x0000,0x0000,0x0000,0x0000,0x0000,0x0000,0x0000,0x0000,
    0x0000,0x0000,0x0000,0x0000,0x0000,0x0000,0x0000,0x0000,0x0000,0x0000,0x0000,0x0000,0x0000,0x0000,0x0000,0x0000,
    0x0000,0x0000,0x0000,0x0000,0x0000,0x0000,0x0000,0x0000,0x0000,0x0000,0x0000,0x0000,0x0000,0x0000,0x0000,0x0000,
    0x0000,0x0000,0x0000,0x0000,0x0000,0x0000,0x0000,0x0000,0x0000,0x0000,0x0000,0x0000,0x0000,0x0000,0x0000,0x0000,
    0x0000,0x0000,0x0000,0x0000,0x0000,0x0000,0x0000,0x0000,0x0000,0x0000,0x0000,0x0000,0x0000,0x0000,0x0000,0x0000,
    0x0000,0x0000,0x0000,0x0000,0x0000,0x0000,0x0000,0x0000,0x0000,0x0000,0x0000,0x0000,0x0000,0x0000,0x0000,0x0000,
    0x0000,0x0000,0x0000,0x0000,0x0000,0x0000,0x0000,0x0000,0x0000,0x0000,0x0000,0x0000,0x0000,0x0000,0x0000,0x0000,
    0x0000,0x0000,0x0000,0x0000,0x0000,0x0000,0x0000,0x0000,0x0000,0x0000,0x0000,0x0000,0x0000,0x0000,0x0000,0x0000,
    0x0000,0x0000,0x0000,0x0000,0x0000,0x0000,0x0000,0x0000,0x0000,0x0000,0x0000,0x0000,0x0000,0x0000,0x0000,0x0000,
    0x0000,0x0000,0x0000,0x0000,0x0000,0x0000,0x0000,0x0000,0x0000,0x0000,0x0000,0x0000,0x0000,0x0000,0x0000,0x0000,
    0x0000,0x0000,0x0000,0x0000,0x0000,0x0000,0x0000,0x0000,0x0000,0x0000,0x0000,0x0000,0x0000,0x0000,0x0000,0x0000,
    0x0000,0x0000,0x0000,0x0000,0x0000,0x0000,0x0000,0x0000,0x0000,0x0000,0x0000,0x0000,0x0000,0x0000,0x0000,0x0000,
    0x0000,0x0000,0x0000,0x0000,0x0000,0x0000,0x0000,0x0000,0x0000,0x0000,0x0000,0x0000,0x0000,0x0000,0x0000,0x0000,
    0x0000,0x0000,0x0000,0x0000,0x0000,0x0000,0x0000,0x0000,0x0000,0x0000,0x0000,0x0000,0x0000,0x0000,0x0000,0x0000,
    0x0000,0x0000,0x0000,0x0000,0x0000,0x0000,0x0000,0x0000,0x0000,0x0000,0x0000,0x0000,0x0000,0x0000,0x0000,0x0000,
    0x0000,0x0000,0x0000,0x0000,0x0000,0x0000,0x0000,0x0000,0x0000,0x0000,0x0000,0x0000,0x0000,0x0000,0x0000,0x0000,
    0x0000,0x0000,0x0000,0x0000,0x0000,0x0000,0x0000,0x0000,0x0000,0x0000,0x0000,0x0000,0x0000,0x0000,0x0000,0x0000,
    0x0000,0x0000,0x0000,0x0000,0x0000,0x0000,0x0000,0x0000,0x0000,0x0000,0x0000,0x0000,0x0000,0x0000,0x0000,0x0000,
    0x0000,0x0000,0x0000,0x0000,0x0000,0x0000,0x0000,0x0000,0x0000,0x0000,0x0000,0x0000,0x0000,0x0000,0x0000,0x0000,
    0x0000,0x0000,0x0000,0x0000,0x0000,0x0000,0x0000,0x0000,0x0000,0x0000,0x0000,0x0000,0x0000,0x0000,0x0000,0x0000,
    0x0000,0x0000,0x0000,0x0000,0x0000,0x0000,0x0000,0x0000,0x0000,0x0000,0x0000,0x0000,0x0000,0x0000,0x0000,0x0000,
    0x0000,0x0000,0x0000,0x0000,0x0000,0x0000,0x0000,0x0000,0x0000,0x0000,0x0000,0x0000,0x0000,0x0000,0x0000,0x0000,
    0x0000,0x0000,0x0000,0x0000,0x0000,0x0000,0x0000,0x0000,0x0000,0x0000,0x0000,0x0000,0x0000,0x0000,0x0000,0x0000,
    0x0000,0x0000,0x0000,0x0000,0x0000,0x0000,0x0000,0x0000,0x0000,0x0000,0x0000,0x0000,0x0000,0x0000,0x0000,0x0000,
    0x0000,0x0000,0x0000,0x0000,0x0000,0x0000,0x0000,0x0000,0x0000,0x0000,0x0000,0x0000,0x0000,0x0000,0x0000,0x0000,
    0x0000,0x0000,0x0000,0x0000,0x0000,0x0000,0x0000,0x0000,0x0000,0x0000,0x0000,0x0000,0x0000,0x0000,0x0000,0x0000,
    0x0000,0x0000,0x0000,0x0000,0x0000,0x0000,0x0000,0x0000,0x0000,0x0000,0x0000,0x0000,0x0000,0x0000,0x0000,0x0000,
    0x0000,0x0000,0x0000,0x0000,0x0000,0x0000,0x0000,0x0000,0x0000,0x0000,0x0000,0x0000,0x0000,0x0000,0x0000,0x0000,
    0x0000,0x0000,0x0000,0x0000,0x0000,0x0000,0x0000,0x0000,0x0000,0x0000,0x0000,0x0000,0x0000,0x0000,0x0000,0x0000,
    0x0000,0x0000,0x0000,0x0000,0x0000,0x0000,0x0000,0x0000,0x0000,0x0000,0x0000,0x0000,0x0000,0x0000,0x0000,0x0000,
    0x0000,0x0000,0x0000,0x0000,0x0000,0x0000,0x0000,0x0000,0x0000,0x0000,0x0000,0x0000,0x0000,0x0000,0x0000,0x0000,
    0x0000,0x0000,0x0000,0x0000,0x0000,0x0000,0x0000,0x0000,0x0000,0x0000,0x0000,0x0000,0x0000,0x0000,0x0000,0x0000,
    0x0000,0x0000,0x0000,0x0000,0x0000,0x0000,0x0000,0x0000,0x0000,0x0000,0x0000,0x0000,0x0000,0x0000,0x0000,0x0000,
    0x0000,0x0000,0x0000,0x0000,0x0000,0x0000,0x0000,0x0000,0x0000,0x0000,0x0000,0x0000,0x0000,0x0000,0x0000,0x0000,
    0x0000,0x0000,0x0000,0x0000,0x0000,0x0000,0x0000,0x0000,0x0000,0x0000,0x0000,0x0000,0x0000,0x0000,0x0000,0x0000,
    0x0000,0x0000,0x0000,0x0000,0x0000,0x0000,0x0000,0x0000,0x0000,0x0000,0x0000,0x0000,0x0000,0x0000,0x0000,0x0000,
    0x0000,0x0000,0x0000,0x0000,0x0000,0x0000,0x0000,0x0000,0x0000,0x0000,0x0000,0x0000,0x0000,0x0000,0x0000,0x0000,
    0x0000,0x0000,0x0000,0x0000,0x0000,0x0000,0x0000,0x0000,0x0000,0x0000,0x0000,0x0000,0x0000,0x0000,0x0000,0x0000,
    0x0000,0x0000,0x0000,0x0000,0x0000,0x0000,0x0000,0x0000,0x0000,0x0000,0x0000,0x0000,0x0000,0x0000,0x0000,0x0000,
    0x0000,0x0000,0x0000,0x0000,0x0000,0x0000,0x0000,0x0000,0x0000,0x0000,0x0000,0x0000,0x0000,0x0000,0x0000,0x0000,
    0x0000,0x0000,0x0000,0x0000,0x0000,0x0000,0x0000,0x0000,0x0000,0x0000,0x0000,0x0000,0x0000,0x0000,0x0000,0x0000,
    0x0000,0x0000,0x0000,0x0000,0x0000,0x0000,0x0000,0x0000,0x0000,0x0000,0x0000,0x0000,0x0000,0x0000,0x0000,0x0000,
    0x0000,0x0000,0x0000,0x0000,0x0000,0x0000,0x0000,0x0000,0x0000,0x0000,0x0000,0x0000,0x0000,0x0000,0x0000,0x0000,
    0x0000,0x0000,0x0000,0x0000,0x0000,0x0000,0x0000,0x0000,0x0000,0x0000,0x0000,0x0000,0x0000,0x0000,0x0000,0x0000,
    0x0000,0x0000,0x0000,0x0000,0x0000,0x0000,0x0000,0x0000,0x0000,0x0000,0x0000,0x0000,0x0000,0x0000,0x0000,0x0000,
    0x0000,0x0000,0x0000,0x0000,0x0000,0x0000,0x0000,0x0000,0x0000,0x0000,0x0000,0x0000,0x0000,0x0000,0x0000,0x0000,
    0x0000,0x0000,0x0000,0x0000,0x0000,0x0000,0x0000,0x0000,0x0000,0x0000,0x0000,0x0000,0x0000,0x0000,0x0000,0x0000,
    0x0000,0x0000,0x0000,0x0000,0x0000,0x0000,0x0000,0x0000,0x0000,0x0000,0x0000,0x0000,0x0000,0x0000,0x0000,0x0000,
    0x0000,0x0000,0x0000,0x0000,0x0000,0x0000,0x0000,0x0000,0x0000,0x0000,0x0000,0x0000,0x0000,0x0000,0x0000,0x0000,
    0x0000,0x0000,0x0000,0x0000,0x0000,0x0000,0x0000,0x0000,0x0000,0x0000,0x0000,0x0000,0x0000,0x0000,0x0000,0x0000,
    0x0000,0x0000,0x0000,0x0000,0x0000,0x0000,0x0000,0x0000,0x0000,0x0000,0x0000,0x0000,0x0000,0x0000,0x0000,0x0000,
    0x0000,0x0000,0x0000,0x0000,0x0000,0x0000,0x0000,0x0000,0x0000,0x0000,0x0000,0x0000,0x0000,0x0000,0x0000,0x0000,
    0x0000,0x0000,0x0000,0x0000,0x0000,0x0000,0x0000,0x0000,0x0000,0x0000,0x0000,0x0000,0x0000,0x0000,0x0000,0x0000,
    0x0000,0x0000,0x0000,0x0000,0x0000,0x0000,0x0000,0x0000,0x0000,0x0000,0x0000,0x0000,0x0000,0x0000,0x0000,0x0000,
    0x0000,0x0000,0x0000,0x0000,0x0000,0x0000,0x0000,0x0000,0x0000,0x0000,0x0000,0x0000,0x0000,0x0000,0x0000,0x0000,
    0x0000,0x0000,0x0000,0x0000,0x0000,0x0000,0x0000,0x0000,0x0000,0x0000,0x0000,0x0000,0x0000,0x0000,0x0000,0x0000,
    0x0000,0x0000,0x0000,0x0000,0x0000,0x0000,0x0000,0x0000,0x0000,0x0000,0x0000,0x0000,0x0000,0x0000,0x0000,0x0000,
    0x0000,0x0000,0x0000,0x0000,0x0000,0x0000,0x0000,0x0000,0x0000,0x0000,0x0000,0x0000,0x0000,0x0000,0x0000,0x0000,
    0x0000,0x0000,0x0000,0x0000,0x0000,0x0000,0x0000,0x0000,0x0000,0x0000,0x0000,0x0000,0x0000,0x0000,0x0000,0x0000,
    0x0000,0x0000,0x0000,0x0000,0x0000,0x0000,0x0000,0x0000,0x0000,0x0000,0x0000,0x0000,0x0000,0x0000,0x0000,0x0000,
    0x0000,0x0000,0x0000,0x0000,0x0000,0x0000,0x0000,0x0000,0x0000,0x0000,0x0000,0x0000,0x0000,0x0000,0x0000,0x0000,
    0x0000,0x0000,0x0000,0x0000,0x0000,0x0000,0x0000,0x0000,0x0000,0x0000,0x0000,0x0000,0x0000,0x0000,0x0000,0x0000,
    0x0000,0x0000,0x0000,0x0000,0x0000,0x0000,0x0000,0x0000,0x0000,0x0000,0x0000,0x0000,0x0000,0x0000,0x0000,0x0000,
    0x0000,0x0000,0x0000,0x0000,0x0000,0x0000,0x0000,0x0000,0x0000,0x0000,0x0000,0x0000,0x0000,0x0000,0x0000,0x0000,
    0x0000,0x0000,0x0000,0x0000,0x0000,0x0000,0x0000,0x0000,0x0000,0x0000,0x0000,0x0000,0x0000,0x0000,0x0000,0x0000,
    0x0000,0x0000,0x0000,0x0000,0x0000,0x0000,0x0000,0x0000,0x0000,0x0000,0x0000,0x0000,0x0000,0x0000,0x0000,0x0000,
    0x0000,0x0000,0x0000,0x0000,0x0000,0x0000,0x0000,0x0000,0x0000,0x0000,0x0000,0x0000,0x0000,0x0000,0x0000,0x0000,
    0x0000,0x0000,0x0000,0x0000,0x0000,0x0000,0x0000,0x0000,0x0000,0x0000,0x0000,0x0000,0x0000,0x0000,0x0000,0x0000,
    0x0000,0x0000,0x0000,0x0000,0x0000,0x0000,0x0000,0x0000,0x0000,0x0000,0x0000,0x0000,0x0000,0x0000,0x0000,0x0000,
    0x0000,0x0000,0x0000,0x0000,0x0000,0x0000,0x0000,0x0000,0x0000,0x0000,0x0000,0x0000,0x0000,0x0000,0x0000,0x0000,
    0x0000,0x0000,0x0000,0x0000,0x0000,0x0000,0x0000,0x0000,0x0000,0x0000,0x0000,0x0000,0x0000,0x0000,0x0000,0x0000,
    0x0000,0x0000,0x0000,0x0000,0x0000,0x0000,0x0000,0x0000,0x0000,0x0000,0x0000,0x0000,0x0000,0x0000,0x0000,0x0000,
    0x0000,0x0000,0x0000,0x0000,0x0000,0x0000,0x0000,0x0000,0x0000,0x0000,0x0000,0x0000,0x0000,0x0000,0x0000,0x0000,
    0x0000,0x0000,0x0000,0x0000,0x0000,0x0000,0x0000,0x0000,0x0000,0x0000,0x0000,0x0000,0x0000,0x0000,0x0000,0x0000,
    0x0000,0x0000,0x0000,0x0000,0x0000,0x0000,0x0000,0x0000,0x0000,0x0000,0x0000,0x0000,0x0000,0x0000,0x0000,0x0000,
    0x0000,0x0000,0x0000,0x0000,0x0000,0x0000,0x0000,0x0000,0x0000,0x0000,0x0000,0x0000,0x0000,0x0000,0x0000,0x0000,
    0x0000,0x0000,0x0000,0x0000,0x0000,0x0000,0x0000,0x0000,0x0000,0x0000,0x0000,0x0000,0x0000,0x0000,0x0000,0x0000,
    0x0000,0x0000,0x0000,0x0000,0x0000,0x0000,0x0000,0x0000,0x0000,0x0000,0x0000,0x0000,0x0000,0x0000,0x0000,0x0000,
    0x0000,0x0000,0x0000,0x0000,0x0000,0x0000,0x0000,0x0000,0x0000,0x0000,0x0000,0x0000,0x0000,0x0000,0x0000,0x0000,
    0x0000,0x0000,0x0000,0x0000,0x0000,0x0000,0x0000,0x0000,0x0000,0x0000,0x0000,0x0000,0x0000,0x0000,0x0000,0x0000,
    0x0000,0x0000,0x0000,0x0000,0x0000,0x0000,0x0000,0x0000,0x0000,0x0000,0x0000,0x0000,0x0000,0x0000,0x0000,0x0000,
    0x0000,0x0000,0x0000,0x0000,0x0000,0x0000,0x0000,0x0000,0x0000,0x0000,0x0000,0x0000,0x0000,0x0000,0x0000,0x0000,
    0x0000,0x0000,0x0000,0x0000,0x0000,0x0000,0x0000,0x0000,0x0000,0x0000,0x0000,0x0000,0x0000,0x0000,0x0000,0x0000,
    0x0000,0x0000,0x0000,0x0000,0x0000,0x0000,0x0000,0x0000,0x0000,0x0000,0x0000,0x0000,0x0000,0x0000,0x0000,0x0000,
    0x0000,0x0000,0x0000,0x0000,0x0000,0x0000,0x0000,0x0000,0x0000,0x0000,0x0000,0x0000,0x0000,0x0000,0x0000,0x0000,
    0x0000,0x0000,0x0000,0x0000,0x0000,0x0000,0x0000,0x0000,0x0000,0x0000,0x0000,0x0000,0x0000,0x0000,0x0000,0x0000,
    0x0000,0x0000,0x0000,0x0000,0x0000,0x0000,0x0000,0x0000,0x0000,0x0000,0x0000,0x0000,0x0000,0x0000,0x0000,0x0000,
    0x0000,0x0000,0x0000,0x0000,0x0000,0x0000,0x0000,0x0000,0x0000,0x0000,0x0000,0x0000,0x0000,0x0000,0x0000,0x0000,
    0x0000,0x0000,0x0000,0x0000,0x0000,0x0000,0x0000,0x0000,0x0000,0x0000,0x0000,0x0000,0x0000,0x0000,0x0000,0x0000,
    0x0000,0x0000,0x0000,0x0000,0x0000,0x0000,0x0000,0x0000,0x0000,0x0000,0x0000,0x0000,0x0000,0x0000,0x0000,0x0000,
    0x0000,0x0000,0x0000,0x0000,0x0000,0x0000,0x0000,0x0000,0x0000,0x0000,0x0000,0x0000,0x0000,0x0000,0x0000,0x0000,
    0x0000,0x0000,0x0000,0x0000,0x0000,0x0000,0x0000,0x0000,0x0000,0x0000,0x0000,0x0000,0x0000,0x0000,0x0000,0x0000,
    0x0000,0x0000,0x0000,0x0000,0x0000,0x0000,0x0000,0x0000,0x0000,0x0000,0x0000,0x0000,0x0000,0x0000,0x0000,0x0000,
    0x0000,0x0000,0x0000,0x0000,0x0000,0x0000,0x0000,0x0000,0x0000,0x0000,0x0000,0x0000,0x0000,0x0000,0x0000,0x0000,
    0x0000,0x0000,0x0000,0x0000,0x0000,0x0000,0x0000,0x0000,0x0000,0x0000,0x0000,0x0000,0x0000,0x0000,0x0000,0x0000,
    0x0000,0x0000,0x0000,0x0000,0x0000,0x0000,0x0000,0x0000,0x0000,0x0000,0x0000,0x0000,0x0000,0x0000,0x0000,0x0000,
    0x0000,0x0000,0x0000,0x0000,0x0000,0x0000,0x0000,0x0000,0x0000,0x0000,0x0000,0x0000,0x0000,0x0000,0x0000,0x0000,
    0x0000,0x0000,0x0000,0x0000,0x0000,0x0000,0x0000,0x0000,0x0000,0x0000,0x0000,0x0000,0x0000,0x0000,0x0000,0x0000,
    0x0000,0x0000,0x0000,0x0000,0x0000,0x0000,0x0000,0x0000,0x0000,0x0000,0x0000,0x0000,0x0000,0x0000,0x0000,0x0000,
    0x0000,0x0000,0x0000,0x0000,0x0000,0x0000,0x0000,0x0000,0x0000,0x0000,0x0000,0x0000,0x0000,0x0000,0x0000,0x0000,
    0x0000,0x0000,0x0000,0x0000,0x0000,0x0000,0x0000,0x0000,0x0000,0x0000,0x0000,0x0000,0x0000,0x0000,0x0000,0x0000,
    0x0000,0x0000,0x0000,0x0000,0x0000,0x0000,0x0000,0x0000,0x0000,0x0000,0x0000,0x0000,0x0000,0x0000,0x0000,0x0000,
    0x0000,0x0000,0x0000,0x0000,0x0000,0x0000,0x0000,0x0000,0x0000,0x0000,0x0000,0x0000,0x0000,0x0000,0x0000,0x0000,
    0x0000,0x0000,0x0000,0x0000,0x0000,0x0000,0x0000,0x0000,0x0000,0x0000,0x0000,0x0000,0x0000,0x0000,0x0000,0x0000,
    0x0000,0x0000,0x0000,0x0000,0x0000,0x0000,0x0000,0x0000,0x0000,0x0000,0x0000,0x0000,0x0000,0x0000,0x0000,0x0000,
    0x0000,0x0000,0x0000,0x0000,0x0000,0x0000,0x0000,0x0000,0x0000,0x0000,0x0000,0x0000,0x0000,0x0000,0x0000,0x0000,
    0x0000,0x0000,0x0000,0x0000,0x0000,0x0000,0x0000,0x0000,0x0000,0x0000,0x0000,0x0000,0x0000,0x0000,0x0000,0x0000,
    0x0000,0x0000,0x0000,0x0000,0x0000,0x0000,0x0000,0x0000,0x0000,0x0000,0x0000,0x0000,0x0000,0x0000,0x0000,0x0000,
    0x0000,0x0000,0x0000,0x0000,0x0000,0x0000,0x0000,0x0000,0x0000,0x0000,0x0000,0x0000,0x0000,0x0000,0x0000,0x0000,
    0x0000,0x0000,0x0000,0x0000,0x0000,0x0000,0x0000,0x0000,0x0000,0x0000,0x0000,0x0000,0x0000,0x0000,0x0000,0x0000,
    0x0000,0x0000,0x0000,0x0000,0x0000,0x0000,0x0000,0x0000,0x0000,0x0000,0x0000,0x0000,0x0000,0x0000,0x0000,0x0000,
    0x0000,0x0000,0x0000,0x0000,0x0000,0x0000,0x0000,0x0000,0x0000,0x0000,0x0000,0x0000,0x0000,0x0000,0x0000,0x0000,
    0x0000,0x0000,0x0000,0x0000,0x0000,0x0000,0x0000,0x0000,0x0000,0x0000,0x0000,0x0000,0x0000,0x0000,0x0000,0x0000,
    0x0000,0x0000,0x0000,0x0000,0x0000,0x0000,0x0000,0x0000,0x0000,0x0000,0x0000,0x0000,0x0000,0x0000,0x0000,0x0000,
    0x0000,0x0000,0x0000,0x0000,0x0000,0x0000,0x0000,0x0000,0x0000,0x0000,0x0000,0x0000,0x0000,0x0000,0x0000,0x0000,
    0x0000,0x0000,0x0000,0x0000,0x0000,0x0000,0x0000,0x0000,0x0000,0x0000,0x0000,0x0000,0x0000,0x0000,0x0000,0x0000,
    0x0000,0x0000,0x0000,0x0000,0x0000,0x0000,0x0000,0x0000,0x0000,0x0000,0x0000,0x0000,0x0000,0x0000,0x0000,0x0000,
    0x0000,0x0000,0x0000,0x0000,0x0000,0x0000,0x0000,0x0000,0x0000,0x0000,0x0000,0x0000,0x0000,0x0000,0x0000,0x0000,
    0x0000,0x0000,0x0000,0x0000,0x0000,0x0000,0x0000,0x0000,0x0000,0x0000,0x0000,0x0000,0x0000,0x0000,0x0000,0x0000,
    0x0000,0x0000,0x0000,0x0000,0x0000,0x0000,0x0000,0x0000,0x0000,0x0000,0x0000,0x0000,0x0000,0x0000,0x0000,0x0000,
    0x0000,0x0000,0x0000,0x0000,0x0000,0x0000,0x0000,0x0000,0x0000,0x0000,0x0000,0x0000,0x0000,0x0000,0x0000,0x0000,
    0x0000,0x0000,0x0000,0x0000,0x0000,0x0000,0x0000,0x0000,0x0000,0x0000,0x0000,0x0000,0x0000,0x0000,0x0000,0x0000,
    0x0000,0x0000,0x0000,0x0000,0x0000,0x0000,0x0000,0x0000,0x0000,0x0000,0x0000,0x0000,0x0000,0x0000,0x0000,0x0000,
    0x0000,0x0000,0x0000,0x0000,0x0000,0x0000,0x0000,0x0000,0x0000,0x0000,0x0000,0x0000,0x0000,0x0000,0x0000,0x0000,
    0x0000,0x0000,0x0000,0x0000,0x0000,0x0000,0x0000,0x0000,0x0000,0x0000,0x0000,0x0000,0x0000,0x0000,0x0000,0x0000,
    0x0000,0x0000,0x0000,0x0000,0x0000,0x0000,0x0000,0x0000,0x0000,0x0000,0x0000,0x0000,0x0000,0x0000,0x0000,0x0000,
    0x0000,0x0000,0x0000,0x0000,0x0000,0x0000,0x0000,0x0000,0x0000,0x0000,0x0000,0x0000,0x0000,0x0000,0x0000,0x0000,
    0x0000,0x0000,0x0000,0x0000,0x0000,0x0000,0x0000,0x0000,0x0000,0x0000,0x0000,0x0000,0x0000,0x0000,0x0000,0x0000,
    0x0000,0x0000,0x0000,0x0000,0x0000,0x0000,0x0000,0x0000,0x0000,0x0000,0x0000,0x0000,0x0000,0x0000,0x0000,0x0000,
    0x0000,0x0000,0x0000,0x0000,0x0000,0x0000,0x0000,0x0000,0x0000,0x0000,0x0000,0x0000,0x0000,0x0000,0x0000,0x0000,
    0x0000,0x0000,0x0000,0x0000,0x0000,0x0000,0x0000,0x0000,0x0000,0x0000,0x0000,0x0000,0x0000,0x0000,0x0000,0x0000,
    0x0000,0x0000,0x0000,0x0000,0x0000,0x0000,0x0000,0x0000,0x0000,0x0000,0x0000,0x0000,0x0000,0x0000,0x0000,0x0000,
    0x0000,0x0000,0x0000,0x0000,0x0000,0x0000,0x0000,0x0000,0x0000,0x0000,0x0000,0x0000,0x0000,0x0000,0x0000,0x0000,
    0x0000,0x0000,0x0000,0x0000,0x0000,0x0000,0x0000,0x0000,0x0000,0x0000,0x0000,0x0000,0x0000,0x0000,0x0000,0x0000,
    0x0000,0x0000,0x0000,0x0000,0x0000,0x0000,0x0000,0x0000,0x0000,0x0000,0x0000,0x0000,0x0000,0x0000,0x0000,0x0000,
    0x0000,0x0000,0x0000,0x0000,0x0000,0x0000,0x0000,0x0000,0x0000,0x0000,0x0000,0x0000,0x0000,0x0000,0x0000,0x0000,
    0x0000,0x0000,0x0000,0x0000,0x0000,0x0000,0x0000,0x0000,0x0000,0x0000,0x0000,0x0000,0x0000,0x0000,0x0000,0x0000,
    0x0000,0x0000,0x0000,0x0000,0x0000,0x0000,0x0000,0x0000,0x0000,0x0000,0x0000,0x0000,0x0000,0x0000,0x0000,0x0000,
    0x0000,0x0000,0x0000,0x0000,0x0000,0x0000,0x0000,0x0000,0x0000,0x0000,0x0000,0x0000,0x0000,0x0000,0x0000,0x0000,
    0x0000,0x0000,0x0000,0x0000,0x0000,0x0000,0x0000,0x0000,0x0000,0x0000,0x0000,0x0000,0x0000,0x0000,0x0000,0x0000,
    0x0000,0x0000,0x0000,0x0000,0x0000,0x0000,0x0000,0x0000,0x0000,0x0000,0x0000,0x0000,0x0000,0x0000,0x0000,0x0000,
    0x0000,0x0000,0x0000,0x0000,0x0000,0x0000,0x0000,0x0000,0x0000,0x0000,0x0000,0x0000,0x0000,0x0000,0x0000,0x0000,
    0x0000,0x0000,0x0000,0x0000,0x0000,0x0000,0x0000,0x0000,0x0000,0x0000,0x0000,0x0000,0x0000,0x0000,0x0000,0x0000,
    0x0000,0x0000,0x0000,0x0000,0x0000,0x0000,0x0000,0x0000,0x0000,0x0000,0x0000,0x0000,0x0000,0x0000,0x0000,0x0000,
    0x0000,0x0000,0x0000,0x0000,0x0000,0x0000,0x0000,0x0000,0x0000,0x0000,0x0000,0x0000,0x0000,0x0000,0x0000,0x0000,
    0x0000,0x0000,0x0000,0x0000,0x0000,0x0000,0x0000,0x0000,0x0000,0x0000,0x0000,0x0000,0x0000,0x0000,0x0000,0x0000,
    0x0000,0x0000,0x0000,0x0000,0x0000,0x0000,0x0000,0x0000,0x0000,0x0000,0x0000,0x0000,0x0000,0x0000,0x0000,0x0000,
    0x0000,0x0000,0x0000,0x0000,0x0000,0x0000,0x0000,0x0000,0x0000,0x0000,0x0000,0x0000,0x0000,0x0000,0x0000,0x0000,
    0x0000,0x0000,0x0000,0x0000,0x0000,0x0000,0x0000,0x0000,0x0000,0x0000,0x0000,0x0000,0x0000,0x0000,0x0000,0x0000,
    0x0000,0x0000,0x0000,0x0000,0x0000,0x0000,0x0000,0x0000,0x0000,0x0000,0x0000,0x0000,0x0000,0x0000,0x0000,0x0000,
    0x0000,0x0000,0x0000,0x0000,0x0000,0x0000,0x0000,0x0000,0x0000,0x0000,0x0000,0x0000,0x0000,0x0000,0x0000,0x0000,
    0x0000,0x0000,0x0000,0x0000,0x0000,0x0000,0x0000,0x0000,0x0000,0x0000,0x0000,0x0000,0x0000,0x0000,0x0000,0x0000,
    0x0000,0x0000,0x0000,0x0000,0x0000,0x0000,0x0000,0x0000,0x0000,0x0000,0x0000,0x0000,0x0000,0x0000,0x0000,0x0000,
    0x0000,0x0000,0x0000,0x0000,0x0000,0x0000,0x0000,0x0000,0x0000,0x0000,0x0000,0x0000,0x0000,0x0000,0x0000,0x0000,
    0x0000,0x0000,0x0000,0x0000,0x0000,0x0000,0x0000,0x0000,0x0000,0x0000,0x0000,0x0000,0x0000,0x0000,0x0000,0x0000,
    0x0000,0x0000,0x0000,0x0000,0x0000,0x0000,0x0000,0x0000,0x0000,0x0000,0x0000,0x0000,0x0000,0x0000,0x0000,0x0000,
    0x0000,0x0000,0x0000,0x0000,0x0000,0x0000,0x0000,0x0000,0x0000,0x0000,0x0000,0x0000,0x0000,0x0000,0x0000,0x0000,
    0x0000,0x0000,0x0000,0x0000,0x0000,0x0000,0x0000,0x0000,0x0000,0x0000,0x0000,0x0000,0x0000,0x0000,0x0000,0x0000,
    0x0000,0x0000,0x0000,0x0000,0x0000,0x0000,0x0000,0x0000,0x0000,0x0000,0x0000,0x0000,0x0000,0x0000,0x0000,0x0000,
    0x0000,0x0000,0x0000,0x0000,0x0000,0x0000,0x0000,0x0000,0x0000,0x0000,0x0000,0x0000,0x0000,0x0000,0x0000,0x0000,
    0x0000,0x0000,0x0000,0x0000,0x0000,0x0000,0x0000,0x0000,0x0000,0x0000,0x0000,0x0000,0x0000,0x0000,0x0000,0x0000,
    0x0000,0x0000,0x0000,0x0000,0x0000,0x0000,0x0000,0x0000,0x0000,0x0000,0x0000,0x0000,0x0000,0x0000,0x0000,0x0000,
    0x0000,0x0000,0x0000,0x0000,0x0000,0x0000,0x0000,0x0000,0x0000,0x0000,0x0000,0x0000,0x0000,0x0000,0x0000,0x0000,
    0x0000,0x0000,0x0000,0x0000,0x0000,0x0000,0x0000,0x0000,0x0000,0x0000,0x0000,0x0000,0x0000,0x0000,0x0000,0x0000,
    0x0000,0x0000,0x0000,0x0000,0x0000,0x0000,0x0000,0x0000,0x0000,0x0000,0x0000,0x0000,0x0000,0x0000,0x0000,0x0000,
    0x0000,0x0000,0x0000,0x0000,0x0000,0x0000,0x0000,0x0000,0x0000,0x0000,0x0000,0x0000,0x0000,0x0000,0x0000,0x0000,
    0x0000,0x0000,0x0000,0x0000,0x0000,0x0000,0x0000,0x0000,0x0000,0x0000,0x0000,0x0000,0x0000,0x0000,0x0000,0x0000,
    0x0000,0x0000,0x0000,0x0000,0x0000,0x0000,0x0000,0x0000,0x0000,0x0000,0x0000,0x0000,0x0000,0x0000,0x0000,0x0000,
    0x0000,0x0000,0x0000,0x0000,0x0000,0x0000,0x0000,0x0000,0x0000,0x0000,0x0000,0x0000,0x0000,0x0000,0x0000,0x0000,
    0x0000,0x0000,0x0000,0x0000,0x0000,0x0000,0x0000,0x0000,0x0000,0x0000,0x0000,0x0000,0x0000,0x0000,0x0000,0x0000,
    0x0000,0x0000,0x0000,0x0000,0x0000,0x0000,0x0000,0x0000,0x0000,0x0000,0x0000,0x0000,0x0000,0x0000,0x0000,0x0000,
    0x0000,0x0000,0x0000,0x0000,0x0000,0x0000,0x0000,0x0000,0x0000,0x0000,0x0000,0x0000,0x0000,0x0000,0x0000,0x0000,
    0x0000,0x0000,0x0000,0x0000,0x0000,0x0000,0x0000,0x0000,0x0000,0x0000,0x0000,0x0000,0x0000,0x0000,0x0000,0x0000,
    0x0000,0x0000,0x0000,0x0000,0x0000,0x0000,0x0000,0x0000,0x0000,0x0000,0x0000,0x0000,0x0000,0x0000,0x0000,0x0000,
    0x0000,0x0000,0x0000,0x0000,0x0000,0x0000,0x0000,0x0000,0x0000,0x0000,0x0000,0x0000,0x0000,0x0000,0x0000,0x0000,
    0x0000,0x0000,0x0000,0x0000,0x0000,0x0000,0x0000,0x0000,0x0000,0x0000,0x0000,0x0000,0x0000,0x0000,0x0000,0x0000,
    0x0000,0x0000,0x0000,0x0000,0x0000,0x0000,0x0000,0x0000,0x0000,0x0000,0x0000,0x0000,0x0000,0x0000,0x0000,0x0000,
    0x0000,0x0000,0x0000,0x0000,0x0000,0x0000,0x0000,0x0000,0x0000,0x0000,0x0000,0x0000,0x0000,0x0000,0x0000,0x0000,
    0x0000,0x0000,0x0000,0x0000,0x0000,0x0000,0x0000,0x0000,0x0000,0x0000,0x0000,0x0000,0x0000,0x0000,0x0000,0x0000,
    0x0000,0x0000,0x0000,0x0000,0x0000,0x0000,0x0000,0x0000,0x0000,0x0000,0x0000,0x0000,0x0000,0x0000,0x0000,0x0000,
    0x0000,0x0000,0x0000,0x0000,0x0000,0x0000,0x0000,0x0000,0x0000,0x0000,0x0000,0x0000,0x0000,0x0000,0x0000,0x0000,
    0x0000,0x0000,0x0000,0x0000,0x0000,0x0000,0x0000,0x0000,0x0000,0x0000,0x0000,0x0000,0x0000,0x0000,0x0000,0x0000,
    0x0000,0x0000,0x0000,0x0000,0x0000,0x0000,0x0000,0x0000,0x0000,0x0000,0x0000,0x0000,0x0000,0x0000,0x0000,0x0000,
    0x0000,0x0000,0x0000,0x0000,0x0000,0x0000,0x0000,0x0000,0x0000,0x0000,0x0000,0x0000,0x0000,0x0000,0x0000,0x0000,
    0x0000,0x0000,0x0000,0x0000,0x0000,0x0000,0x0000,0x0000,0x0000,0x0000,0x0000,0x0000,0x0000,0x0000,0x0000,0x0000,
    0x0000,0x0000,0x0000,0x0000,0x0000,0x0000,0x0000,0x0000,0x0000,0x0000,0x0000,0x0000,0x0000,0x0000,0x0000,0x0000,
    0x0000,0x0000,0x0000,0x0000,0x0000,0x0000,0x0000,0x0000,0x0000,0x0000,0x0000,0x0000,0x0000,0x0000,0x0000,0x0000,
    0x0000,0x0000,0x0000,0x0000,0x0000,0x0000,0x0000,0x0000,0x0000,0x0000,0x0000,0x0000,0x0000,0x0000,0x0000,0x0000,
    0x0000,0x0000,0x0000,0x0000,0x0000,0x0000,0x0000,0x0000,0x0000,0x0000,0x0000,0x0000,0x0000,0x0000,0x0000,0x0000,
    0x0000,0x0000,0x0000,0x0000,0x0000,0x0000,0x0000,0x0000,0x0000,0x0000,0x0000,0x0000,0x0000,0x0000,0x0000,0x0000,
    0x0000,0x0000,0x0000,0x0000,0x0000,0x0000,0x0000,0x0000,0x0000,0x0000,0x0000,0x0000,0x0000,0x0000,0x0000,0x0000,
    0x0000,0x0000,0x0000,0x0000,0x0000,0x0000,0x0000,0x0000,0x0000,0x0000,0x0000,0x0000,0x0000,0x0000,0x0000,0x0000,
    0x0000,0x0000,0x0000,0x0000,0x0000,0x0000,0x0000,0x0000,0x0000,0x0000,0x0000,0x0000,0x0000,0x0000,0x0000,0x0000,
    0x0000,0x0000,0x0000,0x0000,0x0000,0x0000,0x0000,0x0000,0x0000,0x0000,0x0000,0x0000,0x0000,0x0000,0x0000,0x0000,
    0x0000,0x0000,0x0000,0x0000,0x0000,0x0000,0x0000,0x0000,0x0000,0x0000,0x0000,0x0000,0x0000,0x0000,0x0000,0x0000,
    0x0000,0x0000,0x0000,0x0000,0x0000,0x0000,0x0000,0x0000,0x0000,0x0000,0x0000,0x0000,0x0000,0x0000,0x0000,0x0000,
    0x0000,0x0000,0x0000,0x0000,0x0000,0x0000,0x0000,0x0000,0x0000,0x0000,0x0000,0x0000,0x0000,0x0000,0x0000,0x0000,
    0x0000,0x0000,0x0000,0x0000,0x0000,0x0000,0x0000,0x0000,0x0000,0x0000,0x0000,0x0000,0x0000,0x0000,0x0000,0x0000,
    0x0000,0x0000,0x0000,0x0000,0x0000,0x0000,0x0000,0x0000,0x0000,0x0000,0x0000,0x0000,0x0000,0x0000,0x0000,0x0000,
    0x0000,0x0000,0x0000,0x0000,0x0000,0x0000,0x0000,0x0000,0x0000,0x0000,0x0000,0x0000,0x0000,0x0000,0x0000,0x0000,
    0x0000,0x0000,0x0000,0x0000,0x0000,0x0000,0x0000,0x0000,0x0000,0x0000,0x0000,0x0000,0x0000,0x0000,0x0000,0x0000,
    0x0000,0x0000,0x0000,0x0000,0x0000,0x0000,0x0000,0x0000,0x0000,0x0000,0x0000,0x0000,0x0000,0x0000,0x0000,0x0000,
    0x0000,0x0000,0x0000,0x0000,0x0000,0x0000,0x0000,0x0000,0x0000,0x0000,0x0000,0x0000,0x0000,0x0000,0x0000,0x0000,
    0x0000,0x0000,0x0000,0x0000,0x0000,0x0000,0x0000,0x0000,0x0000,0x0000,0x0000,0x0000,0x0000,0x0000,0x0000,0x0000,
    0x0000,0x0000,0x0000,0x0000,0x0000,0x0000,0x0000,0x0000,0x0000,0x0000,0x0000,0x0000,0x0000,0x0000,0x0000,0x0000,
    0x0000,0x0000,0x0000,0x0000,0x0000,0x0000,0x0000,0x0000,0x0000,0x0000,0x0000,0x0000,0x0000,0x0000,0x0000,0x0000,
    0x0000,0x0000,0x0000,0x0000,0x0000,0x0000,0x0000,0x0000,0x0000,0x0000,0x0000,0x0000,0x0000,0x0000,0x0000,0x0000,
    0x0000,0x0000,0x0000,0x0000,0x0000,0x0000,0x0000,0x0000,0x0000,0x0000,0x0000,0x0000,0x0000,0x0000,0x0000,0x0000,
    0x0000,0x0000,0x0000,0x0000,0x0000,0x0000,0x0000,0x0000,0x0000,0x0000,0x0000,0x0000,0x0000,0x0000,0x0000,0x0000,
    0x0000,0x0000,0x0000,0x0000,0x0000,0x0000,0x0000,0x0000,0x0000,0x0000,0x0000,0x0000,0x0000,0x0000,0x0000,0x0000,
    0x0000,0x0000,0x0000,0x0000,0x0000,0x0000,0x0000,0x0000,0x0000,0x0000,0x0000,0x0000,0x0000,0x0000,0x0000,0x0000,
    0x0000,0x0000,0x0000,0x0000,0x0000,0x0000,0x0000,0x0000,0x0000,0x0000,0x0000,0x0000,0x0000,0x0000,0x0000,0x0000,
    0x0000,0x0000,0x0000,0x0000,0x0000,0x0000,0x0000,0x0000,0x0000,0x0000,0x0000,0x0000,0x0000,0x0000,0x0000,0x0000,
    0x0000,0x0000,0x0000,0x0000,0x0000,0x0000,0x0000,0x0000,0x0000,0x0000,0x0000,0x0000,0x0000,0x0000,0x0000,0x0000,
    0x0000,0x0000,0x0000,0x0000,0x0000,0x0000,0x0000,0x0000,0x0000,0x0000,0x0000,0x0000,0x0000,0x0000,0x0000,0x0000,
    0x0000,0x0000,0x0000,0x0000,0x0000,0x0000,0x0000,0x0000,0x0000,0x0000,0x0000,0x0000,0x0000,0x0000,0x0000,0x0000,
    0x0000,0x0000,0x0000,0x0000,0x0000,0x0000,0x0000,0x0000,0x0000,0x0000,0x0000,0x0000,0x0000,0x0000,0x0000,0x0000,
    0x0000,0x0000,0x0000,0x0000,0x0000,0x0000,0x0000,0x0000,0x0000,0x0000,0x0000,0x0000,0x0000,0x0000,0x0000,0x0000,
    0x0000,0x0000,0x0000,0x0000,0x0000,0x0000,0x0000,0x0000,0x0000,0x0000,0x0000,0x0000,0x0000,0x0000,0x0000,0x0000,
    0x0000,0x0000,0x0000,0x0000,0x0000,0x0000,0x0000,0x0000,0x0000,0x0000,0x0000,0x0000,0x0000,0x0000,0x0000,0x0000,
    0x0000,0x0000,0x0000,0x0000,0x0000,0x0000,0x0000,0x0000,0x0000,0x0000,0x0000,0x0000,0x0000,0x0000,0x0000,0x0000,
    0x0000,0x0000,0x0000,0x0000,0x0000,0x0000,0x0000,0x0000,0x0000,0x0000,0x0000,0x0000,0x0000,0x0000,0x0000,0x0000,
    0x0000,0x0000,0x0000,0x0000,0x0000,0x0000,0x0000,0x0000,0x0000,0x0000,0x0000,0x0000,0x0000,0x0000,0x0000,0x0000,
    0x0000,0x0000,0x0000,0x0000,0x0000,0x0000,0x0000,0x0000,0x0000,0x0000,0x0000,0x0000,0x0000,0x0000,0x0000,0x0000,
    0x0000,0x0000,0x0000,0x0000,0x0000,0x0000,0x0000,0x0000,0x0000,0x0000,0x0000,0x0000,0x0000,0x0000,0x0000,0x0000,
    0x0000,0x0000,0x0000,0x0000,0x0000,0x0000,0x0000,0x0000,0x0000,0x0000,0x0000,0x0000,0x0000,0x0000,0x0000,0x0000,
    0x0000,0x0000,0x0000,0x0000,0x0000,0x0000,0x0000,0x0000,0x0000,0x0000,0x0000,0x0000,0x0000,0x0000,0x0000,0x0000,
    0x0000,0x0000,0x0000,0x0000,0x0000,0x0000,0x0000,0x0000,0x0000,0x0000,0x0000,0x0000,0x0000,0x0000,0x0000,0x0000,
    0x0000,0x0000,0x0000,0x0000,0x0000,0x0000,0x0000,0x0000,0x0000,0x0000,0x0000,0x0000,0x0000,0x0000,0x0000,0x0000,
    0x0000,0x0000,0x0000,0x0000,0x0000,0x0000,0x0000,0x0000,0x0000,0x0000,0x0000,0x0000,0x0000,0x0000,0x0000,0x0000,
    0x0000,0x0000,0x0000,0x0000,0x0000,0x0000,0x0000,0x0000,0x0000,0x0000,0x0000,0x0000,0x0000,0x0000,0x0000,0x0000,
    0x0000,0x0000,0x0000,0x0000,0x0000,0x0000,0x0000,0x0000,0x0000,0x0000,0x0000,0x0000,0x0000,0x0000,0x0000,0x0000,
    0x0000,0x0000,0x0000,0x0000,0x0000,0x0000,0x0000,0x0000,0x0000,0x0000,0x0000,0x0000,0x0000,0x0000,0x0000,0x0000,
    0x0000,0x0000,0x0000,0x0000,0x0000,0x0000,0x0000,0x0000,0x0000,0x0000,0x0000,0x0000,0x0000,0x0000,0x0000,0x0000,
    0x0000,0x0000,0x0000,0x0000,0x0000,0x0000,0x0000,0x0000,0x0000,0x0000,0x0000,0x0000,0x0000,0x0000,0x0000,0x0000,
    0x0000,0x0000,0x0000,0x0000,0x0000,0x0000,0x0000,0x0000,0x0000,0x0000,0x0000,0x0000,0x0000,0x0000,0x0000,0x0000,
    0x0000,0x0000,0x0000,0x0000,0x0000,0x0000,0x0000,0x0000,0x0000,0x0000,0x0000,0x0000,0x0000,0x0000,0x0000,0x0000,
    0x0000,0x0000,0x0000,0x0000,0x0000,0x0000,0x0000,0x0000,0x0000,0x0000,0x0000,0x0000,0x0000,0x0000,0x0000,0x0000,
    0x0000,0x0000,0x0000,0x0000,0x0000,0x0000,0x0000,0x0000,0x0000,0x0000,0x0000,0x0000,0x0000,0x0000,0x0000,0x0000,
    0x0000,0x0000,0x0000,0x0000,0x0000,0x0000,0x0000,0x0000,0x0000,0x0000,0x0000,0x0000,0x0000,0x0000,0x0000,0x0000,
    0x0000,0x0000,0x0000,0x0000,0x0000,0x0000,0x0000,0x0000,0x0000,0x0000,0x0000,0x0000,0x0000,0x0000,0x0000,0x0000,
    0x0000,0x0000,0x0000,0x0000,0x0000,0x0000,0x0000,0x0000,0x0000,0x0000,0x0000,0x0000,0x0000,0x0000,0x0000,0x0000,
    0x0000,0x0000,0x0000,0x0000,0x0000,0x0000,0x0000,0x0000,0x0000,0x0000,0x0000,0x0000,0x0000,0x0000,0x0000,0x0000,
    0x0000,0x0000,0x0000,0x0000,0x0000,0x0000,0x0000,0x0000,0x0000,0x0000,0x0000,0x0000,0x0000,0x0000,0x0000,0x0000,
    0x0000,0x0000,0x0000,0x0000,0x0000,0x0000,0x0000,0x0000,0x0000,0x0000,0x0000,0x0000,0x0000,0x0000,0x0000,0x0000,
    0x0000,0x0000,0x0000,0x0000,0x0000,0x0000,0x0000,0x0000,0x0000,0x0000,0x0000,0x0000,0x0000,0x0000,0x0000,0x0000,
    0x0000,0x0000,0x0000,0x0000,0x0000,0x0000,0x0000,0x0000,0x0000,0x0000,0x0000,0x0000,0x0000,0x0000,0x0000,0x0000,
    0x0000,0x0000,0x0000,0x0000,0x0000,0x0000,0x0000,0x0000,0x0000,0x0000,0x0000,0x0000,0x0000,0x0000,0x0000,0x0000,
    0x0000,0x0000,0x0000,0x0000,0x0000,0x0000,0x0000,0x0000,0x0000,0x0000,0x0000,0x0000,0x0000,0x0000,0x0000,0x0000,
    0x0000,0x0000,0x0000,0x0000,0x0000,0x0000,0x0000,0x0000,0x0000,0x0000,0x0000,0x0000,0x0000,0x0000,0x0000,0x0000,
    0x0000,0x0000,0x0000,0x0000,0x0000,0x0000,0x0000,0x0000,0x0000,0x0000,0x0000,0x0000,0x0000,0x0000,0x0000,0x0000,
    0x0000,0x0000,0x0000,0x0000,0x0000,0x0000,0x0000,0x0000,0x0000,0x0000,0x0000,0x0000,0x0000,0x0000,0x0000,0x0000,
    0x0000,0x0000,0x0000,0x0000,0x0000,0x0000,0x0000,0x0000,0x0000,0x0000,0x0000,0x0000,0x0000,0x0000,0x0000,0x0000,
    0x0000,0x0000,0x0000,0x0000,0x0000,0x0000,0x0000,0x0000,0x0000,0x0000,0x0000,0x0000,0x0000,0x0000,0x0000,0x0000,
    0x0000,0x0000,0x0000,0x0000,0x0000,0x0000,0x0000,0x0000,0x0000,0x0000,0x0000,0x0000,0x0000,0x0000,0x0000,0x0000,
    0x0000,0x0000,0x0000,0x0000,0x0000,0x0000,0x0000,0x0000,0x0000,0x0000,0x0000,0x0000,0x0000,0x0000,0x0000,0x0000,
    0x0000,0x0000,0x0000,0x0000,0x0000,0x0000,0x0000,0x0000,0x0000,0x0000,0x0000,0x0000,0x0000,0x0000,0x0000,0x0000,
    0x0000,0x0000,0x0000,0x0000,0x0000,0x0000,0x0000,0x0000,0x0000,0x0000,0x0000,0x0000,0x0000,0x0000,0x0000,0x0000,
    0x0000,0x0000,0x0000,0x0000,0x0000,0x0000,0x0000,0x0000,0x0000,0x0000,0x0000,0x0000,0x0000,0x0000,0x0000,0x0000,
    0x0000,0x0000,0x0000,0x0000,0x0000,0x0000,0x0000,0x0000,0x0000,0x0000,0x0000,0x0000,0x0000,0x0000,0x0000,0x0000,
    0x0000,0x0000,0x0000,0x0000,0x0000,0x0000,0x0000,0x0000,0x0000,0x0000,0x0000,0x0000,0x0000,0x0000,0x0000,0x0000,
    0x0000,0x0000,0x0000,0x0000,0x0000,0x0000,0x0000,0x0000,0x0000,0x0000,0x0000,0x0000,0x0000,0x0000,0x0000,0x0000,
    0x0000,0x0000,0x0000,0x0000,0x0000,0x0000,0x0000,0x0000,0x0000,0x0000,0x0000,0x0000,0x0000,0x0000,0x0000,0x0000,
    0x0000,0x0000,0x0000,0x0000,0x0000,0x0000,0x0000,0x0000,0x0000,0x0000,0x0000,0x0000,0x0000,0x0000,0x0000,0x0000,
    0x0000,0x0000,0x0000,0x0000,0x0000,0x0000,0x0000,0x0000,0x0000,0x0000,0x0000,0x0000,0x0000,0x0000,0x0000,0x0000,
    0x0000,0x0000,0x0000,0x0000,0x0000,0x0000,0x0000,0x0000,0x0000,0x0000,0x0000,0x0000,0x0000,0x0000,0x0000,0x0000,
    0x0000,0x0000,0x0000,0x0000,0x0000,0x0000,0x0000,0x0000,0x0000,0x0000,0x0000,0x0000,0x0000,0x0000,0x0000,0x0000,
    0x0000,0x0000,0x0000,0x0000,0x0000,0x0000,0x0000,0x0000,0x0000,0x0000,0x0000,0x0000,0x0000,0x0000,0x0000,0x0000,
    0x0000,0x0000,0x0000,0x0000,0x0000,0x0000,0x0000,0x0000,0x0000,0x0000,0x0000,0x0000,0x0000,0x0000,0x0000,0x0000,
    0x0000,0x0000,0x0000,0x0000,0x0000,0x0000,0x0000,0x0000,0x0000,0x0000,0x0000,0x0000,0x0000,0x0000,0x0000,0x0000,
    0x0000,0x0000,0x0000,0x0000,0x0000,0x0000,0x0000,0x0000,0x0000,0x0000,0x0000,0x0000,0x0000,0x0000,0x0000,0x0000,
    0x0000,0x0000,0x0000,0x0000,0x0000,0x0000,0x0000,0x0000,0x0000,0x0000,0x0000,0x0000,0x0000,0x0000,0x0000,0x0000,
    0x0000,0x0000,0x0000,0x0000,0x0000,0x0000,0x0000,0x0000,0x0000,0x0000,0x0000,0x0000,0x0000,0x0000,0x0000,0x0000,
    0x0000,0x0000,0x0000,0x0000,0x0000,0x0000,0x0000,0x0000,0x0000,0x0000,0x0000,0x0000,0x0000,0x0000,0x0000,0x0000,
    0x0000,0x0000,0x0000,0x0000,0x0000,0x0000,0x0000,0x0000,0x0000,0x0000,0x0000,0x0000,0x0000,0x0000,0x0000,0x0000,
    0x0000,0x0000,0x0000,0x0000,0x0000,0x0000,0x0000,0x0000,0x0000,0x0000,0x0000,0x0000,0x0000,0x0000,0x0000,0x0000,
    0x0000,0x0000,0x0000,0x0000,0x0000,0x0000,0x0000,0x0000,0x0000,0x0000,0x0000,0x0000,0x0000,0x0000,0x0000,0x0000,
    0x0000,0x0000,0x0000,0x0000,0x0000,0x0000,0x0000,0x0000,0x0000,0x0000,0x0000,0x0000,0x0000,0x0000,0x0000,0x0000,
    0x0000,0x0000,0x0000,0x0000,0x0000,0x0000,0x0000,0x0000,0x0000,0x0000,0x0000,0x0000,0x0000,0x0000,0x0000,0x0000,
    0x0000,0x0000,0x0000,0x0000,0x0000,0x0000,0x0000,0x0000,0x0000,0x0000,0x0000,0x0000,0x0000,0x0000,0x0000,0x0000,
    0x0000,0x0000,0x0000,0x0000,0x0000,0x0000,0x0000,0x0000,0x0000,0x0000,0x0000,0x0000,0x0000,0x0000,0x0000,0x0000,
    0x0000,0x0000,0x0000,0x0000,0x0000,0x0000,0x0000,0x0000,0x0000,0x0000,0x0000,0x0000,0x0000,0x0000,0x0000,0x0000,
    0x0000,0x0000,0x0000,0x0000,0x0000,0x0000,0x0000,0x0000,0x0000,0x0000,0x0000,0x0000,0x0000,0x0000,0x0000,0x0000,
    0x0000,0x0000,0x0000,0x0000,0x0000,0x0000,0x0000,0x0000,0x0000,0x0000,0x0000,0x0000,0x0000,0x0000,0x0000,0x0000,
    0x0000,0x0000,0x0000,0x0000,0x0000,0x0000,0x0000,0x0000,0x0000,0x0000,0x0000,0x0000,0x0000,0x0000,0x0000,0x0000,
    0x0000,0x0000,0x0000,0x0000,0x0000,0x0000,0x0000,0x0000,0x0000,0x0000,0x0000,0x0000,0x0000,0x0000,0x0000,0x0000,
    0x0000,0x0000,0x0000,0x0000,0x0000,0x0000,0x0000,0x0000,0x0000,0x0000,0x0000,0x0000,0x0000,0x0000,0x0000,0x0000,
    0x0000,0x0000,0x0000,0x0000,0x0000,0x0000,0x0000,0x0000,0x0000,0x0000,0x0000,0x0000,0x0000,0x0000,0x0000,0x0000,
    0x0000,0x0000,0x0000,0x0000,0x0000,0x0000,0x0000,0x0000,0x0000,0x0000,0x0000,0x0000,0x0000,0x0000,0x0000,0x0000,
    0x0000,0x0000,0x0000,0x0000,0x0000,0x0000,0x0000,0x0000,0x0000,0x0000,0x0000,0x0000,0x0000,0x0000,0x0000,0x0000,
    0x0000,0x0000,0x0000,0x0000,0x0000,0x0000,0x0000,0x0000,0x0000,0x0000,0x0000,0x0000,0x0000,0x0000,0x0000,0x0000,
    0x0000,0x0000,0x0000,0x0000,0x0000,0x0000,0x0000,0x0000,0x0000,0x0000,0x0000,0x0000,0x0000,0x0000,0x0000,0x0000,
    0x0000,0x0000,0x0000,0x0000,0x0000,0x0000,0x0000,0x0000,0x0000,0x0000,0x0000,0x0000,0x0000,0x0000,0x0000,0x0000,
    0x0000,0x0000,0x0000,0x0000,0x0000,0x0000,0x0000,0x0000,0x0000,0x0000,0x0000,0x0000,0x0000,0x0000,0x0000,0x0000,
    0x0000,0x0000,0x0000,0x0000,0x0000,0x0000,0x0000,0x0000,0x0000,0x0000,0x0000,0x0000,0x0000,0x0000,0x0000,0x0000,
    0x0000,0x0000,0x0000,0x0000,0x0000,0x0000,0x0000,0x0000,0x0000,0x0000,0x0000,0x0000,0x0000,0x0000,0x0000,0x0000,
    0x0000,0x0000,0x0000,0x0000,0x0000,0x0000,0x0000,0x0000,0x0000,0x0000,0x0000,0x0000,0x0000,0x0000,0x0000,0x0000,
    0x0000,0x0000,0x0000,0x0000,0x0000,0x0000,0x0000,0x0000,0x0000,0x0000,0x0000,0x0000,0x0000,0x0000,0x0000,0x0000,
    0x0000,0x0000,0x0000,0x0000,0x0000,0x0000,0x0000,0x0000,0x0000,0x0000,0x0000,0x0000,0x0000,0x0000,0x0000,0x0000,
    0x0000,0x0000,0x0000,0x0000,0x0000,0x0000,0x0000,0x0000,0x0000,0x0000,0x0000,0x0000,0x0000,0x0000,0x0000,0x0000,
    0x0000,0x0000,0x0000,0x0000,0x0000,0x0000,0x0000,0x0000,0x0000,0x0000,0x0000,0x0000,0x0000,0x0000,0x0000,0x0000,
    0x0000,0x0000,0x0000,0x0000,0x0000,0x0000,0x0000,0x0000,0x0000,0x0000,0x0000,0x0000,0x0000,0x0000,0x0000,0x0000,
    0x0000,0x0000,0x0000,0x0000,0x0000,0x0000,0x0000,0x0000,0x0000,0x0000,0x0000,0x0000,0x0000,0x0000,0x0000,0x0000,
    0x0000,0x0000,0x0000,0x0000,0x0000,0x0000,0x0000,0x0000,0x0000,0x0000,0x0000,0x0000,0x0000,0x0000,0x0000,0x0000,
    0x0000,0x0000,0x0000,0x0000,0x0000,0x0000,0x0000,0x0000,0x0000,0x0000,0x0000,0x0000,0x0000,0x0000,0x0000,0x0000,
    0x0000,0x0000,0x0000,0x0000,0x0000,0x0000,0x0000,0x0000,0x0000,0x0000,0x0000,0x0000,0x0000,0x0000,0x0000,0x0000,
    0x0000,0x0000,0x0000,0x0000,0x0000,0x0000,0x0000,0x0000,0x0000,0x0000,0x0000,0x0000,0x0000,0x0000,0x0000,0x0000,
    0x0000,0x0000,0x0000,0x0000,0x0000,0x0000,0x0000,0x0000,0x0000,0x0000,0x0000,0x0000,0x0000,0x0000,0x0000,0x0000,
    0x0000,0x0000,0x0000,0x0000,0x0000,0x0000,0x0000,0x0000,0x0000,0x0000,0x0000,0x0000,0x0000,0x0000,0x0000,0x0000,
    0x0000,0x0000,0x0000,0x0000,0x0000,0x0000,0x0000,0x0000,0x0000,0x0000,0x0000,0x0000,0x0000,0x0000,0x0000,0x0000,
    0x0000,0x0000,0x0000,0x0000,0x0000,0x0000,0x0000,0x0000,0x0000,0x0000,0x0000,0x0000,0x0000,0x0000,0x0000,0x0000,
    0x0000,0x0000,0x0000,0x0000,0x0000,0x0000,0x0000,0x0000,0x0000,0x0000,0x0000,0x0000,0x0000,0x0000,0x0000,0x0000,
    0x0000,0x0000,0x0000,0x0000,0x0000,0x0000,0x0000,0x0000,0x0000,0x0000,0x0000,0x0000,0x0000,0x0000,0x0000,0x0000,
    0x0000,0x0000,0x0000,0x0000,0x0000,0x0000,0x0000,0x0000,0x0000,0x0000,0x0000,0x0000,0x0000,0x0000,0x0000,0x0000,
    0x0000,0x0000,0x0000,0x0000,0x0000,0x0000,0x0000,0x0000,0x0000,0x0000,0x0000,0x0000,0x0000,0x0000,0x0000,0x0000,
    0x0000,0x0000,0x0000,0x0000,0x0000,0x0000,0x0000,0x0000,0x0000,0x0000,0x0000,0x0000,0x0000,0x0000,0x0000,0x0000,
    0x0000,0x0000,0x0000,0x0000,0x0000,0x0000,0x0000,0x0000,0x0000,0x0000,0x0000,0x0000,0x0000,0x0000,0x0000,0x0000,
    0x0000,0x0000,0x0000,0x0000,0x0000,0x0000,0x0000,0x0000,0x0000,0x0000,0x0000,0x0000,0x0000,0x0000,0x0000,0x0000,
    0x0000,0x0000,0x0000,0x0000,0x0000,0x0000,0x0000,0x0000,0x0000,0x0000,0x0000,0x0000,0x0000,0x0000,0x0000,0x0000,
    0x0000,0x0000,0x0000,0x0000,0x0000,0x0000,0x0000,0x0000,0x0000,0x0000,0x0000,0x0000,0x0000,0x0000,0x0000,0x0000,
    0x0000,0x0000,0x0000,0x0000,0x0000,0x0000,0x0000,0x0000,0x0000,0x0000,0x0000,0x0000,0x0000,0x0000,0x0000,0x0000,
    0x0000,0x0000,0x0000,0x0000,0x0000,0x0000,0x0000,0x0000,0x0000,0x0000,0x0000,0x0000,0x0000,0x0000,0x0000,0x0000,
    0x0000,0x0000,0x0000,0x0000,0x0000,0x0000,0x0000,0x0000,0x0000,0x0000,0x0000,0x0000,0x0000,0x0000,0x0000,0x0000,
    0x0000,0x0000,0x0000,0x0000,0x0000,0x0000,0x0000,0x0000,0x0000,0x0000,0x0000,0x0000,0x0000,0x0000,0x0000,0x0000,
    0x0000,0x0000,0x0000,0x0000,0x0000,0x0000,0x0000,0x0000,0x0000,0x0000,0x0000,0x0000,0x0000,0x0000,0x0000,0x0000,
    0x0000,0x0000,0x0000,0x0000,0x0000,0x0000,0x0000,0x0000,0x0000,0x0000,0x0000,0x0000,0x0000,0x0000,0x0000,0x0000,
    0x0000,0x0000,0x0000,0x0000,0x0000,0x0000,0x0000,0x0000,0x0000,0x0000,0x0000,0x0000,0x0000,0x0000,0x0000,0x0000,
    0x0000,0x0000,0x0000,0x0000,0x0000,0x0000,0x0000,0x0000,0x0000,0x0000,0x0000,0x0000,0x0000,0x0000,0x0000,0x0000,
    0x0000,0x0000,0x0000,0x0000,0x0000,0x0000,0x0000,0x0000,0x0000,0x0000,0x0000,0x0000,0x0000,0x0000,0x0000,0x0000,
    0x0000,0x0000,0x0000,0x0000,0x0000,0x0000,0x0000,0x0000,0x0000,0x0000,0x0000,0x0000,0x0000,0x0000,0x0000,0x0000,
    0x0000,0x0000,0x0000,0x0000,0x0000,0x0000,0x0000,0x0000,0x0000,0x0000,0x0000,0x0000,0x0000,0x0000,0x0000,0x0000,
    0x0000,0x0000,0x0000,0x0000,0x0000,0x0000,0x0000,0x0000,0x0000,0x0000,0x0000,0x0000,0x0000,0x0000,0x0000,0x0000,
    0x0000,0x0000,0x0000,0x0000,0x0000,0x0000,0x0000,0x0000,0x0000,0x0000,0x0000,0x0000,0x0000,0x0000,0x0000,0x0000,
    0x0000,0x0000,0x0000,0x0000,0x0000,0x0000,0x0000,0x0000,0x0000,0x0000,0x0000,0x0000,0x0000,0x0000,0x0000,0x0000,
    0x0000,0x0000,0x0000,0x0000,0x0000,0x0000,0x0000,0x0000,0x0000,0x0000,0x0000,0x0000,0x0000,0x0000,0x0000,0x0000,
    0x0000,0x0000,0x0000,0x0000,0x0000,0x0000,0x0000,0x0000,0x0000,0x0000,0x0000,0x0000,0x0000,0x0000,0x0000,0x0000,
    0x0000,0x0000,0x0000,0x0000,0x0000,0x0000,0x0000,0x0000,0x0000,0x0000,0x0000,0x0000,0x0000,0x0000,0x0000,0x0000,
    0x0000,0x0000,0x0000,0x0000,0x0000,0x0000,0x0000,0x0000,0x0000,0x0000,0x0000,0x0000,0x0000,0x0000,0x0000,0x0000,
    0x0000,0x0000,0x0000,0x0000,0x0000,0x0000,0x0000,0x0000,0x0000,0x0000,0x0000,0x0000,0x0000,0x0000,0x0000,0x0000,
    0x0000,0x0000,0x0000,0x0000,0x0000,0x0000,0x0000,0x0000,0x0000,0x0000,0x0000,0x0000,0x0000,0x0000,0x0000,0x0000,
    0x0000,0x0000,0x0000,0x0000,0x0000,0x0000,0x0000,0x0000,0x0000,0x0000,0x0000,0x0000,0x0000,0x0000,0x0000,0x0000,
    0x0000,0x0000,0x0000,0x0000,0x0000,0x0000,0x0000,0x0000,0x0000,0x0000,0x0000,0x0000,0x0000,0x0000,0x0000,0x0000,
    0x0000,0x0000,0x0000,0x0000,0x0000,0x0000,0x0000,0x0000,0x0000,0x0000,0x0000,0x0000,0x0000,0x0000,0x0000,0x0000,
    0x0000,0x0000,0x0000,0x0000,0x0000,0x0000,0x0000,0x0000,0x0000,0x0000,0x0000,0x0000,0x0000,0x0000,0x0000,0x0000,
    0x0000,0x0000,0x0000,0x0000,0x0000,0x0000,0x0000,0x0000,0x0000,0x0000,0x0000,0x0000,0x0000,0x0000,0x0000,0x0000,
    0x0000,0x0000,0x0000,0x0000,0x0000,0x0000,0x0000,0x0000,0x0000,0x0000,0x0000,0x0000,0x0000,0x0000,0x0000,0x0000,
    0x0000,0x0000,0x0000,0x0000,0x0000,0x0000,0x0000,0x0000,0x0000,0x0000,0x0000,0x0000,0x0000,0x0000,0x0000,0x0000,
    0x0000,0x0000,0x0000,0x0000,0x0000,0x0000,0x0000,0x0000,0x0000,0x0000,0x0000,0x0000,0x0000,0x0000,0x0000,0x0000,
    0x0000,0x0000,0x0000,0x0000,0x0000,0x0000,0x0000,0x0000,0x0000,0x0000,0x0000,0x0000,0x0000,0x0000,0x0000,0x0000,
    0x0000,0x0000,0x0000,0x0000,0x0000,0x0000,0x0000,0x0000,0x0000,0x0000,0x0000,0x0000,0x0000,0x0000,0x0000,0x0000,
    0x0000,0x0000,0x0000,0x0000,0x0000,0x0000,0x0000,0x0000,0x0000,0x0000,0x0000,0x0000,0x0000,0x0000,0x0000,0x0000,
    0x0000,0x0000,0x0000,0x0000,0x0000,0x0000,0x0000,0x0000,0x0000,0x0000,0x0000,0x0000,0x0000,0x0000,0x0000,0x0000,
    0x0000,0x0000,0x0000,0x0000,0x0000,0x0000,0x0000,0x0000,0x0000,0x0000,0x0000,0x0000,0x0000,0x0000,0x0000,0x0000,
    0x0000,0x0000,0x0000,0x0000,0x0000,0x0000,0x0000,0x0000,0x0000,0x0000,0x0000,0x0000,0x0000,0x0000,0x0000,0x0000,
    0x0000,0x0000,0x0000,0x0000,0x0000,0x0000,0x0000,0x0000,0x0000,0x0000,0x0000,0x0000,0x0000,0x0000,0x0000,0x0000,
    0x0000,0x0000,0x0000,0x0000,0x0000,0x0000,0x0000,0x0000,0x0000,0x0000,0x0000,0x0000,0x0000,0x0000,0x0000,0x0000,
    0x0000,0x0000,0x0000,0x0000,0x0000,0x0000,0x0000,0x0000,0x0000,0x0000,0x0000,0x0000,0x0000,0x0000,0x0000,0x0000,
    0x0000,0x0000,0x0000,0x0000,0x0000,0x0000,0x0000,0x0000,0x0000,0x0000,0x0000,0x0000,0x0000,0x0000,0x0000,0x0000,
    0x0000,0x0000,0x0000,0x0000,0x0000,0x0000,0x0000,0x0000,0x0000,0x0000,0x0000,0x0000,0x0000,0x0000,0x0000,0x0000,
    0x0000,0x0000,0x0000,0x0000,0x0000,0x0000,0x0000,0x0000,0x0000,0x0000,0x0000,0x0000,0x0000,0x0000,0x0000,0x0000,
    0x0000,0x0000,0x0000,0x0000,0x0000,0x0000,0x0000,0x0000,0x0000,0x0000,0x0000,0x0000,0x0000,0x0000,0x0000,0x0000,
    0x0000,0x0000,0x0000,0x0000,0x0000,0x0000,0x0000,0x0000,0x0000,0x0000,0x0000,0x0000,0x0000,0x0000,0x0000,0x0000,
    0x0000,0x0000,0x0000,0x0000,0x0000,0x0000,0x0000,0x0000,0x0000,0x0000,0x0000,0x0000,0x0000,0x0000,0x0000,0x0000,
    0x0000,0x0000,0x0000,0x0000,0x0000,0x0000,0x0000,0x0000,0x0000,0x0000,0x0000,0x0000,0x0000,0x0000,0x0000,0x0000,
    0x0000,0x0000,0x0000,0x0000,0x0000,0x0000,0x0000,0x0000,0x0000,0x0000,0x0000,0x0000,0x0000,0x0000,0x0000,0x0000,
    0x0000,0x0000,0x0000,0x0000,0x0000,0x0000,0x0000,0x0000,0x0000,0x0000,0x0000,0x0000,0x0000,0x0000,0x0000,0x0000,
    0x0000,0x0000,0x0000,0x0000,0x0000,0x0000,0x0000,0x0000,0x0000,0x0000,0x0000,0x0000,0x0000,0x0000,0x0000,0x0000,
    0x0000,0x0000,0x0000,0x0000,0x0000,0x0000,0x0000,0x0000,0x0000,0x0000,0x0000,0x0000,0x0000,0x0000,0x0000,0x0000,
    0x0000,0x0000,0x0000,0x0000,0x0000,0x0000,0x0000,0x0000,0x0000,0x0000,0x0000,0x0000,0x0000,0x0000,0x0000,0x0000,
    0x0000,0x0000,0x0000,0x0000,0x0000,0x0000,0x0000,0x0000,0x0000,0x0000,0x0000,0x0000,0x0000,0x0000,0x0000,0x0000,
    0x0000,0x0000,0x0000,0x0000,0x0000,0x0000,0x0000,0x0000,0x0000,0x0000,0x0000,0x0000,0x0000,0x0000,0x0000,0x0000,
    0x0000,0x0000,0x0000,0x0000,0x0000,0x0000,0x0000,0x0000,0x0000,0x0000,0x0000,0x0000,0x0000,0x0000,0x0000,0x0000,
    0x0000,0x0000,0x0000,0x0000,0x0000,0x0000,0x0000,0x0000,0x0000,0x0000,0x0000,0x0000,0x0000,0x0000,0x0000,0x0000,
    0x0000,0x0000,0x0000,0x0000,0x0000,0x0000,0x0000,0x0000,0x0000,0x0000,0x0000,0x0000,0x0000,0x0000,0x0000,0x0000,
    0x0000,0x0000,0x0000,0x0000,0x0000,0x0000,0x0000,0x0000,0x0000,0x0000,0x0000,0x0000,0x0000,0x0000,0x0000,0x0000,
    0x0000,0x0000,0x0000,0x0000,0x0000,0x0000,0x0000,0x0000,0x0000,0x0000,0x0000,0x0000,0x0000,0x0000,0x0000,0x0000,
    0x0000,0x0000,0x0000,0x0000,0x0000,0x0000,0x0000,0x0000,0x0000,0x0000,0x0000,0x0000,0x0000,0x0000,0x0000,0x0000,
    0x0000,0x0000,0x0000,0x0000,0x0000,0x0000,0x0000,0x0000,0x0000,0x0000,0x0000,0x0000,0x0000,0x0000,0x0000,0x0000,
    0x0000,0x0000,0x0000,0x0000,0x0000,0x0000,0x0000,0x0000,0x0000,0x0000,0x0000,0x0000,0x0000,0x0000,0x0000,0x0000,
    0x0000,0x0000,0x0000,0x0000,0x0000,0x0000,0x0000,0x0000,0x0000,0x0000,0x0000,0x0000,0x0000,0x0000,0x0000,0x0000,
    0x0000,0x0000,0x0000,0x0000,0x0000,0x0000,0x0000,0x0000,0x0000,0x0000,0x0000,0x0000,0x0000,0x0000,0x0000,0x0000,
    0x0000,0x0000,0x0000,0x0000,0x0000,0x0000,0x0000,0x0000,0x0000,0x0000,0x0000,0x0000,0x0000,0x0000,0x0000,0x0000,
    0x0000,0x0000,0x0000,0x0000,0x0000,0x0000,0x0000,0x0000,0x0000,0x0000,0x0000,0x0000,0x0000,0x0000,0x0000,0x0000,
    0x0000,0x0000,0x0000,0x0000,0x0000,0x0000,0x0000,0x0000,0x0000,0x0000,0x0000,0x0000,0x0000,0x0000,0x0000,0x0000,
    0x0000,0x0000,0x0000,0x0000,0x0000,0x0000,0x0000,0x0000,0x0000,0x0000,0x0000,0x0000,0x0000,0x0000,0x0000,0x0000,
    0x0000,0x0000,0x0000,0x0000,0x0000,0x0000,0x0000,0x0000,0x0000,0x0000,0x0000,0x0000,0x0000,0x0000,0x0000,0x0000,
    0x0000,0x0000,0x0000,0x0000,0x0000,0x0000,0x0000,0x0000,0x0000,0x0000,0x0000,0x0000,0x0000,0x0000,0x0000,0x0000,
    0x0000,0x0000,0x0000,0x0000,0x0000,0x0000,0x0000,0x0000,0x0000,0x0000,0x0000,0x0000,0x0000,0x0000,0x0000,0x0000,
    0x0000,0x0000,0x0000,0x0000,0x0000,0x0000,0x0000,0x0000,0x0000,0x0000,0x0000,0x0000,0x0000,0x0000,0x0000,0x0000,
    0x0000,0x0000,0x0000,0x0000,0x0000,0x0000,0x0000,0x0000,0x0000,0x0000,0x0000,0x0000,0x0000,0x0000,0x0000,0x0000,
    0x0000,0x0000,0x0000,0x0000,0x0000,0x0000,0x0000,0x0000,0x0000,0x0000,0x0000,0x0000,0x0000,0x0000,0x0000,0x0000,
    0x0000,0x0000,0x0000,0x0000,0x0000,0x0000,0x0000,0x0000,0x0000,0x0000,0x0000,0x0000,0x0000,0x0000,0x0000,0x0000,
    0x0000,0x0000,0x0000,0x0000,0x0000,0x0000,0x0000,0x0000,0x0000,0x0000,0x0000,0x0000,0x0000,0x0000,0x0000,0x0000,
    0x0000,0x0000,0x0000,0x0000,0x0000,0x0000,0x0000,0x0000,0x0000,0x0000,0x0000,0x0000,0x0000,0x0000,0x0000,0x0000,
    0x0000,0x0000,0x0000,0x0000,0x0000,0x0000,0x0000,0x0000,0x0000,0x0000,0x0000,0x0000,0x0000,0x0000,0x0000,0x0000,
    0x0000,0x0000,0x0000,0x0000,0x0000,0x0000,0x0000,0x0000,0x0000,0x0000,0x0000,0x0000,0x0000,0x0000,0x0000,0x0000,
    0x0000,0x0000,0x0000,0x0000,0x0000,0x0000,0x0000,0x0000,0x0000,0x0000,0x0000,0x0000,0x0000,0x0000,0x0000,0x0000,
    0x0000,0x0000,0x0000,0x0000,0x0000,0x0000,0x0000,0x0000,0x0000,0x0000,0x0000,0x0000,0x0000,0x0000,0x0000,0x0000,
    0x0000,0x0000,0x0000,0x0000,0x0000,0x0000,0x0000,0x0000,0x0000,0x0000,0x0000,0x0000,0x0000,0x0000,0x0000,0x0000,
    0x0000,0x0000,0x0000,0x0000,0x0000,0x0000,0x0000,0x0000,0x0000,0x0000,0x0000,0x0000,0x0000,0x0000,0x0000,0x0000,
    0x0000,0x0000,0x0000,0x0000,0x0000,0x0000,0x0000,0x0000,0x0000,0x0000,0x0000,0x0000,0x0000,0x0000,0x0000,0x0000,
    0x0000,0x0000,0x0000,0x0000,0x0000,0x0000,0x0000,0x0000,0x0000,0x0000,0x0000,0x0000,0x0000,0x0000,0x0000,0x0000,
    0x0000,0x0000,0x0000,0x0000,0x0000,0x0000,0x0000,0x0000,0x0000,0x0000,0x0000,0x0000,0x0000,0x0000,0x0000,0x0000,
    0x0000,0x0000,0x0000,0x0000,0x0000,0x0000,0x0000,0x0000,0x0000,0x0000,0x0000,0x0000,0x0000,0x0000,0x0000,0x0000,
    0x0000,0x0000,0x0000,0x0000,0x0000,0x0000,0x0000,0x0000,0x0000,0x0000,0x0000,0x0000,0x0000,0x0000,0x0000,0x0000,
    0x0000,0x0000,0x0000,0x0000,0x0000,0x0000,0x0000,0x0000,0x0000,0x0000,0x0000,0x0000,0x0000,0x0000,0x0000,0x0000,
    0x0000,0x0000,0x0000,0x0000,0x0000,0x0000,0x0000,0x0000,0x0000,0x0000,0x0000,0x0000,0x0000,0x0000,0x0000,0x0000,
    0x0000,0x0000,0x0000,0x0000,0x0000,0x0000,0x0000,0x0000,0x0000,0x0000,0x0000,0x0000,0x0000,0x0000,0x0000,0x0000,
    0x0000,0x0000,0x0000,0x0000,0x0000,0x0000,0x0000,0x0000,0x0000,0x0000,0x0000,0x0000,0x0000,0x0000,0x0000,0x0000,
    0x0000,0x0000,0x0000,0x0000,0x0000,0x0000,0x0000,0x0000,0x0000,0x0000,0x0000,0x0000,0x0000,0x0000,0x0000,0x0000,
    0x0000,0x0000,0x0000,0x0000,0x0000,0x0000,0x0000,0x0000,0x0000,0x0000,0x0000,0x0000,0x0000,0x0000,0x0000,0x0000,
    0x0000,0x0000,0x0000,0x0000,0x0000,0x0000,0x0000,0x0000,0x0000,0x0000,0x0000,0x0000,0x0000,0x0000,0x0000,0x0000,
    0x0000,0x0000,0x0000,0x0000,0x0000,0x0000,0x0000,0x0000,0x0000,0x0000,0x0000,0x0000,0x0000,0x0000,0x0000,0x0000,
    0x0000,0x0000,0x0000,0x0000,0x0000,0x0000,0x0000,0x0000,0x0000,0x0000,0x0000,0x0000,0x0000,0x0000,0x0000,0x0000,
    0x0000,0x0000,0x0000,0x0000,0x0000,0x0000,0x0000,0x0000,0x0000,0x0000,0x0000,0x0000,0x0000,0x0000,0x0000,0x0000,
    0x0000,0x0000,0x0000,0x0000,0x0000,0x0000,0x0000,0x0000,0x0000,0x0000,0x0000,0x0000,0x0000,0x0000,0x0000,0x0000,
    0x0000,0x0000,0x0000,0x0000,0x0000,0x0000,0x0000,0x0000,0x0000,0x0000,0x0000,0x0000,0x0000,0x0000,0x0000,0x0000,
    0x0000,0x0000,0x0000,0x0000,0x0000,0x0000,0x0000,0x0000,0x0000,0x0000,0x0000,0x0000,0x0000,0x0000,0x0000,0x0000,
    0x0000,0x0000,0x0000,0x0000,0x0000,0x0000,0x0000,0x0000,0x0000,0x0000,0x0000,0x0000,0x0000,0x0000,0x0000,0x0000,
    0x0000,0x0000,0x0000,0x0000,0x0000,0x0000,0x0000,0x0000,0x0000,0x0000,0x0000,0x0000,0x0000,0x0000,0x0000,0x0000,
    0x0000,0x0000,0x0000,0x0000,0x0000,0x0000,0x0000,0x0000,0x0000,0x0000,0x0000,0x0000,0x0000,0x0000,0x0000,0x0000,
    0x0000,0x0000,0x0000,0x0000,0x0000,0x0000,0x0000,0x0000,0x0000,0x0000,0x0000,0x0000,0x0000,0x0000,0x0000,0x0000,
    0x0000,0x0000,0x0000,0x0000,0x0000,0x0000,0x0000,0x0000,0x0000,0x0000,0x0000,0x0000,0x0000,0x0000,0x0000,0x0000,
    0x0000,0x0000,0x0000,0x0000,0x0000,0x0000,0x0000,0x0000,0x0000,0x0000,0x0000,0x0000,0x0000,0x0000,0x0000,0x0000,
    0x0000,0x0000,0x0000,0x0000,0x0000,0x0000,0x0000,0x0000,0x0000,0x0000,0x0000,0x0000,0x0000,0x0000,0x0000,0x0000,
    0x0000,0x0000,0x0000,0x0000,0x0000,0x0000,0x0000,0x0000,0x0000,0x0000,0x0000,0x0000,0x0000,0x0000,0x0000,0x0000,
    0x0000,0x0000,0x0000,0x0000,0x0000,0x0000,0x0000,0x0000,0x0000,0x0000,0x0000,0x0000,0x0000,0x0000,0x0000,0x0000,
    0x0000,0x0000,0x0000,0x0000,0x0000,0x0000,0x0000,0x0000,0x0000,0x0000,0x0000,0x0000,0x0000,0x0000,0x0000,0x0000,
    0x0000,0x0000,0x0000,0x0000,0x0000,0x0000,0x0000,0x0000,0x0000,0x0000,0x0000,0x0000,0x0000,0x0000,0x0000,0x0000,
    0x0000,0x0000,0x0000,0x0000,0x0000,0x0000,0x0000,0x0000,0x0000,0x0000,0x0000,0x0000,0x0000,0x0000,0x0000,0x0000,
    0x0000,0x0000,0x0000,0x0000,0x0000,0x0000,0x0000,0x0000,0x0000,0x0000,0x0000,0x0000,0x0000,0x0000,0x0000,0x0000,
    0x0000,0x0000,0x0000,0x0000,0x0000,0x0000,0x0000,0x0000,0x0000,0x0000,0x0000,0x0000,0x0000,0x0000,0x0000,0x0000,
    0x0000,0x0000,0x0000,0x0000,0x0000,0x0000,0x0000,0x0000,0x0000,0x0000,0x0000,0x0000,0x0000,0x0000,0x0000,0x0000,
    0x0000,0x0000,0x0000,0x0000,0x0000,0x0000,0x0000,0x0000,0x0000,0x0000,0x0000,0x0000,0x0000,0x0000,0x0000,0x0000,
    0x0000,0x0000,0x0000,0x0000,0x0000,0x0000,0x0000,0x0000,0x0000,0x0000,0x0000,0x0000,0x0000,0x0000,0x0000,0x0000,
    0x0000,0x0000,0x0000,0x0000,0x0000,0x0000,0x0000,0x0000,0x0000,0x0000,0x0000,0x0000,0x0000,0x0000,0x0000,0x0000,
    0x0000,0x0000,0x0000,0x0000,0x0000,0x0000,0x0000,0x0000,0x0000,0x0000,0x0000,0x0000,0x0000,0x0000,0x0000,0x0000,
    0x0000,0x0000,0x0000,0x0000,0x0000,0x0000,0x0000,0x0000,0x0000,0x0000,0x0000,0x0000,0x0000,0x0000,0x0000,0x0000,
    0x0000,0x0000,0x0000,0x0000,0x0000,0x0000,0x0000,0x0000,0x0000,0x0000,0x0000,0x0000,0x0000,0x0000,0x0000,0x0000,
    0x0000,0x0000,0x0000,0x0000,0x0000,0x0000,0x0000,0x0000,0x0000,0x0000,0x0000,0x0000,0x0000,0x0000,0x0000,0x0000,
    0x0000,0x0000,0x0000,0x0000,0x0000,0x0000,0x0000,0x0000,0x0000,0x0000,0x0000,0x0000,0x0000,0x0000,0x0000,0x0000,
    0x0000,0x0000,0x0000,0x0000,0x0000,0x0000,0x0000,0x0000,0x0000,0x0000,0x0000,0x0000,0x0000,0x0000,0x0000,0x0000,
    0x0000,0x0000,0x0000,0x0000,0x0000,0x0000,0x0000,0x0000,0x0000,0x0000,0x0000,0x0000,0x0000,0x0000,0x0000,0x0000,
    0x0000,0x0000,0x0000,0x0000,0x0000,0x0000,0x0000,0x0000,0x0000,0x0000,0x0000,0x0000,0x0000,0x0000,0x0000,0x0000,
    0x0000,0x0000,0x0000,0x0000,0x0000,0x0000,0x0000,0x0000,0x0000,0x0000,0x0000,0x0000,0x0000,0x0000,0x0000,0x0000,
    0x0000,0x0000,0x0000,0x0000,0x0000,0x0000,0x0000,0x0000,0x0000,0x0000,0x0000,0x0000,0x0000,0x0000,0x0000,0x0000,
    0x0000,0x0000,0x0000,0x0000,0x0000,0x0000,0x0000,0x0000,0x0000,0x0000,0x0000,0x0000,0x0000,0x0000,0x0000,0x0000,
    0x0000,0x0000,0x0000,0x0000,0x0000,0x0000,0x0000,0x0000,0x0000,0x0000,0x0000,0x0000,0x0000,0x0000,0x0000,0x0000,
    0x0000,0x0000,0x0000,0x0000,0x0000,0x0000,0x0000,0x0000,0x0000,0x0000,0x0000,0x0000,0x0000,0x0000,0x0000,0x0000,
    0x0000,0x0000,0x0000,0x0000,0x0000,0x0000,0x0000,0x0000,0x0000,0x0000,0x0000,0x0000,0x0000,0x0000,0x0000,0x0000,
    0x0000,0x0000,0x0000,0x0000,0x0000,0x0000,0x0000,0x0000,0x0000,0x0000,0x0000,0x0000,0x0000,0x0000,0x0000,0x0000,
    0x0000,0x0000,0x0000,0x0000,0x0000,0x0000,0x0000,0x0000,0x0000,0x0000,0x0000,0x0000,0x0000,0x0000,0x0000,0x0000,
    0x0000,0x0000,0x0000,0x0000,0x0000,0x0000,0x0000,0x0000,0x0000,0x0000,0x0000,0x0000,0x0000,0x0000,0x0000,0x0000,
    0x0000,0x0000,0x0000,0x0000,0x0000,0x0000,0x0000,0x0000,0x0000,0x0000,0x0000,0x0000,0x0000,0x0000,0x0000,0x0000,
    0x0000,0x0000,0x0000,0x0000,0x0000,0x0000,0x0000,0x0000,0x0000,0x0000,0x0000,0x0000,0x0000,0x0000,0x0000,0x0000,
    0x0000,0x0000,0x0000,0x0000,0x0000,0x0000,0x0000,0x0000,0x0000,0x0000,0x0000,0x0000,0x0000,0x0000,0x0000,0x0000,
    0x0000,0x0000,0x0000,0x0000,0x0000,0x0000,0x0000,0x0000,0x0000,0x0000,0x0000,0x0000,0x0000,0x0000,0x0000,0x0000,
    0x0000,0x0000,0x0000,0x0000,0x0000,0x0000,0x0000,0x0000,0x0000,0x0000,0x0000,0x0000,0x0000,0x0000,0x0000,0x0000,
    0x0000,0x0000,0x0000,0x0000,0x0000,0x0000,0x0000,0x0000,0x0000,0x0000,0x0000,0x0000,0x0000,0x0000,0x0000,0x0000,
    0x0000,0x0000,0x0000,0x0000,0x0000,0x0000,0x0000,0x0000,0x0000,0x0000,0x0000,0x0000,0x0000,0x0000,0x0000,0x0000,
    0x0000,0x0000,0x0000,0x0000,0x0000,0x0000,0x0000,0x0000,0x0000,0x0000,0x0000,0x0000,0x0000,0x0000,0x0000,0x0000,
    0x0000,0x0000,0x0000,0x0000,0x0000,0x0000,0x0000,0x0000,0x0000,0x0000,0x0000,0x0000,0x0000,0x0000,0x0000,0x0000,
    0x0000,0x0000,0x0000,0x0000,0x0000,0x0000,0x0000,0x0000,0x0000,0x0000,0x0000,0x0000,0x0000,0x0000,0x0000,0x0000,
    0x0000,0x0000,0x0000,0x0000,0x0000,0x0000,0x0000,0x0000,0x0000,0x0000,0x0000,0x0000,0x0000,0x0000,0x0000,0x0000,
    0x0000,0x0000,0x0000,0x0000,0x0000,0x0000,0x0000,0x0000,0x0000,0x0000,0x0000,0x0000,0x0000,0x0000,0x0000,0x0000,
    0x0000,0x0000,0x0000,0x0000,0x0000,0x0000,0x0000,0x0000,0x0000,0x0000,0x0000,0x0000,0x0000,0x0000,0x0000,0x0000,
    0x0000,0x0000,0x0000,0x0000,0x0000,0x0000,0x0000,0x0000,0x0000,0x0000,0x0000,0x0000,0x0000,0x0000,0x0000,0x0000,
    0x0000,0x0000,0x0000,0x0000,0x0000,0x0000,0x0000,0x0000,0x0000,0x0000,0x0000,0x0000,0x0000,0x0000,0x0000,0x0000,
    0x0000,0x0000,0x0000,0x0000,0x0000,0x0000,0x0000,0x0000,0x0000,0x0000,0x0000,0x0000,0x0000,0x0000,0x0000,0x0000,
    0x0000,0x0000,0x0000,0x0000,0x0000,0x0000,0x0000,0x0000,0x0000,0x0000,0x0000,0x0000,0x0000,0x0000,0x0000,0x0000,
    0x0000,0x0000,0x0000,0x0000,0x0000,0x0000,0x0000,0x0000,0x0000,0x0000,0x0000,0x0000,0x0000,0x0000,0x0000,0x0000,
    0x0000,0x0000,0x0000,0x0000,0x0000,0x0000,0x0000,0x0000,0x0000,0x0000,0x0000,0x0000,0x0000,0x0000,0x0000,0x0000,
    0x0000,0x0000,0x0000,0x0000,0x0000,0x0000,0x0000,0x0000,0x0000,0x0000,0x0000,0x0000,0x0000,0x0000,0x0000,0x0000,
    0x0000,0x0000,0x0000,0x0000,0x0000,0x0000,0x0000,0x0000,0x0000,0x0000,0x0000,0x0000,0x0000,0x0000,0x0000,0x0000,
    0x0000,0x0000,0x0000,0x0000,0x0000,0x0000,0x0000,0x0000,0x0000,0x0000,0x0000,0x0000,0x0000,0x0000,0x0000,0x0000,
    0x0000,0x0000,0x0000,0x0000,0x0000,0x0000,0x0000,0x0000,0x0000,0x0000,0x0000,0x0000,0x0000,0x0000,0x0000,0x0000,
    0x0000,0x0000,0x0000,0x0000,0x0000,0x0000,0x0000,0x0000,0x0000,0x0000,0x0000,0x0000,0x0000,0x0000,0x0000,0x0000,
    0x0000,0x0000,0x0000,0x0000,0x0000,0x0000,0x0000,0x0000,0x0000,0x0000,0x0000,0x0000,0x0000,0x0000,0x0000,0x0000,
    0x0000,0x0000,0x0000,0x0000,0x0000,0x0000,0x0000,0x0000,0x0000,0x0000,0x0000,0x0000,0x0000,0x0000,0x0000,0x0000,
    0x0000,0x0000,0x0000,0x0000,0x0000,0x0000,0x0000,0x0000,0x0000,0x0000,0x0000,0x0000,0x0000,0x0000,0x0000,0x0000,
    0x0000,0x0000,0x0000,0x0000,0x0000,0x0000,0x0000,0x0000,0x0000,0x0000,0x0000,0x0000,0x0000,0x0000,0x0000,0x0000,
    0x0000,0x0000,0x0000,0x0000,0x0000,0x0000,0x0000,0x0000,0x0000,0x0000,0x0000,0x0000,0x0000,0x0000,0x0000,0x0000,
    0x0000,0x0000,0x0000,0x0000,0x0000,0x0000,0x0000,0x0000,0x0000,0x0000,0x0000,0x0000,0x0000,0x0000,0x0000,0x0000,
    0x0000,0x0000,0x0000,0x0000,0x0000,0x0000,0x0000,0x0000,0x0000,0x0000,0x0000,0x0000,0x0000,0x0000,0x0000,0x0000,
    0x0000,0x0000,0x0000,0x0000,0x0000,0x0000,0x0000,0x0000,0x0000,0x0000,0x0000,0x0000,0x0000,0x0000,0x0000,0x0000,
    0x0000,0x0000,0x0000,0x0000,0x0000,0x0000,0x0000,0x0000,0x0000,0x0000,0x0000,0x0000,0x0000,0x0000,0x0000,0x0000,
    0x0000,0x0000,0x0000,0x0000,0x0000,0x0000,0x0000,0x0000,0x0000,0x0000,0x0000,0x0000,0x0000,0x0000,0x0000,0x0000,
    0x0000,0x0000,0x0000,0x0000,0x0000,0x0000,0x0000,0x0000,0x0000,0x0000,0x0000,0x0000,0x0000,0x0000,0x0000,0x0000,
    0x0000,0x0000,0x0000,0x0000,0x0000,0x0000,0x0000,0x0000,0x0000,0x0000,0x0000,0x0000,0x0000,0x0000,0x0000,0x0000,
    0x0000,0x0000,0x0000,0x0000,0x0000,0x0000,0x0000,0x0000,0x0000,0x0000,0x0000,0x0000,0x0000,0x0000,0x0000,0x0000,
    0x0000,0x0000,0x0000,0x0000,0x0000,0x0000,0x0000,0x0000,0x0000,0x0000,0x0000,0x0000,0x0000,0x0000,0x0000,0x0000,
    0x0000,0x0000,0x0000,0x0000,0x0000,0x0000,0x0000,0x0000,0x0000,0x0000,0x0000,0x0000,0x0000,0x0000,0x0000,0x0000,
    0x0000,0x0000,0x0000,0x0000,0x0000,0x0000,0x0000,0x0000,0x0000,0x0000,0x0000,0x0000,0x0000,0x0000,0x0000,0x0000,
    0x0000,0x0000,0x0000,0x0000,0x0000,0x0000,0x0000,0x0000,0x0000,0x0000,0x0000,0x0000,0x0000,0x0000,0x0000,0x0000,
    0x0000,0x0000,0x0000,0x0000,0x0000,0x0000,0x0000,0x0000,0x0000,0x0000,0x0000,0x0000,0x0000,0x0000,0x0000,0x0000,
    0x0000,0x0000,0x0000,0x0000,0x0000,0x0000,0x0000,0x0000,0x0000,0x0000,0x0000,0x0000,0x0000,0x0000,0x0000,0x0000,
    0x0000,0x0000,0x0000,0x0000,0x0000,0x0000,0x0000,0x0000,0x0000,0x0000,0x0000,0x0000,0x0000,0x0000,0x0000,0x0000,
    0x0000,0x0000,0x0000,0x0000,0x0000,0x0000,0x0000,0x0000,0x0000,0x0000,0x0000,0x0000,0x0000,0x0000,0x0000,0x0000,
    0x0000,0x0000,0x0000,0x0000,0x0000,0x0000,0x0000,0x0000,0x0000,0x0000,0x0000,0x0000,0x0000,0x0000,0x0000,0x0000,
    0x0000,0x0000,0x0000,0x0000,0x0000,0x0000,0x0000,0x0000,0x0000,0x0000,0x0000,0x0000,0x0000,0x0000,0x0000,0x0000,
    0x0000,0x0000,0x0000,0x0000,0x0000,0x0000,0x0000,0x0000,0x0000,0x0000,0x0000,0x0000,0x0000,0x0000,0x0000,0x0000,
    0x0000,0x0000,0x0000,0x0000,0x0000,0x0000,0x0000,0x0000,0x0000,0x0000,0x0000,0x0000,0x0000,0x0000,0x0000,0x0000,
    0x0000,0x0000,0x0000,0x0000,0x0000,0x0000,0x0000,0x0000,0x0000,0x0000,0x0000,0x0000,0x0000,0x0000,0x0000,0x0000,
    0x0000,0x0000,0x0000,0x0000,0x0000,0x0000,0x0000,0x0000,0x0000,0x0000,0x0000,0x0000,0x0000,0x0000,0x0000,0x0000,
    0x0000,0x0000,0x0000,0x0000,0x0000,0x0000,0x0000,0x0000,0x0000,0x0000,0x0000,0x0000,0x0000,0x0000,0x0000,0x0000,
    0x0000,0x0000,0x0000,0x0000,0x0000,0x0000,0x0000,0x0000,0x0000,0x0000,0x0000,0x0000,0x0000,0x0000,0x0000,0x0000,
    0x0000,0x0000,0x0000,0x0000,0x0000,0x0000,0x0000,0x0000,0x0000,0x0000,0x0000,0x0000,0x0000,0x0000,0x0000,0x0000,
    0x0000,0x0000,0x0000,0x0000,0x0000,0x0000,0x0000,0x0000,0x0000,0x0000,0x0000,0x0000,0x0000,0x0000,0x0000,0x0000,
    0x0000,0x0000,0x0000,0x0000,0x0000,0x0000,0x0000,0x0000,0x0000,0x0000,0x0000,0x0000,0x0000,0x0000,0x0000,0x0000,
    0x0000,0x0000,0x0000,0x0000,0x0000,0x0000,0x0000,0x0000,0x0000,0x0000,0x0000,0x0000,0x0000,0x0000,0x0000,0x0000,
    0x0000,0x0000,0x0000,0x0000,0x0000,0x0000,0x0000,0x0000,0x0000,0x0000,0x0000,0x0000,0x0000,0x0000,0x0000,0x0000,
    0x0000,0x0000,0x0000,0x0000,0x0000,0x0000,0x0000,0x0000,0x0000,0x0000,0x0000,0x0000,0x0000,0x0000,0x0000,0x0000,
    0x0000,0x0000,0x0000,0x0000,0x0000,0x0000,0x0000,0x0000,0x0000,0x0000,0x0000,0x0000,0x0000,0x0000,0x0000,0x0000,
    0x0000,0x0000,0x0000,0x0000,0x0000,0x0000,0x0000,0x0000,0x0000,0x0000,0x0000,0x0000,0x0000,0x0000,0x0000,0x0000,
    0x0000,0x0000,0x0000,0x0000,0x0000,0x0000,0x0000,0x0000,0x0000,0x0000,0x0000,0x0000,0x0000,0x0000,0x0000,0x0000,
    0x0000,0x0000,0x0000,0x0000,0x0000,0x0000,0x0000,0x0000,0x0000,0x0000,0x0000,0x0000,0x0000,0x0000,0x0000,0x0000,
    0x0000,0x0000,0x0000,0x0000,0x0000,0x0000,0x0000,0x0000,0x0000,0x0000,0x0000,0x0000,0x0000,0x0000,0x0000,0x0000,
    0x0000,0x0000,0x0000,0x0000,0x0000,0x0000,0x0000,0x0000,0x0000,0x0000,0x0000,0x0000,0x0000,0x0000,0x0000,0x0000,
    0x0000,0x0000,0x0000,0x0000,0x0000,0x0000,0x0000,0x0000,0x0000,0x0000,0x0000,0x0000,0x0000,0x0000,0x0000,0x0000,
    0x0000,0x0000,0x0000,0x0000,0x0000,0x0000,0x0000,0x0000,0x0000,0x0000,0x0000,0x0000,0x0000,0x0000,0x0000,0x0000,
    0x0000,0x0000,0x0000,0x0000,0x0000,0x0000,0x0000,0x0000,0x0000,0x0000,0x0000,0x0000,0x0000,0x0000,0x0000,0x0000,
    0x0000,0x0000,0x0000,0x0000,0x0000,0x0000,0x0000,0x0000,0x0000,0x0000,0x0000,0x0000,0x0000,0x0000,0x0000,0x0000,
    0x0000,0x0000,0x0000,0x0000,0x0000,0x0000,0x0000,0x0000,0x0000,0x0000,0x0000,0x0000,0x0000,0x0000,0x0000,0x0000,
    0x0000,0x0000,0x0000,0x0000,0x0000,0x0000,0x0000,0x0000,0x0000,0x0000,0x0000,0x0000,0x0000,0x0000,0x0000,0x0000,
    0x0000,0x0000,0x0000,0x0000,0x0000,0x0000,0x0000,0x0000,0x0000,0x0000,0x0000,0x0000,0x0000,0x0000,0x0000,0x0000,
    0x0000,0x0000,0x0000,0x0000,0x0000,0x0000,0x0000,0x0000,0x0000,0x0000,0x0000,0x0000,0x0000,0x0000,0x0000,0x0000,
    0x0000,0x0000,0x0000,0x0000,0x0000,0x0000,0x0000,0x0000,0x0000,0x0000,0x0000,0x0000,0x0000,0x0000,0x0000,0x0000,
    0x0000,0x0000,0x0000,0x0000,0x0000,0x0000,0x0000,0x0000,0x0000,0x0000,0x0000,0x0000,0x0000,0x0000,0x0000,0x0000,
    0x0000,0x0000,0x0000,0x0000,0x0000,0x0000,0x0000,0x0000,0x0000,0x0000,0x0000,0x0000,0x0000,0x0000,0x0000,0x0000,
    0x0000,0x0000,0x0000,0x0000,0x0000,0x0000,0x0000,0x0000,0x0000,0x0000,0x0000,0x0000,0x0000,0x0000,0x0000,0x0000,
    0x0000,0x0000,0x0000,0x0000,0x0000,0x0000,0x0000,0x0000,0x0000,0x0000,0x0000,0x0000,0x0000,0x0000,0x0000,0x0000,
    0x0000,0x0000,0x0000,0x0000,0x0000,0x0000,0x0000,0x0000,0x0000,0x0000,0x0000,0x0000,0x0000,0x0000,0x0000,0x0000,
    0x0000,0x0000,0x0000,0x0000,0x0000,0x0000,0x0000,0x0000,0x0000,0x0000,0x0000,0x0000,0x0000,0x0000,0x0000,0x0000,
    0x0000,0x0000,0x0000,0x0000,0x0000,0x0000,0x0000,0x0000,0x0000,0x0000,0x0000,0x0000,0x0000,0x0000,0x0000,0x0000,
    0x0000,0x0000,0x0000,0x0000,0x0000,0x0000,0x0000,0x0000,0x0000,0x0000,0x0000,0x0000,0x0000,0x0000,0x0000,0x0000,
    0x0000,0x0000,0x0000,0x0000,0x0000,0x0000,0x0000,0x0000,0x0000,0x0000,0x0000,0x0000,0x0000,0x0000,0x0000,0x0000,
    0x0000,0x0000,0x0000,0x0000,0x0000,0x0000,0x0000,0x0000,0x0000,0x0000,0x0000,0x0000,0x0000,0x0000,0x0000,0x0000,
    0x0000,0x0000,0x0000,0x0000,0x0000,0x0000,0x0000,0x0000,0x0000,0x0000,0x0000,0x0000,0x0000,0x0000,0x0000,0x0000,
    0x0000,0x0000,0x0000,0x0000,0x0000,0x0000,0x0000,0x0000,0x0000,0x0000,0x0000,0x0000,0x0000,0x0000,0x0000,0x0000,
    0x0000,0x0000,0x0000,0x0000,0x0000,0x0000,0x0000,0x0000,0x0000,0x0000,0x0000,0x0000,0x0000,0x0000,0x0000,0x0000,
    0x0000,0x0000,0x0000,0x0000,0x0000,0x0000,0x0000,0x0000,0x0000,0x0000,0x0000,0x0000,0x0000,0x0000,0x0000,0x0000,
    0x0000,0x0000,0x0000,0x0000,0x0000,0x0000,0x0000,0x0000,0x0000,0x0000,0x0000,0x0000,0x0000,0x0000,0x0000,0x0000,
    0x0000,0x0000,0x0000,0x0000,0x0000,0x0000,0x0000,0x0000,0x0000,0x0000,0x0000,0x0000,0x0000,0x0000,0x0000,0x0000,
    0x0000,0x0000,0x0000,0x0000,0x0000,0x0000,0x0000,0x0000,0x0000,0x0000,0x0000,0x0000,0x0000,0x0000,0x0000,0x0000,
    0x0000,0x0000,0x0000,0x0000,0x0000,0x0000,0x0000,0x0000,0x0000,0x0000,0x0000,0x0000,0x0000,0x0000,0x0000,0x0000,
    0x0000,0x0000,0x0000,0x0000,0x0000,0x0000,0x0000,0x0000,0x0000,0x0000,0x0000,0x0000,0x0000,0x0000,0x0000,0x0000,
    0x0000,0x0000,0x0000,0x0000,0x0000,0x0000,0x0000,0x0000,0x0000,0x0000,0x0000,0x0000,0x0000,0x0000,0x0000,0x0000,
    0x0000,0x0000,0x0000,0x0000,0x0000,0x0000,0x0000,0x0000,0x0000,0x0000,0x0000,0x0000,0x0000,0x0000,0x0000,0x0000,
    0x0000,0x0000,0x0000,0x0000,0x0000,0x0000,0x0000,0x0000,0x0000,0x0000,0x0000,0x0000,0x0000,0x0000,0x0000,0x0000,
    0x0000,0x0000,0x0000,0x0000,0x0000,0x0000,0x0000,0x0000,0x0000,0x0000,0x0000,0x0000,0x0000,0x0000,0x0000,0x0000,
    0x0000,0x0000,0x0000,0x0000,0x0000,0x0000,0x0000,0x0000,0x0000,0x0000,0x0000,0x0000,0x0000,0x0000,0x0000,0x0000,
    0x0000,0x0000,0x0000,0x0000,0x0000,0x0000,0x0000,0x0000,0x0000,0x0000,0x0000,0x0000,0x0000,0x0000,0x0000,0x0000,
    0x0000,0x0000,0x0000,0x0000,0x0000,0x0000,0x0000,0x0000,0x0000,0x0000,0x0000,0x0000,0x0000,0x0000,0x0000,0x0000,
    0x0000,0x0000,0x0000,0x0000,0x0000,0x0000,0x0000,0x0000,0x0000,0x0000,0x0000,0x0000,0x0000,0x0000,0x0000,0x0000,
    0x0000,0x0000,0x0000,0x0000,0x0000,0x0000,0x0000,0x0000,0x0000,0x0000,0x0000,0x0000,0x0000,0x0000,0x0000,0x0000,
    0x0000,0x0000,0x0000,0x0000,0x0000,0x0000,0x0000,0x0000,0x0000,0x0000,0x0000,0x0000,0x0000,0x0000,0x0000,0x0000,
    0x0000,0x0000,0x0000,0x0000,0x0000,0x0000,0x0000,0x0000,0x0000,0x0000,0x0000,0x0000,0x0000,0x0000,0x0000,0x0000,
    0x0000,0x0000,0x0000,0x0000,0x0000,0x0000,0x0000,0x0000,0x0000,0x0000,0x0000,0x0000,0x0000,0x0000,0x0000,0x0000,
    0x0000,0x0000,0x0000,0x0000,0x0000,0x0000,0x0000,0x0000,0x0000,0x0000,0x0000,0x0000,0x0000,0x0000,0x0000,0x0000,
    0x0000,0x0000,0x0000,0x0000,0x0000,0x0000,0x0000,0x0000,0x0000,0x0000,0x0000,0x0000,0x0000,0x0000,0x0000,0x0000,
    0x0000,0x0000,0x0000,0x0000,0x0000,0x0000,0x0000,0x0000,0x0000,0x0000,0x0000,0x0000,0x0000,0x0000,0x0000,0x0000,
    0x0000,0x0000,0x0000,0x0000,0x0000,0x0000,0x0000,0x0000,0x0000,0x0000,0x0000,0x0000,0x0000,0x0000,0x0000,0x0000,
    0x0000,0x0000,0x0000,0x0000,0x0000,0x0000,0x0000,0x0000,0x0000,0x0000,0x0000,0x0000,0x0000,0x0000,0x0000,0x0000,
    0x0000,0x0000,0x0000,0x0000,0x0000,0x0000,0x0000,0x0000,0x0000,0x0000,0x0000,0x0000,0x0000,0x0000,0x0000,0x0000,
    0x0000,0x0000,0x0000,0x0000,0x0000,0x0000,0x0000,0x0000,0x0000,0x0000,0x0000,0x0000,0x0000,0x0000,0x0000,0x0000,
    0x0000,0x0000,0x0000,0x0000,0x0000,0x0000,0x0000,0x0000,0x0000,0x0000,0x0000,0x0000,0x0000,0x0000,0x0000,0x0000,
    0x0000,0x0000,0x0000,0x0000,0x0000,0x0000,0x0000,0x0000,0x0000,0x0000,0x0000,0x0000,0x0000,0x0000,0x0000,0x0000,
    0x0000,0x0000,0x0000,0x0000,0x0000,0x0000,0x0000,0x0000,0x0000,0x0000,0x0000,0x0000,0x0000,0x0000,0x0000,0x0000,
    0x0000,0x0000,0x0000,0x0000,0x0000,0x0000,0x0000,0x0000,0x0000,0x0000,0x0000,0x0000,0x0000,0x0000,0x0000,0x0000,
    0x0000,0x0000,0x0000,0x0000,0x0000,0x0000,0x0000,0x0000,0x0000,0x0000,0x0000,0x0000,0x0000,0x0000,0x0000,0x0000,
    0x0000,0x0000,0x0000,0x0000,0x0000,0x0000,0x0000,0x0000,0x0000,0x0000,0x0000,0x0000,0x0000,0x0000,0x0000,0x0000,
    0x0000,0x0000,0x0000,0x0000,0x0000,0x0000,0x0000,0x0000,0x0000,0x0000,0x0000,0x0000,0x0000,0x0000,0x0000,0x0000,
    0x0000,0x0000,0x0000,0x0000,0x0000,0x0000,0x0000,0x0000,0x0000,0x0000,0x0000,0x0000,0x0000,0x0000,0x0000,0x0000,
    0x0000,0x0000,0x0000,0x0000,0x0000,0x0000,0x0000,0x0000,0x0000,0x0000,0x0000,0x0000,0x0000,0x0000,0x0000,0x0000,
    0x0000,0x0000,0x0000,0x0000,0x0000,0x0000,0x0000,0x0000,0x0000,0x0000,0x0000,0x0000,0x0000,0x0000,0x0000,0x0000,
    0x0000,0x0000,0x0000,0x0000,0x0000,0x0000,0x0000,0x0000,0x0000,0x0000,0x0000,0x0000,0x0000,0x0000,0x0000,0x0000,
    0x0000,0x0000,0x0000,0x0000,0x0000,0x0000,0x0000,0x0000,0x0000,0x0000,0x0000,0x0000,0x0000,0x0000,0x0000,0x0000,
    0x0000,0x0000,0x0000,0x0000,0x0000,0x0000,0x0000,0x0000,0x0000,0x0000,0x0000,0x0000,0x0000,0x0000,0x0000,0x0000,
    0x0000,0x0000,0x0000,0x0000,0x0000,0x0000,0x0000,0x0000,0x0000,0x0000,0x0000,0x0000,0x0000,0x0000,0x0000,0x0000,
    0x0000,0x0000,0x0000,0x0000,0x0000,0x0000,0x0000,0x0000,0x0000,0x0000,0x0000,0x0000,0x0000,0x0000,0x0000,0x0000,
    0x0000,0x0000,0x0000,0x0000,0x0000,0x0000,0x0000,0x0000,0x0000,0x0000,0x0000,0x0000,0x0000,0x0000,0x0000,0x0000,
    0x0000,0x0000,0x0000,0x0000,0x0000,0x0000,0x0000,0x0000,0x0000,0x0000,0x0000,0x0000,0x0000,0x0000,0x0000,0x0000,
    0x0000,0x0000,0x0000,0x0000,0x0000,0x0000,0x0000,0x0000,0x0000,0x0000,0x0000,0x0000,0x0000,0x0000,0x0000,0x0000,
    0x0000,0x0000,0x0000,0x0000,0x0000,0x0000,0x0000,0x0000,0x0000,0x0000,0x0000,0x0000,0x0000,0x0000,0x0000,0x0000,
    0x0000,0x0000,0x0000,0x0000,0x0000,0x0000,0x0000,0x0000,0x0000,0x0000,0x0000,0x0000,0x0000,0x0000,0x0000,0x0000,
    0x0000,0x0000,0x0000,0x0000,0x0000,0x0000,0x0000,0x0000,0x0000,0x0000,0x0000,0x0000,0x0000,0x0000,0x0000,0x0000,
    0x0000,0x0000,0x0000,0x0000,0x0000,0x0000,0x0000,0x0000,0x0000,0x0000,0x0000,0x0000,0x0000,0x0000,0x0000,0x0000,
    0x0000,0x0000,0x0000,0x0000,0x0000,0x0000,0x0000,0x0000,0x0000,0x0000,0x0000,0x0000,0x0000,0x0000,0x0000,0x0000,
    0x0000,0x0000,0x0000,0x0000,0x0000,0x0000,0x0000,0x0000,0x0000,0x0000,0x0000,0x0000,0x0000,0x0000,0x0000,0x0000,
    0x0000,0x0000,0x0000,0x0000,0x0000,0x0000,0x0000,0x0000,0x0000,0x0000,0x0000,0x0000,0x0000,0x0000,0x0000,0x0000,
    0x0000,0x0000,0x0000,0x0000,0x0000,0x0000,0x0000,0x0000,0x0000,0x0000,0x0000,0x0000,0x0000,0x0000,0x0000,0x0000,
    0x0000,0x0000,0x0000,0x0000,0x0000,0x0000,0x0000,0x0000,0x0000,0x0000,0x0000,0x0000,0x0000,0x0000,0x0000,0x0000,
    0x0000,0x0000,0x0000,0x0000,0x0000,0x0000,0x0000,0x0000,0x0000,0x0000,0x0000,0x0000,0x0000,0x0000,0x0000,0x0000,
    0x0000,0x0000,0x0000,0x0000,0x0000,0x0000,0x0000,0x0000,0x0000,0x0000,0x0000,0x0000,0x0000,0x0000,0x0000,0x0000,
    0x0000,0x0000,0x0000,0x0000,0x0000,0x0000,0x0000,0x0000,0x0000,0x0000,0x0000,0x0000,0x0000,0x0000,0x0000,0x0000,
    0x0000,0x0000,0x0000,0x0000,0x0000,0x0000,0x0000,0x0000,0x0000,0x0000,0x0000,0x0000,0x0000,0x0000,0x0000,0x0000,
    0x0000,0x0000,0x0000,0x0000,0x0000,0x0000,0x0000,0x0000,0x0000,0x0000,0x0000,0x0000,0x0000,0x0000,0x0000,0x0000,
    0x0000,0x0000,0x0000,0x0000,0x0000,0x0000,0x0000,0x0000,0x0000,0x0000,0x0000,0x0000,0x0000,0x0000,0x0000,0x0000,
    0x0000,0x0000,0x0000,0x0000,0x0000,0x0000,0x0000,0x0000,0x0000,0x0000,0x0000,0x0000,0x0000,0x0000,0x0000,0x0000,
    0x0000,0x0000,0x0000,0x0000,0x0000,0x0000,0x0000,0x0000,0x0000,0x0000,0x0000,0x0000,0x0000,0x0000,0x0000,0x0000,
    0x0000,0x0000,0x0000,0x0000,0x0000,0x0000,0x0000,0x0000,0x0000,0x0000,0x0000,0x0000,0x0000,0x0000,0x0000,0x0000,
    0x0000,0x0000,0x0000,0x0000,0x0000,0x0000,0x0000,0x0000,0x0000,0x0000,0x0000,0x0000,0x0000,0x0000,0x0000,0x0000,
    0x0000,0x0000,0x0000,0x0000,0x0000,0x0000,0x0000,0x0000,0x0000,0x0000,0x0000,0x0000,0x0000,0x0000,0x0000,0x0000,
    0x0000,0x0000,0x0000,0x0000,0x0000,0x0000,0x0000,0x0000,0x0000,0x0000,0x0000,0x0000,0x0000,0x0000,0x0000,0x0000,
    0x0000,0x0000,0x0000,0x0000,0x0000,0x0000,0x0000,0x0000,0x0000,0x0000,0x0000,0x0000,0x0000,0x0000,0x0000,0x0000,
    0x0000,0x0000,0x0000,0x0000,0x0000,0x0000,0x0000,0x0000,0x0000,0x0000,0x0000,0x0000,0x0000,0x0000,0x0000,0x0000,
    0x0000,0x0000,0x0000,0x0000,0x0000,0x0000,0x0000,0x0000,0x0000,0x0000,0x0000,0x0000,0x0000,0x0000,0x0000,0x0000,
    0x0000,0x0000,0x0000,0x0000,0x0000,0x0000,0x0000,0x0000,0x0000,0x0000,0x0000,0x0000,0x0000,0x0000,0x0000,0x0000,
    0x0000,0x0000,0x0000,0x0000,0x0000,0x0000,0x0000,0x0000,0x0000,0x0000,0x0000,0x0000,0x0000,0x0000,0x0000,0x0000,
    0x0000,0x0000,0x0000,0x0000,0x0000,0x0000,0x0000,0x0000,0x0000,0x0000,0x0000,0x0000,0x0000,0x0000,0x0000,0x0000,
    0x0000,0x0000,0x0000,0x0000,0x0000,0x0000,0x0000,0x0000,0x0000,0x0000,0x0000,0x0000,0x0000,0x0000,0x0000,0x0000,
    0x0000,0x0000,0x0000,0x0000,0x0000,0x0000,0x0000,0x0000,0x0000,0x0000,0x0000,0x0000,0x0000,0x0000,0x0000,0x0000,
    0x0000,0x0000,0x0000,0x0000,0x0000,0x0000,0x0000,0x0000,0x0000,0x0000,0x0000,0x0000,0x0000,0x0000,0x0000,0x0000,
    0x0000,0x0000,0x0000,0x0000,0x0000,0x0000,0x0000,0x0000,0x0000,0x0000,0x0000,0x0000,0x0000,0x0000,0x0000,0x0000,
    0x0000,0x0000,0x0000,0x0000,0x0000,0x0000,0x0000,0x0000,0x0000,0x0000,0x0000,0x0000,0x0000,0x0000,0x0000,0x0000,
    0x0000,0x0000,0x0000,0x0000,0x0000,0x0000,0x0000,0x0000,0x0000,0x0000,0x0000,0x0000,0x0000,0x0000,0x0000,0x0000,
    0x0000,0x0000,0x0000,0x0000,0x0000,0x0000,0x0000,0x0000,0x0000,0x0000,0x0000,0x0000,0x0000,0x0000,0x0000,0x0000,
    0x0000,0x0000,0x0000,0x0000,0x0000,0x0000,0x0000,0x0000,0x0000,0x0000,0x0000,0x0000,0x0000,0x0000,0x0000,0x0000,
    0x0000,0x0000,0x0000,0x0000,0x0000,0x0000,0x0000,0x0000,0x0000,0x0000,0x0000,0x0000,0x0000,0x0000,0x0000,0x0000,
    0x0000,0x0000,0x0000,0x0000,0x0000,0x0000,0x0000,0x0000,0x0000,0x0000,0x0000,0x0000,0x0000,0x0000,0x0000,0x0000,
    0x0000,0x0000,0x0000,0x0000,0x0000,0x0000,0x0000,0x0000,0x0000,0x0000,0x0000,0x0000,0x0000,0x0000,0x0000,0x0000,
    0x0000,0x0000,0x0000,0x0000,0x0000,0x0000,0x0000,0x0000,0x0000,0x0000,0x0000,0x0000,0x0000,0x0000,0x0000,0x0000,
    0x0000,0x0000,0x0000,0x0000,0x0000,0x0000,0x0000,0x0000,0x0000,0x0000,0x0000,0x0000,0x0000,0x0000,0x0000,0x0000,
    0x0000,0x0000,0x0000,0x0000,0x0000,0x0000,0x0000,0x0000,0x0000,0x0000,0x0000,0x0000,0x0000,0x0000,0x0000,0x0000,
    0x0000,0x0000,0x0000,0x0000,0x0000,0x0000,0x0000,0x0000,0x0000,0x0000,0x0000,0x0000,0x0000,0x0000,0x0000,0x0000,
    0x0000,0x0000,0x0000,0x0000,0x0000,0x0000,0x0000,0x0000,0x0000,0x0000,0x0000,0x0000,0x0000,0x0000,0x0000,0x0000,
    0x0000,0x0000,0x0000,0x0000,0x0000,0x0000,0x0000,0x0000,0x0000,0x0000,0x0000,0x0000,0x0000,0x0000,0x0000,0x0000,
    0x0000,0x0000,0x0000,0x0000,0x0000,0x0000,0x0000,0x0000,0x0000,0x0000,0x0000,0x0000,0x0000,0x0000,0x0000,0x0000,
    0x0000,0x0000,0x0000,0x0000,0x0000,0x0000,0x0000,0x0000,0x0000,0x0000,0x0000,0x0000,0x0000,0x0000,0x0000,0x0000,
    0x0000,0x0000,0x0000,0x0000,0x0000,0x0000,0x0000,0x0000,0x0000,0x0000,0x0000,0x0000,0x0000,0x0000,0x0000,0x0000,
    0x0000,0x0000,0x0000,0x0000,0x0000,0x0000,0x0000,0x0000,0x0000,0x0000,0x0000,0x0000,0x0000,0x0000,0x0000,0x0000,
    0x0000,0x0000,0x0000,0x0000,0x0000,0x0000,0x0000,0x0000,0x0000,0x0000,0x0000,0x0000,0x0000,0x0000,0x0000,0x0000,
    0x0000,0x0000,0x0000,0x0000,0x0000,0x0000,0x0000,0x0000,0x0000,0x0000,0x0000,0x0000,0x0000,0x0000,0x0000,0x0000,
    0x0000,0x0000,0x0000,0x0000,0x0000,0x0000,0x0000,0x0000,0x0000,0x0000,0x0000,0x0000,0x0000,0x0000,0x0000,0x0000,
    0x0000,0x0000,0x0000,0x0000,0x0000,0x0000,0x0000,0x0000,0x0000,0x0000,0x0000,0x0000,0x0000,0x0000,0x0000,0x0000,
    0x0000,0x0000,0x0000,0x0000,0x0000,0x0000,0x0000,0x0000,0x0000,0x0000,0x0000,0x0000,0x0000,0x0000,0x0000,0x0000,
    0x0000,0x0000,0x0000,0x0000,0x0000,0x0000,0x0000,0x0000,0x0000,0x0000,0x0000,0x0000,0x0000,0x0000,0x0000,0x0000,
    0x0000,0x0000,0x0000,0x0000,0x0000,0x0000,0x0000,0x0000,0x0000,0x0000,0x0000,0x0000,0x0000,0x0000,0x0000,0x0000,
    0x0000,0x0000,0x0000,0x0000,0x0000,0x0000,0x0000,0x0000,0x0000,0x0000,0x0000,0x0000,0x0000,0x0000,0x0000,0x0000,
    0x0000,0x0000,0x0000,0x0000,0x0000,0x0000,0x0000,0x0000,0x0000,0x0000,0x0000,0x0000,0x0000,0x0000,0x0000,0x0000,
    0x0000,0x0000,0x0000,0x0000,0x0000,0x0000,0x0000,0x0000,0x0000,0x0000,0x0000,0x0000,0x0000,0x0000,0x0000,0x0000,
    0x0000,0x0000,0x0000,0x0000,0x0000,0x0000,0x0000,0x0000,0x0000,0x0000,0x0000,0x0000,0x0000,0x0000,0x0000,0x0000,
    0x0000,0x0000,0x0000,0x0000,0x0000,0x0000,0x0000,0x0000,0x0000,0x0000,0x0000,0x0000,0x0000,0x0000,0x0000,0x0000,
    0x0000,0x0000,0x0000,0x0000,0x0000,0x0000,0x0000,0x0000,0x0000,0x0000,0x0000,0x0000,0x0000,0x0000,0x0000,0x0000,
    0x0000,0x0000,0x0000,0x0000,0x0000,0x0000,0x0000,0x0000,0x0000,0x0000,0x0000,0x0000,0x0000,0x0000,0x0000,0x0000,
    0x0000,0x0000,0x0000,0x0000,0x0000,0x0000,0x0000,0x0000,0x0000,0x0000,0x0000,0x0000,0x0000,0x0000,0x0000,0x0000,
    0x0000,0x0000,0x0000,0x0000,0x0000,0x0000,0x0000,0x0000,0x0000,0x0000,0x0000,0x0000,0x0000,0x0000,0x0000,0x0000,
    0x0000,0x0000,0x0000,0x0000,0x0000,0x0000,0x0000,0x0000,0x0000,0x0000,0x0000,0x0000,0x0000,0x0000,0x0000,0x0000,
    0x0000,0x0000,0x0000,0x0000,0x0000,0x0000,0x0000,0x0000,0x0000,0x0000,0x0000,0x0000,0x0000,0x0000,0x0000,0x0000,
    0x0000,0x0000,0x0000,0x0000,0x0000,0x0000,0x0000,0x0000,0x0000,0x0000,0x0000,0x0000,0x0000,0x0000,0x0000,0x0000,
    0x0000,0x0000,0x0000,0x0000,0x0000,0x0000,0x0000,0x0000,0x0000,0x0000,0x0000,0x0000,0x0000,0x0000,0x0000,0x0000,
    0x0000,0x0000,0x0000,0x0000,0x0000,0x0000,0x0000,0x0000,0x0000,0x0000,0x0000,0x0000,0x0000,0x0000,0x0000,0x0000,
    0x0000,0x0000,0x0000,0x0000,0x0000,0x0000,0x0000,0x0000,0x0000,0x0000,0x0000,0x0000,0x0000,0x0000,0x0000,0x0000,
    0x0000,0x0000,0x0000,0x0000,0x0000,0x0000,0x0000,0x0000,0x0000,0x0000,0x0000,0x0000,0x0000,0x0000,0x0000,0x0000,
    0x0000,0x0000,0x0000,0x0000,0x0000,0x0000,0x0000,0x0000,0x0000,0x0000,0x0000,0x0000,0x0000,0x0000,0x0000,0x0000,
    0x0000,0x0000,0x0000,0x0000,0x0000,0x0000,0x0000,0x0000,0x0000,0x0000,0x0000,0x0000,0x0000,0x0000,0x0000,0x0000,
    0x0000,0x0000,0x0000,0x0000,0x0000,0x0000,0x0000,0x0000,0x0000,0x0000,0x0000,0x0000,0x0000,0x0000,0x0000,0x0000,
    0x0000,0x0000,0x0000,0x0000,0x0000,0x0000,0x0000,0x0000,0x0000,0x0000,0x0000,0x0000,0x0000,0x0000,0x0000,0x0000,
    0x0000,0x0000,0x0000,0x0000,0x0000,0x0000,0x0000,0x0000,0x0000,0x0000,0x0000,0x0000,0x0000,0x0000,0x0000,0x0000,
    0x0000,0x0000,0x0000,0x0000,0x0000,0x0000,0x0000,0x0000,0x0000,0x0000,0x0000,0x0000,0x0000,0x0000,0x0000,0x0000,
    0x0000,0x0000,0x0000,0x0000,0x0000,0x0000,0x0000,0x0000,0x0000,0x0000,0x0000,0x0000,0x0000,0x0000,0x0000,0x0000,
    0x0000,0x0000,0x0000,0x0000,0x0000,0x0000,0x0000,0x0000,0x0000,0x0000,0x0000,0x0000,0x0000,0x0000,0x0000,0x0000,
    0x0000,0x0000,0x0000,0x0000,0x0000,0x0000,0x0000,0x0000,0x0000,0x0000,0x0000,0x0000,0x0000,0x0000,0x0000,0x0000,
    0x0000,0x0000,0x0000,0x0000,0x0000,0x0000,0x0000,0x0000,0x0000,0x0000,0x0000,0x0000,0x0000,0x0000,0x0000,0x0000,
    0x0000,0x0000,0x0000,0x0000,0x0000,0x0000,0x0000,0x0000,0x0000,0x0000,0x0000,0x0000,0x0000,0x0000,0x0000,0x0000,
    0x0000,0x0000,0x0000,0x0000,0x0000,0x0000,0x0000,0x0000,0x0000,0x0000,0x0000,0x0000,0x0000,0x0000,0x0000,0x0000,
    0x0000,0x0000,0x0000,0x0000,0x0000,0x0000,0x0000,0x0000,0x0000,0x0000,0x0000,0x0000,0x0000,0x0000,0x0000,0x0000,
    0x0000,0x0000,0x0000,0x0000,0x0000,0x0000,0x0000,0x0000,0x0000,0x0000,0x0000,0x0000,0x0000,0x0000,0x0000,0x0000,
    0x0000,0x0000,0x0000,0x0000,0x0000,0x0000,0x0000,0x0000,0x0000,0x0000,0x0000,0x0000,0x0000,0x0000,0x0000,0x0000,
    0x0000,0x0000,0x0000,0x0000,0x0000,0x0000,0x0000,0x0000,0x0000,0x0000,0x0000,0x0000,0x0000,0x0000,0x0000,0x0000,
    0x0000,0x0000,0x0000,0x0000,0x0000,0x0000,0x0000,0x0000,0x0000,0x0000,0x0000,0x0000,0x0000,0x0000,0x0000,0x0000,
    0x0000,0x0000,0x0000,0x0000,0x0000,0x0000,0x0000,0x0000,0x0000,0x0000,0x0000,0x0000,0x0000,0x0000,0x0000,0x0000,
    0x0000,0x0000,0x0000,0x0000,0x0000,0x0000,0x0000,0x0000,0x0000,0x0000,0x0000,0x0000,0x0000,0x0000,0x0000,0x0000,
    0x0000,0x0000,0x0000,0x0000,0x0000,0x0000,0x0000,0x0000,0x0000,0x0000,0x0000,0x0000,0x0000,0x0000,0x0000,0x0000,
    0x0000,0x0000,0x0000,0x0000,0x0000,0x0000,0x0000,0x0000,0x0000,0x0000,0x0000,0x0000,0x0000,0x0000,0x0000,0x0000,
    0x0000,0x0000,0x0000,0x0000,0x0000,0x0000,0x0000,0x0000,0x0000,0x0000,0x0000,0x0000,0x0000,0x0000,0x0000,0x0000,
    0x0000,0x0000,0x0000,0x0000,0x0000,0x0000,0x0000,0x0000,0x0000,0x0000,0x0000,0x0000,0x0000,0x0000,0x0000,0x0000,
    0x0000,0x0000,0x0000,0x0000,0x0000,0x0000,0x0000,0x0000,0x0000,0x0000,0x0000,0x0000,0x0000,0x0000,0x0000,0x0000,
    0x0000,0x0000,0x0000,0x0000,0x0000,0x0000,0x0000,0x0000,0x0000,0x0000,0x0000,0x0000,0x0000,0x0000,0x0000,0x0000,
    0x0000,0x0000,0x0000,0x0000,0x0000,0x0000,0x0000,0x0000,0x0000,0x0000,0x0000,0x0000,0x0000,0x0000,0x0000,0x0000,
    0x0000,0x0000,0x0000,0x0000,0x0000,0x0000,0x0000,0x0000,0x0000,0x0000,0x0000,0x0000,0x0000,0x0000,0x0000,0x0000,
    0x0000,0x0000,0x0000,0x0000,0x0000,0x0000,0x0000,0x0000,0x0000,0x0000,0x0000,0x0000,0x0000,0x0000,0x0000,0x0000,
    0x0000,0x0000,0x0000,0x0000,0x0000,0x0000,0x0000,0x0000,0x0000,0x0000,0x0000,0x0000,0x0000,0x0000,0x0000,0x0000,
    0x0000,0x0000,0x0000,0x0000,0x0000,0x0000,0x0000,0x0000,0x0000,0x0000,0x0000,0x0000,0x0000,0x0000,0x0000,0x0000,
    0x0000,0x0000,0x0000,0x0000,0x0000,0x0000,0x0000,0x0000,0x0000,0x0000,0x0000,0x0000,0x0000,0x0000,0x0000,0x0000,
    0x0000,0x0000,0x0000,0x0000,0x0000,0x0000,0x0000,0x0000,0x0000,0x0000,0x0000,0x0000,0x0000,0x0000,0x0000,0x0000,
    0x0000,0x0000,0x0000,0x0000,0x0000,0x0000,0x0000,0x0000,0x0000,0x0000,0x0000,0x0000,0x0000,0x0000,0x0000,0x0000,
    0x0000,0x0000,0x0000,0x0000,0x0000,0x0000,0x0000,0x0000,0x0000,0x0000,0x0000,0x0000,0x0000,0x0000,0x0000,0x0000,
    0x0000,0x0000,0x0000,0x0000,0x0000,0x0000,0x0000,0x0000,0x0000,0x0000,0x0000,0x0000,0x0000,0x0000,0x0000,0x0000,
    0x0000,0x0000,0x0000,0x0000,0x0000,0x0000,0x0000,0x0000,0x0000,0x0000,0x0000,0x0000,0x0000,0x0000,0x0000,0x0000,
    0x0000,0x0000,0x0000,0x0000,0x0000,0x0000,0x0000,0x0000,0x0000,0x0000,0x0000,0x0000,0x0000,0x0000,0x0000,0x0000,
    0x0000,0x0000,0x0000,0x0000,0x0000,0x0000,0x0000,0x0000,0x0000,0x0000,0x0000,0x0000,0x0000,0x0000,0x0000,0x0000,
    0x0000,0x0000,0x0000,0x0000,0x0000,0x0000,0x0000,0x0000,0x0000,0x0000,0x0000,0x0000,0x0000,0x0000,0x0000,0x0000,
    0x0000,0x0000,0x0000,0x0000,0x0000,0x0000,0x0000,0x0000,0x0000,0x0000,0x0000,0x0000,0x0000,0x0000,0x0000,0x0000,
    0x0000,0x0000,0x0000,0x0000,0x0000,0x0000,0x0000,0x0000,0x0000,0x0000,0x0000,0x0000,0x0000,0x0000,0x0000,0x0000,
    0x0000,0x0000,0x0000,0x0000,0x0000,0x0000,0x0000,0x0000,0x0000,0x0000,0x0000,0x0000,0x0000,0x0000,0x0000,0x0000,
    0x0000,0x0000,0x0000,0x0000,0x0000,0x0000,0x0000,0x0000,0x0000,0x0000,0x0000,0x0000,0x0000,0x0000,0x0000,0x0000,
    0x0000,0x0000,0x0000,0x0000,0x0000,0x0000,0x0000,0x0000,0x0000,0x0000,0x0000,0x0000,0x0000,0x0000,0x0000,0x0000,
    0x0000,0x0000,0x0000,0x0000,0x0000,0x0000,0x0000,0x0000,0x0000,0x0000,0x0000,0x0000,0x0000,0x0000,0x0000,0x0000,
    0x0000,0x0000,0x0000,0x0000,0x0000,0x0000,0x0000,0x0000,0x0000,0x0000,0x0000,0x0000,0x0000,0x0000,0x0000,0x0000,
    0x0000,0x0000,0x0000,0x0000,0x0000,0x0000,0x0000,0x0000,0x0000,0x0000,0x0000,0x0000,0x0000,0x0000,0x0000,0x0000,
    0x0000,0x0000,0x0000,0x0000,0x0000,0x0000,0x0000,0x0000,0x0000,0x0000,0x0000,0x0000,0x0000,0x0000,0x0000,0x0000,
    0x0000,0x0000,0x0000,0x0000,0x0000,0x0000,0x0000,0x0000,0x0000,0x0000,0x0000,0x0000,0x0000,0x0000,0x0000,0x0000,
    0x0000,0x0000,0x0000,0x0000,0x0000,0x0000,0x0000,0x0000,0x0000,0x0000,0x0000,0x0000,0x0000,0x0000,0x0000,0x0000,
    0x0000,0x0000,0x0000,0x0000,0x0000,0x0000,0x0000,0x0000,0x0000,0x0000,0x0000,0x0000,0x0000,0x0000,0x0000,0x0000,
    0x0000,0x0000,0x0000,0x0000,0x0000,0x0000,0x0000,0x0000,0x0000,0x0000,0x0000,0x0000,0x0000,0x0000,0x0000,0x0000,
    0x0000,0x0000,0x0000,0x0000,0x0000,0x0000,0x0000,0x0000,0x0000,0x0000,0x0000,0x0000,0x0000,0x0000,0x0000,0x0000,
    0x0000,0x0000,0x0000,0x0000,0x0000,0x0000,0x0000,0x0000,0x0000,0x0000,0x0000,0x0000,0x0000,0x0000,0x0000,0x0000,
    0x0000,0x0000,0x0000,0x0000,0x0000,0x0000,0x0000,0x0000,0x0000,0x0000,0x0000,0x0000,0x0000,0x0000,0x0000,0x0000,
    0x0000,0x0000,0x0000,0x0000,0x0000,0x0000,0x0000,0x0000,0x0000,0x0000,0x0000,0x0000,0x0000,0x0000,0x0000,0x0000,
    0x0000,0x0000,0x0000,0x0000,0x0000,0x0000,0x0000,0x0000,0x0000,0x0000,0x0000,0x0000,0x0000,0x0000,0x0000,0x0000,
    0x0000,0x0000,0x0000,0x0000,0x0000,0x0000,0x0000,0x0000,0x0000,0x0000,0x0000,0x0000,0x0000,0x0000,0x0000,0x0000,
    0x0000,0x0000,0x0000,0x0000,0x0000,0x0000,0x0000,0x0000,0x0000,0x0000,0x0000,0x0000,0x0000,0x0000,0x0000,0x0000,
    0x0000,0x0000,0x0000,0x0000,0x0000,0x0000,0x0000,0x0000,0x0000,0x0000,0x0000,0x0000,0x0000,0x0000,0x0000,0x0000,
    0x0000,0x0000,0x0000,0x0000,0x0000,0x0000,0x0000,0x0000,0x0000,0x0000,0x0000,0x0000,0x0000,0x0000,0x0000,0x0000,
    0x0000,0x0000,0x0000,0x0000,0x0000,0x0000,0x0000,0x0000,0x0000,0x0000,0x0000,0x0000,0x0000,0x0000,0x0000,0x0000,
    0x0000,0x0000,0x0000,0x0000,0x0000,0x0000,0x0000,0x0000,0x0000,0x0000,0x0000,0x0000,0x0000,0x0000,0x0000,0x0000,
    0x0000,0x0000,0x0000,0x0000,0x0000,0x0000,0x0000,0x0000,0x0000,0x0000,0x0000,0x0000,0x0000,0x0000,0x0000,0x0000,
    0x0000,0x0000,0x0000,0x0000,0x0000,0x0000,0x0000,0x0000,0x0000,0x0000,0x0000,0x0000,0x0000,0x0000,0x0000,0x0000,
    0x0000,0x0000,0x0000,0x0000,0x0000,0x0000,0x0000,0x0000,0x0000,0x0000,0x0000,0x0000,0x0000,0x0000,0x0000,0x0000,
    0x0000,0x0000,0x0000,0x0000,0x0000,0x0000,0x0000,0x0000,0x0000,0x0000,0x0000,0x0000,0x0000,0x0000,0x0000,0x0000,
    0x0000,0x0000,0x0000,0x0000,0x0000,0x0000,0x0000,0x0000,0x0000,0x0000,0x0000,0x0000,0x0000,0x0000,0x0000,0x0000,
    0x0000,0x0000,0x0000,0x0000,0x0000,0x0000,0x0000,0x0000,0x0000,0x0000,0x0000,0x0000,0x0000,0x0000,0x0000,0x0000,
    0x0000,0x0000,0x0000,0x0000,0x0000,0x0000,0x0000,0x0000,0x0000,0x0000,0x0000,0x0000,0x0000,0x0000,0x0000,0x0000,
    0x0000,0x0000,0x0000,0x0000,0x0000,0x0000,0x0000,0x0000,0x0000,0x0000,0x0000,0x0000,0x0000,0x0000,0x0000,0x0000,
    0x0000,0x0000,0x0000,0x0000,0x0000,0x0000,0x0000,0x0000,0x0000,0x0000,0x0000,0x0000,0x0000,0x0000,0x0000,0x0000,
    0x0000,0x0000,0x0000,0x0000,0x0000,0x0000,0x0000,0x0000,0x0000,0x0000,0x0000,0x0000,0x0000,0x0000,0x0000,0x0000,
    0x0000,0x0000,0x0000,0x0000,0x0000,0x0000,0x0000,0x0000,0x0000,0x0000,0x0000,0x0000,0x0000,0x0000,0x0000,0x0000,
    0x0000,0x0000,0x0000,0x0000,0x0000,0x0000,0x0000,0x0000,0x0000,0x0000,0x0000,0x0000,0x0000,0x0000,0x0000,0x0000,
    0x0000,0x0000,0x0000,0x0000,0x0000,0x0000,0x0000,0x0000,0x0000,0x0000,0x0000,0x0000,0x0000,0x0000,0x0000,0x0000,
    0x0000,0x0000,0x0000,0x0000,0x0000,0x0000,0x0000,0x0000,0x0000,0x0000,0x0000,0x0000,0x0000,0x0000,0x0000,0x0000,
    0x0000,0x0000,0x0000,0x0000,0x0000,0x0000,0x0000,0x0000,0x0000,0x0000,0x0000,0x0000,0x0000,0x0000,0x0000,0x0000,
    0x0000,0x0000,0x0000,0x0000,0x0000,0x0000,0x0000,0x0000,0x0000,0x0000,0x0000,0x0000,0x0000,0x0000,0x0000,0x0000,
    0x0000,0x0000,0x0000,0x0000,0x0000,0x0000,0x0000,0x0000,0x0000,0x0000,0x0000,0x0000,0x0000,0x0000,0x0000,0x0000,
    0x0000,0x0000,0x0000,0x0000,0x0000,0x0000,0x0000,0x0000,0x0000,0x0000,0x0000,0x0000,0x0000,0x0000,0x0000,0x0000,
    0x0000,0x0000,0x0000,0x0000,0x0000,0x0000,0x0000,0x0000,0x0000,0x0000,0x0000,0x0000,0x0000,0x0000,0x0000,0x0000,
    0x0000,0x0000,0x0000,0x0000,0x0000,0x0000,0x0000,0x0000,0x0000,0x0000,0x0000,0x0000,0x0000,0x0000,0x0000,0x0000,
    0x0000,0x0000,0x0000,0x0000,0x0000,0x0000,0x0000,0x0000,0x0000,0x0000,0x0000,0x0000,0x0000,0x0000,0x0000,0x0000,
    0x0000,0x0000,0x0000,0x0000,0x0000,0x0000,0x0000,0x0000,0x0000,0x0000,0x0000,0x0000,0x0000,0x0000,0x0000,0x0000,
    0x0000,0x0000,0x0000,0x0000,0x0000,0x0000,0x0000,0x0000,0x0000,0x0000,0x0000,0x0000,0x0000,0x0000,0x0000,0x0000,
    0x0000,0x0000,0x0000,0x0000,0x0000,0x0000,0x0000,0x0000,0x0000,0x0000,0x0000,0x0000,0x0000,0x0000,0x0000,0x0000,
    0x0000,0x0000,0x0000,0x0000,0x0000,0x0000,0x0000,0x0000,0x0000,0x0000,0x0000,0x0000,0x0000,0x0000,0x0000,0x0000,
    0x0000,0x0000,0x0000,0x0000,0x0000,0x0000,0x0000,0x0000,0x0000,0x0000,0x0000,0x0000,0x0000,0x0000,0x0000,0x0000,
    0x0000,0x0000,0x0000,0x0000,0x0000,0x0000,0x0000,0x0000,0x0000,0x0000,0x0000,0x0000,0x0000,0x0000,0x0000,0x0000,
    0x0000,0x0000,0x0000,0x0000,0x0000,0x0000,0x0000,0x0000,0x0000,0x0000,0x0000,0x0000,0x0000,0x0000,0x0000,0x0000,
    0x0000,0x0000,0x0000,0x0000,0x0000,0x0000,0x0000,0x0000,0x0000,0x0000,0x0000,0x0000,0x0000,0x0000,0x0000,0x0000,
    0x0000,0x0000,0x0000,0x0000,0x0000,0x0000,0x0000,0x0000,0x0000,0x0000,0x0000,0x0000,0x0000,0x0000,0x0000,0x0000,
    0x0000,0x0000,0x0000,0x0000,0x0000,0x0000,0x0000,0x0000,0x0000,0x0000,0x0000,0x0000,0x0000,0x0000,0x0000,0x0000,
    0x0000,0x0000,0x0000,0x0000,0x0000,0x0000,0x0000,0x0000,0x0000,0x0000,0x0000,0x0000,0x0000,0x0000,0x0000,0x0000,
    0x0000,0x0000,0x0000,0x0000,0x0000,0x0000,0x0000,0x0000,0x0000,0x0000,0x0000,0x0000,0x0000,0x0000,0x0000,0x0000,
    0x0000,0x0000,0x0000,0x0000,0x0000,0x0000,0x0000,0x0000,0x0000,0x0000,0x0000,0x0000,0x0000,0x0000,0x0000,0x0000,
    0x0000,0x0000,0x0000,0x0000,0x0000,0x0000,0x0000,0x0000,0x0000,0x0000,0x0000,0x0000,0x0000,0x0000,0x0000,0x0000,
    0x0000,0x0000,0x0000,0x0000,0x0000,0x0000,0x0000,0x0000,0x0000,0x0000,0x0000,0x0000,0x0000,0x0000,0x0000,0x0000,
    0x0000,0x0000,0x0000,0x0000,0x0000,0x0000,0x0000,0x0000,0x0000,0x0000,0x0000,0x0000,0x0000,0x0000,0x0000,0x0000,
    0x0000,0x0000,0x0000,0x0000,0x0000,0x0000,0x0000,0x0000,0x0000,0x0000,0x0000,0x0000,0x0000,0x0000,0x0000,0x0000,
    0x0000,0x0000,0x0000,0x0000,0x0000,0x0000,0x0000,0x0000,0x0000,0x0000,0x0000,0x0000,0x0000,0x0000,0x0000,0x0000,
    0x0000,0x0000,0x0000,0x0000,0x0000,0x0000,0x0000,0x0000,0x0000,0x0000,0x0000,0x0000,0x0000,0x0000,0x0000,0x0000,
    0x0000,0x0000,0x0000,0x0000,0x0000,0x0000,0x0000,0x0000,0x0000,0x0000,0x0000,0x0000,0x0000,0x0000,0x0000,0x0000,
    0x0000,0x0000,0x0000,0x0000,0x0000,0x0000,0x0000,0x0000,0x0000,0x0000,0x0000,0x0000,0x0000,0x0000,0x0000,0x0000,
    0x0000,0x0000,0x0000,0x0000,0x0000,0x0000,0x0000,0x0000,0x0000,0x0000,0x0000,0x0000,0x0000,0x0000,0x0000,0x0000,
    0x0000,0x0000,0x0000,0x0000,0x0000,0x0000,0x0000,0x0000,0x0000,0x0000,0x0000,0x0000,0x0000,0x0000,0x0000,0x0000,
    0x0000,0x0000,0x0000,0x0000,0x0000,0x0000,0x0000,0x0000,0x0000,0x0000,0x0000,0x0000,0x0000,0x0000,0x0000,0x0000,
    0x0000,0x0000,0x0000,0x0000,0x0000,0x0000,0x0000,0x0000,0x0000,0x0000,0x0000,0x0000,0x0000,0x0000,0x0000,0x0000,
    0x0000,0x0000,0x0000,0x0000,0x0000,0x0000,0x0000,0x0000,0x0000,0x0000,0x0000,0x0000,0x0000,0x0000,0x0000,0x0000,
    0x0000,0x0000,0x0000,0x0000,0x0000,0x0000,0x0000,0x0000,0x0000,0x0000,0x0000,0x0000,0x0000,0x0000,0x0000,0x0000,
    0x0000,0x0000,0x0000,0x0000,0x0000,0x0000,0x0000,0x0000,0x0000,0x0000,0x0000,0x0000,0x0000,0x0000,0x0000,0x0000,
    0x0000,0x0000,0x0000,0x0000,0x0000,0x0000,0x0000,0x0000,0x0000,0x0000,0x0000,0x0000,0x0000,0x0000,0x0000,0x0000,
    0x0000,0x0000,0x0000,0x0000,0x0000,0x0000,0x0000,0x0000,0x0000,0x0000,0x0000,0x0000,0x0000,0x0000,0x0000,0x0000,
    0x0000,0x0000,0x0000,0x0000,0x0000,0x0000,0x0000,0x0000,0x0000,0x0000,0x0000,0x0000,0x0000,0x0000,0x0000,0x0000,
    0x0000,0x0000,0x0000,0x0000,0x0000,0x0000,0x0000,0x0000,0x0000,0x0000,0x0000,0x0000,0x0000,0x0000,0x0000,0x0000,
    0x0000,0x0000,0x0000,0x0000,0x0000,0x0000,0x0000,0x0000,0x0000,0x0000,0x0000,0x0000,0x0000,0x0000,0x0000,0x0000,
    0x0000,0x0000,0x0000,0x0000,0x0000,0x0000,0x0000,0x0000,0x0000,0x0000,0x0000,0x0000,0x0000,0x0000,0x0000,0x0000,
    0x0000,0x0000,0x0000,0x0000,0x0000,0x0000,0x0000,0x0000,0x0000,0x0000,0x0000,0x0000,0x0000,0x0000,0x0000,0x0000,
    0x0000,0x0000,0x0000,0x0000,0x0000,0x0000,0x0000,0x0000,0x0000,0x0000,0x0000,0x0000,0x0000,0x0000,0x0000,0x0000,
    0x0000,0x0000,0x0000,0x0000,0x0000,0x0000,0x0000,0x0000,0x0000,0x0000,0x0000,0x0000,0x0000,0x0000,0x0000,0x0000,
    0x0000,0x0000,0x0000,0x0000,0x0000,0x0000,0x0000,0x0000,0x0000,0x0000,0x0000,0x0000,0x0000,0x0000,0x0000,0x0000,
    0x0000,0x0000,0x0000,0x0000,0x0000,0x0000,0x0000,0x0000,0x0000,0x0000,0x0000,0x0000,0x0000,0x0000,0x0000,0x0000,
    0x0000,0x0000,0x0000,0x0000,0x0000,0x0000,0x0000,0x0000,0x0000,0x0000,0x0000,0x0000,0x0000,0x0000,0x0000,0x0000,
    0x0000,0x0000,0x0000,0x0000,0x0000,0x0000,0x0000,0x0000,0x0000,0x0000,0x0000,0x0000,0x0000,0x0000,0x0000,0x0000,
    0x0000,0x0000,0x0000,0x0000,0x0000,0x0000,0x0000,0x0000,0x0000,0x0000,0x0000,0x0000,0x0000,0x0000,0x0000,0x0000,
    0x0000,0x0000,0x0000,0x0000,0x0000,0x0000,0x0000,0x0000,0x0000,0x0000,0x0000,0x0000,0x0000,0x0000,0x0000,0x0000,
    0x0000,0x0000,0x0000,0x0000,0x0000,0x0000,0x0000,0x0000,0x0000,0x0000,0x0000,0x0000,0x0000,0x0000,0x0000,0x0000,
    0x0000,0x0000,0x0000,0x0000,0x0000,0x0000,0x0000,0x0000,0x0000,0x0000,0x0000,0x0000,0x0000,0x0000,0x0000,0x0000,
    0x0000,0x0000,0x0000,0x0000,0x0000,0x0000,0x0000,0x0000,0x0000,0x0000,0x0000,0x0000,0x0000,0x0000,0x0000,0x0000,
    0x0000,0x0000,0x0000,0x0000,0x0000,0x0000,0x0000,0x0000,0x0000,0x0000,0x0000,0x0000,0x0000,0x0000,0x0000,0x0000,
    0x0000,0x0000,0x0000,0x0000,0x0000,0x0000,0x0000,0x0000,0x0000,0x0000,0x0000,0x0000,0x0000,0x0000,0x0000,0x0000,
    0x0000,0x0000,0x0000,0x0000,0x0000,0x0000,0x0000,0x0000,0x0000,0x0000,0x0000,0x0000,0x0000,0x0000,0x0000,0x0000,
    0x0000,0x0000,0x0000,0x0000,0x0000,0x0000,0x0000,0x0000,0x0000,0x0000,0x0000,0x0000,0x0000,0x0000,0x0000,0x0000,
    0x0000,0x0000,0x0000,0x0000,0x0000,0x0000,0x0000,0x0000,0x0000,0x0000,0x0000,0x0000,0x0000,0x0000,0x0000,0x0000,
    0x0000,0x0000,0x0000,0x0000,0x0000,0x0000,0x0000,0x0000,0x0000,0x0000,0x0000,0x0000,0x0000,0x0000,0x0000,0x0000,
    0x0000,0x0000,0x0000,0x0000,0x0000,0x0000,0x0000,0x0000,0x0000,0x0000,0x0000,0x0000,0x0000,0x0000,0x0000,0x0000,
    0x0000,0x0000,0x0000,0x0000,0x0000,0x0000,0x0000,0x0000,0x0000,0x0000,0x0000,0x0000,0x0000,0x0000,0x0000,0x0000,
    0x0000,0x0000,0x0000,0x0000,0x0000,0x0000,0x0000,0x0000,0x0000,0x0000,0x0000,0x0000,0x0000,0x0000,0x0000,0x0000,
    0x0000,0x0000,0x0000,0x0000,0x0000,0x0000,0x0000,0x0000,0x0000,0x0000,0x0000,0x0000,0x0000,0x0000,0x0000,0x0000,
    0x0000,0x0000,0x0000,0x0000,0x0000,0x0000,0x0000,0x0000,0x0000,0x0000,0x0000,0x0000,0x0000,0x0000,0x0000,0x0000,
    0x0000,0x0000,0x0000,0x0000,0x0000,0x0000,0x0000,0x0000,0x0000,0x0000,0x0000,0x0000,0x0000,0x0000,0x0000,0x0000,
    0x0000,0x0000,0x0000,0x0000,0x0000,0x0000,0x0000,0x0000,0x0000,0x0000,0x0000,0x0000,0x0000,0x0000,0x0000,0x0000,
    0x0000,0x0000,0x0000,0x0000,0x0000,0x0000,0x0000,0x0000,0x0000,0x0000,0x0000,0x0000,0x0000,0x0000,0x0000,0x0000,
    0x0000,0x0000,0x0000,0x0000,0x0000,0x0000,0x0000,0x0000,0x0000,0x0000,0x0000,0x0000,0x0000,0x0000,0x0000,0x0000,
    0x0000,0x0000,0x0000,0x0000,0x0000,0x0000,0x0000,0x0000,0x0000,0x0000,0x0000,0x0000,0x0000,0x0000,0x0000,0x0000,
    0x0000,0x0000,0x0000,0x0000,0x0000,0x0000,0x0000,0x0000,0x0000,0x0000,0x0000,0x0000,0x0000,0x0000,0x0000,0x0000,
    0x0000,0x0000,0x0000,0x0000,0x0000,0x0000,0x0000,0x0000,0x0000,0x0000,0x0000,0x0000,0x0000,0x0000,0x0000,0x0000,
    0x0000,0x0000,0x0000,0x0000,0x0000,0x0000,0x0000,0x0000,0x0000,0x0000,0x0000,0x0000,0x0000,0x0000,0x0000,0x0000,
    0x0000,0x0000,0x0000,0x0000,0x0000,0x0000,0x0000,0x0000,0x0000,0x0000,0x0000,0x0000,0x0000,0x0000,0x0000,0x0000,
    0x0000,0x0000,0x0000,0x0000,0x0000,0x0000,0x0000,0x0000,0x0000,0x0000,0x0000,0x0000,0x0000,0x0000,0x0000,0x0000,
    0x0000,0x0000,0x0000,0x0000,0x0000,0x0000,0x0000,0x0000,0x0000,0x0000,0x0000,0x0000,0x0000,0x0000,0x0000,0x0000,
    0x0000,0x0000,0x0000,0x0000,0x0000,0x0000,0x0000,0x0000,0x0000,0x0000,0x0000,0x0000,0x0000,0x0000,0x0000,0x0000,
    0x0000,0x0000,0x0000,0x0000,0x0000,0x0000,0x0000,0x0000,0x0000,0x0000,0x0000,0x0000,0x0000,0x0000,0x0000,0x0000,
    0x0000,0x0000,0x0000,0x0000,0x0000,0x0000,0x0000,0x0000,0x0000,0x0000,0x0000,0x0000,0x0000,0x0000,0x0000,0x0000,
    0x0000,0x0000,0x0000,0x0000,0x0000,0x0000,0x0000,0x0000,0x0000,0x0000,0x0000,0x0000,0x0000,0x0000,0x0000,0x0000,
    0x0000,0x0000,0x0000,0x0000,0x0000,0x0000,0x0000,0x0000,0x0000,0x0000,0x0000,0x0000,0x0000,0x0000,0x0000,0x0000,
    0x0000,0x0000,0x0000,0x0000,0x0000,0x0000,0x0000,0x0000,0x0000,0x0000,0x0000,0x0000,0x0000,0x0000,0x0000,0x0000,
    0x0000,0x0000,0x0000,0x0000,0x0000,0x0000,0x0000,0x0000,0x0000,0x0000,0x0000,0x0000,0x0000,0x0000,0x0000,0x0000,
    0x0000,0x0000,0x0000,0x0000,0x0000,0x0000,0x0000,0x0000,0x0000,0x0000,0x0000,0x0000,0x0000,0x0000,0x0000,0x0000,
    0x0000,0x0000,0x0000,0x0000,0x0000,0x0000,0x0000,0x0000,0x0000,0x0000,0x0000,0x0000,0x0000,0x0000,0x0000,0x0000,
    0x0000,0x0000,0x0000,0x0000,0x0000,0x0000,0x0000,0x0000,0x0000,0x0000,0x0000,0x0000,0x0000,0x0000,0x0000,0x0000,
    0x0000,0x0000,0x0000,0x0000,0x0000,0x0000,0x0000,0x0000,0x0000,0x0000,0x0000,0x0000,0x0000,0x0000,0x0000,0x0000,
    0x0000,0x0000,0x0000,0x0000,0x0000,0x0000,0x0000,0x0000,0x0000,0x0000,0x0000,0x0000,0x0000,0x0000,0x0000,0x0000,
    0x0000,0x0000,0x0000,0x0000,0x0000,0x0000,0x0000,0x0000,0x0000,0x0000,0x0000,0x0000,0x0000,0x0000,0x0000,0x0000,
    0x0000,0x0000,0x0000,0x0000,0x0000,0x0000,0x0000,0x0000,0x0000,0x0000,0x0000,0x0000,0x0000,0x0000,0x0000,0x0000,
    0x0000,0x0000,0x0000,0x0000,0x0000,0x0000,0x0000,0x0000,0x0000,0x0000,0x0000,0x0000,0x0000,0x0000,0x0000,0x0000,
    0x0000,0x0000,0x0000,0x0000,0x0000,0x0000,0x0000,0x0000,0x0000,0x0000,0x0000,0x0000,0x0000,0x0000,0x0000,0x0000,
    0x0000,0x0000,0x0000,0x0000,0x0000,0x0000,0x0000,0x0000,0x0000,0x0000,0x0000,0x0000,0x0000,0x0000,0x0000,0x0000,
    0x0000,0x0000,0x0000,0x0000,0x0000,0x0000,0x0000,0x0000,0x0000,0x0000,0x0000,0x0000,0x0000,0x0000,0x0000,0x0000,
    0x0000,0x0000,0x0000,0x0000,0x0000,0x0000,0x0000,0x0000,0x0000,0x0000,0x0000,0x0000,0x0000,0x0000,0x0000,0x0000,
    0x0000,0x0000,0x0000,0x0000,0x0000,0x0000,0x0000,0x0000,0x0000,0x0000,0x0000,0x0000,0x0000,0x0000,0x0000,0x0000,
    0x0000,0x0000,0x0000,0x0000,0x0000,0x0000,0x0000,0x0000,0x0000,0x0000,0x0000,0x0000,0x0000,0x0000,0x0000,0x0000,
    0x0000,0x0000,0x0000,0x0000,0x0000,0x0000,0x0000,0x0000,0x0000,0x0000,0x0000,0x0000,0x0000,0x0000,0x0000,0x0000,
    0x0000,0x0000,0x0000,0x0000,0x0000,0x0000,0x0000,0x0000,0x0000,0x0000,0x0000,0x0000,0x0000,0x0000,0x0000,0x0000,
    0x0000,0x0000,0x0000,0x0000,0x0000,0x0000,0x0000,0x0000,0x0000,0x0000,0x0000,0x0000,0x0000,0x0000,0x0000,0x0000,
    0x0000,0x0000,0x0000,0x0000,0x0000,0x0000,0x0000,0x0000,0x0000,0x0000,0x0000,0x0000,0x0000,0x0000,0x0000,0x0000,
    0x0000,0x0000,0x0000,0x0000,0x0000,0x0000,0x0000,0x0000,0x0000,0x0000,0x0000,0x0000,0x0000,0x0000,0x0000,0x0000,
    0x0000,0x0000,0x0000,0x0000,0x0000,0x0000,0x0000,0x0000,0x0000,0x0000,0x0000,0x0000,0x0000,0x0000,0x0000,0x0000,
    0x0000,0x0000,0x0000,0x0000,0x0000,0x0000,0x0000,0x0000,0x0000,0x0000,0x0000,0x0000,0x0000,0x0000,0x0000,0x0000,
    0x0000,0x0000,0x0000,0x0000,0x0000,0x0000,0x0000,0x0000,0x0000,0x0000,0x0000,0x0000,0x0000,0x0000,0x0000,0x0000,
    0x0000,0x0000,0x0000,0x0000,0x0000,0x0000,0x0000,0x0000,0x0000,0x0000,0x0000,0x0000,0x0000,0x0000,0x0000,0x0000,
    0x0000,0x0000,0x0000,0x0000,0x0000,0x0000,0x0000,0x0000,0x0000,0x0000,0x0000,0x0000,0x0000,0x0000,0x0000,0x0000,
    0x0000,0x0000,0x0000,0x0000,0x0000,0x0000,0x0000,0x0000,0x0000,0x0000,0x0000,0x0000,0x0000,0x0000,0x0000,0x0000,
    0x0000,0x0000,0x0000,0x0000,0x0000,0x0000,0x0000,0x0000,0x0000,0x0000,0x0000,0x0000,0x0000,0x0000,0x0000,0x0000,
    0x0000,0x0000,0x0000,0x0000,0x0000,0x0000,0x0000,0x0000,0x0000,0x0000,0x0000,0x0000,0x0000,0x0000,0x0000,0x0000,
    0x0000,0x0000,0x0000,0x0000,0x0000,0x0000,0x0000,0x0000,0x0000,0x0000,0x0000,0x0000,0x0000,0x0000,0x0000,0x0000,
    0x0000,0x0000,0x0000,0x0000,0x0000,0x0000,0x0000,0x0000,0x0000,0x0000,0x0000,0x0000,0x0000,0x0000,0x0000,0x0000,
    0x0000,0x0000,0x0000,0x0000,0x0000,0x0000,0x0000,0x0000,0x0000,0x0000,0x0000,0x0000,0x0000,0x0000,0x0000,0x0000,
    0x0000,0x0000,0x0000,0x0000,0x0000,0x0000,0x0000,0x0000,0x0000,0x0000,0x0000,0x0000,0x0000,0x0000,0x0000,0x0000,
    0x0000,0x0000,0x0000,0x0000,0x0000,0x0000,0x0000,0x0000,0x0000,0x0000,0x0000,0x0000,0x0000,0x0000,0x0000,0x0000,
    0x0000,0x0000,0x0000,0x0000,0x0000,0x0000,0x0000,0x0000,0x0000,0x0000,0x0000,0x0000,0x0000,0x0000,0x0000,0x0000,
    0x0000,0x0000,0x0000,0x0000,0x0000,0x0000,0x0000,0x0000,0x0000,0x0000,0x0000,0x0000,0x0000,0x0000,0x0000,0x0000,
    0x0000,0x0000,0x0000,0x0000,0x0000,0x0000,0x0000,0x0000,0x0000,0x0000,0x0000,0x0000,0x0000,0x0000,0x0000,0x0000,
    0x0000,0x0000,0x0000,0x0000,0x0000,0x0000,0x0000,0x0000,0x0000,0x0000,0x0000,0x0000,0x0000,0x0000,0x0000,0x0000,
    0x0000,0x0000,0x0000,0x0000,0x0000,0x0000,0x0000,0x0000,0x0000,0x0000,0x0000,0x0000,0x0000,0x0000,0x0000,0x0000,
    0x0000,0x0000,0x0000,0x0000,0x0000,0x0000,0x0000,0x0000,0x0000,0x0000,0x0000,0x0000,0x0000,0x0000,0x0000,0x0000,
    0x0000,0x0000,0x0000,0x0000,0x0000,0x0000,0x0000,0x0000,0x0000,0x0000,0x0000,0x0000,0x0000,0x0000,0x0000,0x0000,
    0x0000,0x0000,0x0000,0x0000,0x0000,0x0000,0x0000,0x0000,0x0000,0x0000,0x0000,0x0000,0x0000,0x0000,0x0000,0x0000,
    0x0000,0x0000,0x0000,0x0000,0x0000,0x0000,0x0000,0x0000,0x0000,0x0000,0x0000,0x0000,0x0000,0x0000,0x0000,0x0000,
    0x0000,0x0000,0x0000,0x0000,0x0000,0x0000,0x0000,0x0000,0x0000,0x0000,0x0000,0x0000,0x0000,0x0000,0x0000,0x0000,
    0x0000,0x0000,0x0000,0x0000,0x0000,0x0000,0x0000,0x0000,0x0000,0x0000,0x0000,0x0000,0x0000,0x0000,0x0000,0x0000,
    0x0000,0x0000,0x0000,0x0000,0x0000,0x0000,0x0000,0x0000,0x0000,0x0000,0x0000,0x0000,0x0000,0x0000,0x0000,0x0000,
    0x0000,0x0000,0x0000,0x0000,0x0000,0x0000,0x0000,0x0000,0x0000,0x0000,0x0000,0x0000,0x0000,0x0000,0x0000,0x0000,
    0x0000,0x0000,0x0000,0x0000,0x0000,0x0000,0x0000,0x0000,0x0000,0x0000,0x0000,0x0000,0x0000,0x0000,0x0000,0x0000,
    0x0000,0x0000,0x0000,0x0000,0x0000,0x0000,0x0000,0x0000,0x0000,0x0000,0x0000,0x0000,0x0000,0x0000,0x0000,0x0000,
    0x0000,0x0000,0x0000,0x0000,0x0000,0x0000,0x0000,0x0000,0x0000,0x0000,0x0000,0x0000,0x0000,0x0000,0x0000,0x0000,
    0x0000,0x0000,0x0000,0x0000,0x0000,0x0000,0x0000,0x0000,0x0000,0x0000,0x0000,0x0000,0x0000,0x0000,0x0000,0x0000,
    0x0000,0x0000,0x0000,0x0000,0x0000,0x0000,0x0000,0x0000,0x0000,0x0000,0x0000,0x0000,0x0000,0x0000,0x0000,0x0000,
    0x0000,0x0000,0x0000,0x0000,0x0000,0x0000,0x0000,0x0000,0x0000,0x0000,0x0000,0x0000,0x0000,0x0000,0x0000,0x0000,
    0x0000,0x0000,0x0000,0x0000,0x0000,0x0000,0x0000,0x0000,0x0000,0x0000,0x0000,0x0000,0x0000,0x0000,0x0000,0x0000,
    0x0000,0x0000,0x0000,0x0000,0x0000,0x0000,0x0000,0x0000,0x0000,0x0000,0x0000,0x0000,0x0000,0x0000,0x0000,0x0000,
    0x0000,0x0000,0x0000,0x0000,0x0000,0x0000,0x0000,0x0000,0x0000,0x0000,0x0000,0x0000,0x0000,0x0000,0x0000,0x0000,
    0x0000,0x0000,0x0000,0x0000,0x0000,0x0000,0x0000,0x0000,0x0000,0x0000,0x0000,0x0000,0x0000,0x0000,0x0000,0x0000,
    0x0000,0x0000,0x0000,0x0000,0x0000,0x0000,0x0000,0x0000,0x0000,0x0000,0x0000,0x0000,0x0000,0x0000,0x0000,0x0000,
    0x0000,0x0000,0x0000,0x0000,0x0000,0x0000,0x0000,0x0000,0x0000,0x0000,0x0000,0x0000,0x0000,0x0000,0x0000,0x0000,
    0x0000,0x0000,0x0000,0x0000,0x0000,0x0000,0x0000,0x0000,0x0000,0x0000,0x0000,0x0000,0x0000,0x0000,0x0000,0x0000,
    0x0000,0x0000,0x0000,0x0000,0x0000,0x0000,0x0000,0x0000,0x0000,0x0000,0x0000,0x0000,0x0000,0x0000,0x0000,0x0000,
    0x0000,0x0000,0x0000,0x0000,0x0000,0x0000,0x0000,0x0000,0x0000,0x0000,0x0000,0x0000,0x0000,0x0000,0x0000,0x0000,
    0x0000,0x0000,0x0000,0x0000,0x0000,0x0000,0x0000,0x0000,0x0000,0x0000,0x0000,0x0000,0x0000,0x0000,0x0000,0x0000,
    0x0000,0x0000,0x0000,0x0000,0x0000,0x0000,0x0000,0x0000,0x0000,0x0000,0x0000,0x0000,0x0000,0x0000,0x0000,0x0000,
    0x0000,0x0000,0x0000,0x0000,0x0000,0x0000,0x0000,0x0000,0x0000,0x0000,0x0000,0x0000,0x0000,0x0000,0x0000,0x0000,
    0x0000,0x0000,0x0000,0x0000,0x0000,0x0000,0x0000,0x0000,0x0000,0x0000,0x0000,0x0000,0x0000,0x0000,0x0000,0x0000,
    0x0000,0x0000,0x0000,0x0000,0x0000,0x0000,0x0000,0x0000,0x0000,0x0000,0x0000,0x0000,0x0000,0x0000,0x0000,0x0000,
    0x0000,0x0000,0x0000,0x0000,0x0000,0x0000,0x0000,0x0000,0x0000,0x0000,0x0000,0x0000,0x0000,0x0000,0x0000,0x0000,
    0x0000,0x0000,0x0000,0x0000,0x0000,0x0000,0x0000,0x0000,0x0000,0x0000,0x0000,0x0000,0x0000,0x0000,0x0000,0x0000,
    0x0000,0x0000,0x0000,0x0000,0x0000,0x0000,0x0000,0x0000,0x0000,0x0000,0x0000,0x0000,0x0000,0x0000,0x0000,0x0000,
    0x0000,0x0000,0x0000,0x0000,0x0000,0x0000,0x0000,0x0000,0x0000,0x0000,0x0000,0x0000,0x0000,0x0000,0x0000,0x0000,
    0x0000,0x0000,0x0000,0x0000,0x0000,0x0000,0x0000,0x0000,0x0000,0x0000,0x0000,0x0000,0x0000,0x0000,0x0000,0x0000,
    0x0000,0x0000,0x0000,0x0000,0x0000,0x0000,0x0000,0x0000,0x0000,0x0000,0x0000,0x0000,0x0000,0x0000,0x0000,0x0000,
    0x0000,0x0000,0x0000,0x0000,0x0000,0x0000,0x0000,0x0000,0x0000,0x0000,0x0000,0x0000,0x0000,0x0000,0x0000,0x0000,
    0x0000,0x0000,0x0000,0x0000,0x0000,0x0000,0x0000,0x0000,0x0000,0x0000,0x0000,0x0000,0x0000,0x0000,0x0000,0x0000,
    0x0000,0x0000,0x0000,0x0000,0x0000,0x0000,0x0000,0x0000,0x0000,0x0000,0x0000,0x0000,0x0000,0x0000,0x0000,0x0000,
    0x0000,0x0000,0x0000,0x0000,0x0000,0x0000,0x0000,0x0000,0x0000,0x0000,0x0000,0x0000,0x0000,0x0000,0x0000,0x0000,
    0x0000,0x0000,0x0000,0x0000,0x0000,0x0000,0x0000,0x0000,0x0000,0x0000,0x0000,0x0000,0x0000,0x0000,0x0000,0x0000,
    0x0000,0x0000,0x0000,0x0000,0x0000,0x0000,0x0000,0x0000,0x0000,0x0000,0x0000,0x0000,0x0000,0x0000,0x0000,0x0000,
    0x0000,0x0000,0x0000,0x0000,0x0000,0x0000,0x0000,0x0000,0x0000,0x0000,0x0000,0x0000,0x0000,0x0000,0x0000,0x0000,
    0x0000,0x0000,0x0000,0x0000,0x0000,0x0000,0x0000,0x0000,0x0000,0x0000,0x0000,0x0000,0x0000,0x0000,0x0000,0x0000,
    0x0000,0x0000,0x0000,0x0000,0x0000,0x0000,0x0000,0x0000,0x0000,0x0000,0x0000,0x0000,0x0000,0x0000,0x0000,0x0000,
    0x0000,0x0000,0x0000,0x0000,0x0000,0x0000,0x0000,0x0000,0x0000,0x0000,0x0000,0x0000,0x0000,0x0000,0x0000,0x0000,
    0x0000,0x0000,0x0000,0x0000,0x0000,0x0000,0x0000,0x0000,0x0000,0x0000,0x0000,0x0000,0x0000,0x0000,0x0000,0x0000,
    0x0000,0x0000,0x0000,0x0000,0x0000,0x0000,0x0000,0x0000,0x0000,0x0000,0x0000,0x0000,0x0000,0x0000,0x0000,0x0000,
    0x0000,0x0000,0x0000,0x0000,0x0000,0x0000,0x0000,0x0000,0x0000,0x0000,0x0000,0x0000,0x0000,0x0000,0x0000,0x0000,
    0x0000,0x0000,0x0000,0x0000,0x0000,0x0000,0x0000,0x0000,0x0000,0x0000,0x0000,0x0000,0x0000,0x0000,0x0000,0x0000,
    0x0000,0x0000,0x0000,0x0000,0x0000,0x0000,0x0000,0x0000,0x0000,0x0000,0x0000,0x0000,0x0000,0x0000,0x0000,0x0000,
    0x0000,0x0000,0x0000,0x0000,0x0000,0x0000,0x0000,0x0000,0x0000,0x0000,0x0000,0x0000,0x0000,0x0000,0x0000,0x0000,
    0x0000,0x0000,0x0000,0x0000,0x0000,0x0000,0x0000,0x0000,0x0000,0x0000,0x0000,0x0000,0x0000,0x0000,0x0000,0x0000,
    0x0000,0x0000,0x0000,0x0000,0x0000,0x0000,0x0000,0x0000,0x0000,0x0000,0x0000,0x0000,0x0000,0x0000,0x0000,0x0000,
    0x0000,0x0000,0x0000,0x0000,0x0000,0x0000,0x0000,0x0000,0x0000,0x0000,0x0000,0x0000,0x0000,0x0000,0x0000,0x0000,
    0x0000,0x0000,0x0000,0x0000,0x0000,0x0000,0x0000,0x0000,0x0000,0x0000,0x0000,0x0000,0x0000,0x0000,0x0000,0x0000,
    0x0000,0x0000,0x0000,0x0000,0x0000,0x0000,0x0000,0x0000,0x0000,0x0000,0x0000,0x0000,0x0000,0x0000,0x0000,0x0000,
    0x0000,0x0000,0x0000,0x0000,0x0000,0x0000,0x0000,0x0000,0x0000,0x0000,0x0000,0x0000,0x0000,0x0000,0x0000,0x0000,
    0x0000,0x0000,0x0000,0x0000,0x0000,0x0000,0x0000,0x0000,0x0000,0x0000,0x0000,0x0000,0x0000,0x0000,0x0000,0x0000,
    0x0000,0x0000,0x0000,0x0000,0x0000,0x0000,0x0000,0x0000,0x0000,0x0000,0x0000,0x0000,0x0000,0x0000,0x0000,0x0000,
    0x0000,0x0000,0x0000,0x0000,0x0000,0x0000,0x0000,0x0000,0x0000,0x0000,0x0000,0x0000,0x0000,0x0000,0x0000,0x0000,
    0x0000,0x0000,0x0000,0x0000,0x0000,0x0000,0x0000,0x0000,0x0000,0x0000,0x0000,0x0000,0x0000,0x0000,0x0000,0x0000,
    0x0000,0x0000,0x0000,0x0000,0x0000,0x0000,0x0000,0x0000,0x0000,0x0000,0x0000,0x0000,0x0000,0x0000,0x0000,0x0000,
    0x0000,0x0000,0x0000,0x0000,0x0000,0x0000,0x0000,0x0000,0x0000,0x0000,0x0000,0x0000,0x0000,0x0000,0x0000,0x0000,
    0x0000,0x0000,0x0000,0x0000,0x0000,0x0000,0x0000,0x0000,0x0000,0x0000,0x0000,0x0000,0x0000,0x0000,0x0000,0x0000,
    0x0000,0x0000,0x0000,0x0000,0x0000,0x0000,0x0000,0x0000,0x0000,0x0000,0x0000,0x0000,0x0000,0x0000,0x0000,0x0000,
    0x0000,0x0000,0x0000,0x0000,0x0000,0x0000,0x0000,0x0000,0x0000,0x0000,0x0000,0x0000,0x0000,0x0000,0x0000,0x0000,
    0x0000,0x0000,0x0000,0x0000,0x0000,0x0000,0x0000,0x0000,0x0000,0x0000,0x0000,0x0000,0x0000,0x0000,0x0000,0x0000,
    0x0000,0x0000,0x0000,0x0000,0x0000,0x0000,0x0000,0x0000,0x0000,0x0000,0x0000,0x0000,0x0000,0x0000,0x0000,0x0000,
    0x0000,0x0000,0x0000,0x0000,0x0000,0x0000,0x0000,0x0000,0x0000,0x0000,0x0000,0x0000,0x0000,0x0000,0x0000,0x0000,
    0x0000,0x0000,0x0000,0x0000,0x0000,0x0000,0x0000,0x0000,0x0000,0x0000,0x0000,0x0000,0x0000,0x0000,0x0000,0x0000,
    0x0000,0x0000,0x0000,0x0000,0x0000,0x0000,0x0000,0x0000,0x0000,0x0000,0x0000,0x0000,0x0000,0x0000,0x0000,0x0000,
    0x0000,0x0000,0x0000,0x0000,0x0000,0x0000,0x0000,0x0000,0x0000,0x0000,0x0000,0x0000,0x0000,0x0000,0x0000,0x0000,
    0x0000,0x0000,0x0000,0x0000,0x0000,0x0000,0x0000,0x0000,0x0000,0x0000,0x0000,0x0000,0x0000,0x0000,0x0000,0x0000,
    0x0000,0x0000,0x0000,0x0000,0x0000,0x0000,0x0000,0x0000,0x0000,0x0000,0x0000,0x0000,0x0000,0x0000,0x0000,0x0000,
    0x0000,0x0000,0x0000,0x0000,0x0000,0x0000,0x0000,0x0000,0x0000,0x0000,0x0000,0x0000,0x0000,0x0000,0x0000,0x0000,
    0x0000,0x0000,0x0000,0x0000,0x0000,0x0000,0x0000,0x0000,0x0000,0x0000,0x0000,0x0000,0x0000,0x0000,0x0000,0x0000,
    0x0000,0x0000,0x0000,0x0000,0x0000,0x0000,0x0000,0x0000,0x0000,0x0000,0x0000,0x0000,0x0000,0x0000,0x0000,0x0000,
    0x0000,0x0000,0x0000,0x0000,0x0000,0x0000,0x0000,0x0000,0x0000,0x0000,0x0000,0x0000,0x0000,0x0000,0x0000,0x0000,
    0x0000,0x0000,0x0000,0x0000,0x0000,0x0000,0x0000,0x0000,0x0000,0x0000,0x0000,0x0000,0x0000,0x0000,0x0000,0x0000,
    0x0000,0x0000,0x0000,0x0000,0x0000,0x0000,0x0000,0x0000,0x0000,0x0000,0x0000,0x0000,0x0000,0x0000,0x0000,0x0000,
    0x0000,0x0000,0x0000,0x0000,0x0000,0x0000,0x0000,0x0000,0x0000,0x0000,0x0000,0x0000,0x0000,0x0000,0x0000,0x0000,
    0x0000,0x0000,0x0000,0x0000,0x0000,0x0000,0x0000,0x0000,0x0000,0x0000,0x0000,0x0000,0x0000,0x0000,0x0000,0x0000,
    0x0000,0x0000,0x0000,0x0000,0x0000,0x0000,0x0000,0x0000,0x0000,0x0000,0x0000,0x0000,0x0000,0x0000,0x0000,0x0000,
    0x0000,0x0000,0x0000,0x0000,0x0000,0x0000,0x0000,0x0000,0x0000,0x0000,0x0000,0x0000,0x0000,0x0000,0x0000,0x0000,
    0x0000,0x0000,0x0000,0x0000,0x0000,0x0000,0x0000,0x0000,0x0000,0x0000,0x0000,0x0000,0x0000,0x0000,0x0000,0x0000,
    0x0000,0x0000,0x0000,0x0000,0x0000,0x0000,0x0000,0x0000,0x0000,0x0000,0x0000,0x0000,0x0000,0x0000,0x0000,0x0000,
    0x0000,0x0000,0x0000,0x0000,0x0000,0x0000,0x0000,0x0000,0x0000,0x0000,0x0000,0x0000,0x0000,0x0000,0x0000,0x0000,
    0x0000,0x0000,0x0000,0x0000,0x0000,0x0000,0x0000,0x0000,0x0000,0x0000,0x0000,0x0000,0x0000,0x0000,0x0000,0x0000,
    0x0000,0x0000,0x0000,0x0000,0x0000,0x0000,0x0000,0x0000,0x0000,0x0000,0x0000,0x0000,0x0000,0x0000,0x0000,0x0000,
    0x0000,0x0000,0x0000,0x0000,0x0000,0x0000,0x0000,0x0000,0x0000,0x0000,0x0000,0x0000,0x0000,0x0000,0x0000,0x0000,
    0x0000,0x0000,0x0000,0x0000,0x0000,0x0000,0x0000,0x0000,0x0000,0x0000,0x0000,0x0000,0x0000,0x0000,0x0000,0x0000,
    0x0000,0x0000,0x0000,0x0000,0x0000,0x0000,0x0000,0x0000,0x0000,0x0000,0x0000,0x0000,0x0000,0x0000,0x0000,0x0000,
    0x0000,0x0000,0x0000,0x0000,0x0000,0x0000,0x0000,0x0000,0x0000,0x0000,0x0000,0x0000,0x0000,0x0000,0x0000,0x0000,
    0x0000,0x0000,0x0000,0x0000,0x0000,0x0000,0x0000,0x0000,0x0000,0x0000,0x0000,0x0000,0x0000,0x0000,0x0000,0x0000,
    0x0000,0x0000,0x0000,0x0000,0x0000,0x0000,0x0000,0x0000,0x0000,0x0000,0x0000,0x0000,0x0000,0x0000,0x0000,0x0000,
    0x0000,0x0000,0x0000,0x0000,0x0000,0x0000,0x0000,0x0000,0x0000,0x0000,0x0000,0x0000,0x0000,0x0000,0x0000,0x0000,
    0x0000,0x0000,0x0000,0x0000,0x0000,0x0000,0x0000,0x0000,0x0000,0x0000,0x0000,0x0000,0x0000,0x0000,0x0000,0x0000,
    0x0000,0x0000,0x0000,0x0000,0x0000,0x0000,0x0000,0x0000,0x0000,0x0000,0x0000,0x0000,0x0000,0x0000,0x0000,0x0000,
    0x0000,0x0000,0x0000,0x0000,0x0000,0x0000,0x0000,0x0000,0x0000,0x0000,0x0000,0x0000,0x0000,0x0000,0x0000,0x0000,
    0x0000,0x0000,0x0000,0x0000,0x0000,0x0000,0x0000,0x0000,0x0000,0x0000,0x0000,0x0000,0x0000,0x0000,0x0000,0x0000,
    0x0000,0x0000,0x0000,0x0000,0x0000,0x0000,0x0000,0x0000,0x0000,0x0000,0x0000,0x0000,0x0000,0x0000,0x0000,0x0000,
    0x0000,0x0000,0x0000,0x0000,0x0000,0x0000,0x0000,0x0000,0x0000,0x0000,0x0000,0x0000,0x0000,0x0000,0x0000,0x0000,
    0x0000,0x0000,0x0000,0x0000,0x0000,0x0000,0x0000,0x0000,0x0000,0x0000,0x0000,0x0000,0x0000,0x0000,0x0000,0x0000,
    0x0000,0x0000,0x0000,0x0000,0x0000,0x0000,0x0000,0x0000,0x0000,0x0000,0x0000,0x0000,0x0000,0x0000,0x0000,0x0000,
    0x0000,0x0000,0x0000,0x0000,0x0000,0x0000,0x0000,0x0000,0x0000,0x0000,0x0000,0x0000,0x0000,0x0000,0x0000,0x0000,
    0x0000,0x0000,0x0000,0x0000,0x0000,0x0000,0x0000,0x0000,0x0000,0x0000,0x0000,0x0000,0x0000,0x0000,0x0000,0x0000,
    0x0000,0x0000,0x0000,0x0000,0x0000,0x0000,0x0000,0x0000,0x0000,0x0000,0x0000,0x0000,0x0000,0x0000,0x0000,0x0000,
    0x0000,0x0000,0x0000,0x0000,0x0000,0x0000,0x0000,0x0000,0x0000,0x0000,0x0000,0x0000,0x0000,0x0000,0x0000,0x0000,
    0x0000,0x0000,0x0000,0x0000,0x0000,0x0000,0x0000,0x0000,0x0000,0x0000,0x0000,0x0000,0x0000,0x0000,0x0000,0x0000,
    0x0000,0x0000,0x0000,0x0000,0x0000,0x0000,0x0000,0x0000,0x0000,0x0000,0x0000,0x0000,0x0000,0x0000,0x0000,0x0000,
    0x0000,0x0000,0x0000,0x0000,0x0000,0x0000,0x0000,0x0000,0x0000,0x0000,0x0000,0x0000,0x0000,0x0000,0x0000,0x0000,
    0x0000,0x0000,0x0000,0x0000,0x0000,0x0000,0x0000,0x0000,0x0000,0x0000,0x0000,0x0000,0x0000,0x0000,0x0000,0x0000,
    0x0000,0x0000,0x0000,0x0000,0x0000,0x0000,0x0000,0x0000,0x0000,0x0000,0x0000,0x0000,0x0000,0x0000,0x0000,0x0000,
    0x0000,0x0000,0x0000,0x0000,0x0000,0x0000,0x0000,0x0000,0x0000,0x0000,0x0000,0x0000,0x0000,0x0000,0x0000,0x0000,
    0x0000,0x0000,0x0000,0x0000,0x0000,0x0000,0x0000,0x0000,0x0000,0x0000,0x0000,0x0000,0x0000,0x0000,0x0000,0x0000,
    0x0000,0x0000,0x0000,0x0000,0x0000,0x0000,0x0000,0x0000,0x0000,0x0000,0x0000,0x0000,0x0000,0x0000,0x0000,0x0000,
    0x0000,0x0000,0x0000,0x0000,0x0000,0x0000,0x0000,0x0000,0x0000,0x0000,0x0000,0x0000,0x0000,0x0000,0x0000,0x0000,
    0x0000,0x0000,0x0000,0x0000,0x0000,0x0000,0x0000,0x0000,0x0000,0x0000,0x0000,0x0000,0x0000,0x0000,0x0000,0x0000,
    0x0000,0x0000,0x0000,0x0000,0x0000,0x0000,0x0000,0x0000,0x0000,0x0000,0x0000,0x0000,0x0000,0x0000,0x0000,0x0000,
    0x0000,0x0000,0x0000,0x0000,0x0000,0x0000,0x0000,0x0000,0x0000,0x0000,0x0000,0x0000,0x0000,0x0000,0x0000,0x0000,
    0x0000,0x0000,0x0000,0x0000,0x0000,0x0000,0x0000,0x0000,0x0000,0x0000,0x0000,0x0000,0x0000,0x0000,0x0000,0x0000,
    0x0000,0x0000,0x0000,0x0000,0x0000,0x0000,0x0000,0x0000,0x0000,0x0000,0x0000,0x0000,0x0000,0x0000,0x0000,0x0000,
    0x0000,0x0000,0x0000,0x0000,0x0000,0x0000,0x0000,0x0000,0x0000,0x0000,0x0000,0x0000,0x0000,0x0000,0x0000,0x0000,
    0x0000,0x0000,0x0000,0x0000,0x0000,0x0000,0x0000,0x0000,0x0000,0x0000,0x0000,0x0000,0x0000,0x0000,0x0000,0x0000,
    0x0000,0x0000,0x0000,0x0000,0x0000,0x0000,0x0000,0x0000,0x0000,0x0000,0x0000,0x0000,0x0000,0x0000,0x0000,0x0000,
    0x0000,0x0000,0x0000,0x0000,0x0000,0x0000,0x0000,0x0000,0x0000,0x0000,0x0000,0x0000,0x0000,0x0000,0x0000,0x0000,
    0x0000,0x0000,0x0000,0x0000,0x0000,0x0000,0x0000,0x0000,0x0000,0x0000,0x0000,0x0000,0x0000,0x0000,0x0000,0x0000,
    0x0000,0x0000,0x0000,0x0000,0x0000,0x0000,0x0000,0x0000,0x0000,0x0000,0x0000,0x0000,0x0000,0x0000,0x0000,0x0000,
    0x0000,0x0000,0x0000,0x0000,0x0000,0x0000,0x0000,0x0000,0x0000,0x0000,0x0000,0x0000,0x0000,0x0000,0x0000,0x0000,
    0x0000,0x0000,0x0000,0x0000,0x0000,0x0000,0x0000,0x0000,0x0000,0x0000,0x0000,0x0000,0x0000,0x0000,0x0000,0x0000,
    0x0000,0x0000,0x0000,0x0000,0x0000,0x0000,0x0000,0x0000,0x0000,0x0000,0x0000,0x0000,0x0000,0x0000,0x0000,0x0000,
    0x0000,0x0000,0x0000,0x0000,0x0000,0x0000,0x0000,0x0000,0x0000,0x0000,0x0000,0x0000,0x0000,0x0000,0x0000,0x0000,
    0x0000,0x0000,0x0000,0x0000,0x0000,0x0000,0x0000,0x0000,0x0000,0x0000,0x0000,0x0000,0x0000,0x0000,0x0000,0x0000,
    0x0000,0x0000,0x0000,0x0000,0x0000,0x0000,0x0000,0x0000,0x0000,0x0000,0x0000,0x0000,0x0000,0x0000,0x0000,0x0000,
    0x0000,0x0000,0x0000,0x0000,0x0000,0x0000,0x0000,0x0000,0x0000,0x0000,0x0000,0x0000,0x0000,0x0000,0x0000,0x0000,
    0x0000,0x0000,0x0000,0x0000,0x0000,0x0000,0x0000,0x0000,0x0000,0x0000,0x0000,0x0000,0x0000,0x0000,0x0000,0x0000,
    0x0000,0x0000,0x0000,0x0000,0x0000,0x0000,0x0000,0x0000,0x0000,0x0000,0x0000,0x0000,0x0000,0x0000,0x0000,0x0000,
    0x0000,0x0000,0x0000,0x0000,0x0000,0x0000,0x0000,0x0000,0x0000,0x0000,0x0000,0x0000,0x0000,0x0000,0x0000,0x0000,
    0x0000,0x0000,0x0000,0x0000,0x0000,0x0000,0x0000,0x0000,0x0000,0x0000,0x0000,0x0000,0x0000,0x0000,0x0000,0x0000,
    0x0000,0x0000,0x0000,0x0000,0x0000,0x0000,0x0000,0x0000,0x0000,0x0000,0x0000,0x0000,0x0000,0x0000,0x0000,0x0000,
    0x0000,0x0000,0x0000,0x0000,0x0000,0x0000,0x0000,0x0000,0x0000,0x0000,0x0000,0x0000,0x0000,0x0000,0x0000,0x0000,
    0x0000,0x0000,0x0000,0x0000,0x0000,0x0000,0x0000,0x0000,0x0000,0x0000,0x0000,0x0000,0x0000,0x0000,0x0000,0x0000,
    0x0000,0x0000,0x0000,0x0000,0x0000,0x0000,0x0000,0x0000,0x0000,0x0000,0x0000,0x0000,0x0000,0x0000,0x0000,0x0000,
    0x0000,0x0000,0x0000,0x0000,0x0000,0x0000,0x0000,0x0000,0x0000,0x0000,0x0000,0x0000,0x0000,0x0000,0x0000,0x0000,
    0x0000,0x0000,0x0000,0x0000,0x0000,0x0000,0x0000,0x0000,0x0000,0x0000,0x0000,0x0000,0x0000,0x0000,0x0000,0x0000,
    0x0000,0x0000,0x0000,0x0000,0x0000,0x0000,0x0000,0x0000,0x0000,0x0000,0x0000,0x0000,0x0000,0x0000,0x0000,0x0000,
    0x0000,0x0000,0x0000,0x0000,0x0000,0x0000,0x0000,0x0000,0x0000,0x0000,0x0000,0x0000,0x0000,0x0000,0x0000,0x0000,
    0x0000,0x0000,0x0000,0x0000,0x0000,0x0000,0x0000,0x0000,0x0000,0x0000,0x0000,0x0000,0x0000,0x0000,0x0000,0x0000,
    0x0000,0x0000,0x0000,0x0000,0x0000,0x0000,0x0000,0x0000,0x0000,0x0000,0x0000,0x0000,0x0000,0x0000,0x0000,0x0000,
    0x0000,0x0000,0x0000,0x0000,0x0000,0x0000,0x0000,0x0000,0x0000,0x0000,0x0000,0x0000,0x0000,0x0000,0x0000,0x0000,
    0x0000,0x0000,0x0000,0x0000,0x0000,0x0000,0x0000,0x0000,0x0000,0x0000,0x0000,0x0000,0x0000,0x0000,0x0000,0x0000,
    0x0000,0x0000,0x0000,0x0000,0x0000,0x0000,0x0000,0x0000,0x0000,0x0000,0x0000,0x0000,0x0000,0x0000,0x0000,0x0000,
    0x0000,0x0000,0x0000,0x0000,0x0000,0x0000,0x0000,0x0000,0x0000,0x0000,0x0000,0x0000,0x0000,0x0000,0x0000,0x0000,
    0x0000,0x0000,0x0000,0x0000,0x0000,0x0000,0x0000,0x0000,0x0000,0x0000,0x0000,0x0000,0x0000,0x0000,0x0000,0x0000,
    0x0000,0x0000,0x0000,0x0000,0x0000,0x0000,0x0000,0x0000,0x0000,0x0000,0x0000,0x0000,0x0000,0x0000,0x0000,0x0000,
    0x0000,0x0000,0x0000,0x0000,0x0000,0x0000,0x0000,0x0000,0x0000,0x0000,0x0000,0x0000,0x0000,0x0000,0x0000,0x0000,
    0x0000,0x0000,0x0000,0x0000,0x0000,0x0000,0x0000,0x0000,0x0000,0x0000,0x0000,0x0000,0x0000,0x0000,0x0000,0x0000,
    0x0000,0x0000,0x0000,0x0000,0x0000,0x0000,0x0000,0x0000,0x0000,0x0000,0x0000,0x0000,0x0000,0x0000,0x0000,0x0000,
    0x0000,0x0000,0x0000,0x0000,0x0000,0x0000,0x0000,0x0000,0x0000,0x0000,0x0000,0x0000,0x0000,0x0000,0x0000,0x0000,
    0x0000,0x0000,0x0000,0x0000,0x0000,0x0000,0x0000,0x0000,0x0000,0x0000,0x0000,0x0000,0x0000,0x0000,0x0000,0x0000,
    0x0000,0x0000,0x0000,0x0000,0x0000,0x0000,0x0000,0x0000,0x0000,0x0000,0x0000,0x0000,0x0000,0x0000,0x0000,0x0000,
    0x0000,0x0000,0x0000,0x0000,0x0000,0x0000,0x0000,0x0000,0x0000,0x0000,0x0000,0x0000,0x0000,0x0000,0x0000,0x0000,
    0x0000,0x0000,0x0000,0x0000,0x0000,0x0000,0x0000,0x0000,0x0000,0x0000,0x0000,0x0000,0x0000,0x0000,0x0000,0x0000,
    0x0000,0x0000,0x0000,0x0000,0x0000,0x0000,0x0000,0x0000,0x0000,0x0000,0x0000,0x0000,0x0000,0x0000,0x0000,0x0000,
    0x0000,0x0000,0x0000,0x0000,0x0000,0x0000,0x0000,0x0000,0x0000,0x0000,0x0000,0x0000,0x0000,0x0000,0x0000,0x0000,
    0x0000,0x0000,0x0000,0x0000,0x0000,0x0000,0x0000,0x0000,0x0000,0x0000,0x0000,0x0000,0x0000,0x0000,0x0000,0x0000,
    0x0000,0x0000,0x0000,0x0000,0x0000,0x0000,0x0000,0x0000,0x0000,0x0000,0x0000,0x0000,0x0000,0x0000,0x0000,0x0000,
    0x0000,0x0000,0x0000,0x0000,0x0000,0x0000,0x0000,0x0000,0x0000,0x0000,0x0000,0x0000,0x0000,0x0000,0x0000,0x0000,
    0x0000,0x0000,0x0000,0x0000,0x0000,0x0000,0x0000,0x0000,0x0000,0x0000,0x0000,0x0000,0x0000,0x0000,0x0000,0x0000,
    0x0000,0x0000,0x0000,0x0000,0x0000,0x0000,0x0000,0x0000,0x0000,0x0000,0x0000,0x0000,0x0000,0x0000,0x0000,0x0000,
    0x0000,0x0000,0x0000,0x0000,0x0000,0x0000,0x0000,0x0000,0x0000,0x0000,0x0000,0x0000,0x0000,0x0000,0x0000,0x0000,
    0x0000,0x0000,0x0000,0x0000,0x0000,0x0000,0x0000,0x0000,0x0000,0x0000,0x0000,0x0000,0x0000,0x0000,0x0000,0x0000,
    0x0000,0x0000,0x0000,0x0000,0x0000,0x0000,0x0000,0x0000,0x0000,0x0000,0x0000,0x0000,0x0000,0x0000,0x0000,0x0000,
    0x0000,0x0000,0x0000,0x0000,0x0000,0x0000,0x0000,0x0000,0x0000,0x0000,0x0000,0x0000,0x0000,0x0000,0x0000,0x0000,
    0x0000,0x0000,0x0000,0x0000,0x0000,0x0000,0x0000,0x0000,0x0000,0x0000,0x0000,0x0000,0x0000,0x0000,0x0000,0x0000,
    0x0000,0x0000,0x0000,0x0000,0x0000,0x0000,0x0000,0x0000,0x0000,0x0000,0x0000,0x0000,0x0000,0x0000,0x0000,0x0000,
    0x0000,0x0000,0x0000,0x0000,0x0000,0x0000,0x0000,0x0000,0x0000,0x0000,0x0000,0x0000,0x0000,0x0000,0x0000,0x0000,
    0x0000,0x0000,0x0000,0x0000,0x0000,0x0000,0x0000,0x0000,0x0000,0x0000,0x0000,0x0000,0x0000,0x0000,0x0000,0x0000,
    0x0000,0x0000,0x0000,0x0000,0x0000,0x0000,0x0000,0x0000,0x0000,0x0000,0x0000,0x0000,0x0000,0x0000,0x0000,0x0000,
    0x0000,0x0000,0x0000,0x0000,0x0000,0x0000,0x0000,0x0000,0x0000,0x0000,0x0000,0x0000,0x0000,0x0000,0x0000,0x0000,
    0x0000,0x0000,0x0000,0x0000,0x0000,0x0000,0x0000,0x0000,0x0000,0x0000,0x0000,0x0000,0x0000,0x0000,0x0000,0x0000,
    0x0000,0x0000,0x0000,0x0000,0x0000,0x0000,0x0000,0x0000,0x0000,0x0000,0x0000,0x0000,0x0000,0x0000,0x0000,0x0000,
    0x0000,0x0000,0x0000,0x0000,0x0000,0x0000,0x0000,0x0000,0x0000,0x0000,0x0000,0x0000,0x0000,0x0000,0x0000,0x0000,
    0x0000,0x0000,0x0000,0x0000,0x0000,0x0000,0x0000,0x0000,0x0000,0x0000,0x0000,0x0000,0x0000,0x0000,0x0000,0x0000,
    0x0000,0x0000,0x0000,0x0000,0x0000,0x0000,0x0000,0x0000,0x0000,0x0000,0x0000,0x0000,0x0000,0x0000,0x0000,0x0000,
    0x0000,0x0000,0x0000,0x0000,0x0000,0x0000,0x0000,0x0000,0x0000,0x0000,0x0000,0x0000,0x0000,0x0000,0x0000,0x0000,
    0x0000,0x0000,0x0000,0x0000,0x0000,0x0000,0x0000,0x0000,0x0000,0x0000,0x0000,0x0000,0x0000,0x0000,0x0000,0x0000,
    0x0000,0x0000,0x0000,0x0000,0x0000,0x0000,0x0000,0x0000,0x0000,0x0000,0x0000,0x0000,0x0000,0x0000,0x0000,0x0000,
    0x0000,0x0000,0x0000,0x0000,0x0000,0x0000,0x0000,0x0000,0x0000,0x0000,0x0000,0x0000,0x0000,0x0000,0x0000,0x0000,
    0x0000,0x0000,0x0000,0x0000,0x0000,0x0000,0x0000,0x0000,0x0000,0x0000,0x0000,0x0000,0x0000,0x0000,0x0000,0x0000,
    0x0000,0x0000,0x0000,0x0000,0x0000,0x0000,0x0000,0x0000,0x0000,0x0000,0x0000,0x0000,0x0000,0x0000,0x0000,0x0000,
};

/*
 * QuickBoot firmwares table. Selected by get_firmware_firmware_ddr() in
 * firmware_ddr_modalix.c when sima_ddr_quickboot_active() returns 1.
 *
 * Slot layout matches the cold-boot firmwares_firmware_ddr_modalix[]
 * structure so init-sequence references (PHY_INIT_TYPE_FIRMWARE .value=N)
 * resolve to the same kinds of payloads. Every payload pointer is to a
 * QB-OWNED array — no extern references to cold-boot data.
 *   [0] = QB IMEM at 0x50000 (PMU code — QB-specific)
 *   [1] = QB DMEM at 0x58000 (independent copy; per-controller patched
 *         by ddr_tuning.c before each warm-boot firmware load)
 *   [2], [3] = NULL placeholders to keep size == PHY_DDR_FIRMWARE_NUM
 */
firmware_t qb_firmwares_firmware_ddr_modalix[] = {
    {
        .values=&qb_firmware_ddr_modalix_2D_0_values[0],
        .addr=0x50000,
        .size=ARRAY_SIZE(qb_firmware_ddr_modalix_2D_0_values)
    },
    {
        .values=&qb_firmware_ddr_modalix_2D_1_values[0],
        .addr=0x58000,
        .size=ARRAY_SIZE(qb_firmware_ddr_modalix_2D_1_values)
    },
#if ((DIAGNOSTIC_TEST == 4) || (DIAGNOSTIC_TEST == 5) || (DIAGNOSTIC_TEST == 6))
    {
        .values=&firmware_ddr_modalix_2D_2_values[0],
        .addr=0x50000,
        .size=ARRAY_SIZE(firmware_ddr_modalix_2D_2_values)
    },
    {
        .values=&firmware_ddr_modalix_2D_3_values[0],
        .addr=0x58200,
        .size=ARRAY_SIZE(firmware_ddr_modalix_2D_3_values)
    },
#endif
    {
        .values=NULL,
        .addr=0x50000,
        .size=0
    },
    {
        .values=NULL,
        .addr=0x54000,
        .size=0
    },
};

const unsigned int qb_firmwares_firmware_ddr_modalix_count =
    ARRAY_SIZE(qb_firmwares_firmware_ddr_modalix);
